[12二月2026 17:12:59.987] [main/INFO] [cpw.mods.modlauncher.Launcher/MODLAUNCHER]: ModLauncher running: args [--mixin.config, lotrfa.mixins.json, --gameDir, ., --launchTarget, fmluserdevclient, --fml.mcpVersion, 20210115.111550, --fml.mcVersion, 1.16.5, --fml.forgeGroup, net.minecraftforge, --fml.forgeVersion, 36.2.42, --assetIndex, 1.16, --assetsDir, C:\Users\ASUS\.gradle\caches\forge_gradle\assets, --version, MOD_DEV, --username, Dev, --accessToken, ❄❄❄❄❄❄❄❄, --userProperties, {}]
[12二月2026 17:12:59.998] [main/INFO] [cpw.mods.modlauncher.Launcher/MODLAUNCHER]: ModLauncher 8.1.3+8.1.3+main-8.1.x.c94d18ec starting: java version 1.8.0_461 by Oracle Corporation
[12二月2026 17:13:00.008] [main/DEBUG] [cpw.mods.modlauncher.LaunchServiceHandler/MODLAUNCHER]: Found launch services [minecraft,fmldevdata,fmldevclient,fmldevserver,fmluserdevserver,testharness,fmluserdevdata,fmlclient,fmluserdevclient,fmlserver]
[12二月2026 17:13:00.019] [main/DEBUG] [cpw.mods.modlauncher.NameMappingServiceHandler/MODLAUNCHER]: Found naming services : [srgtomcp]
[12二月2026 17:13:00.051] [main/DEBUG] [cpw.mods.modlauncher.LaunchPluginHandler/MODLAUNCHER]: Found launch plugins: [mixin,eventbus,object_holder_definalize,runtime_enum_extender,accesstransformer,capability_inject_definalize,runtimedistcleaner]
[12二月2026 17:13:00.051] [main/DEBUG] [cpw.mods.modlauncher.TransformationServicesHandler/MODLAUNCHER]: Discovering transformation services
[12二月2026 17:13:00.064] [main/DEBUG] [cpw.mods.modlauncher.TransformationServicesHandler/MODLAUNCHER]: Found additional transformation services from discovery services: []
[12二月2026 17:13:00.094] [main/DEBUG] [cpw.mods.modlauncher.TransformationServicesHandler/MODLAUNCHER]: Found transformer services : [mixin,fml]
[12二月2026 17:13:00.094] [main/DEBUG] [cpw.mods.modlauncher.TransformationServicesHandler/MODLAUNCHER]: Transformation services loading
[12二月2026 17:13:00.094] [main/DEBUG] [cpw.mods.modlauncher.TransformationServiceDecorator/MODLAUNCHER]: Loading service mixin
[12二月2026 17:13:00.094] [main/DEBUG] [cpw.mods.modlauncher.TransformationServiceDecorator/MODLAUNCHER]: Loaded service mixin
[12二月2026 17:13:00.094] [main/DEBUG] [cpw.mods.modlauncher.TransformationServiceDecorator/MODLAUNCHER]: Loading service fml
[12二月2026 17:13:00.094] [main/DEBUG] [net.minecraftforge.fml.loading.FMLServiceProvider/]: Injecting tracing printstreams for STDOUT/STDERR.
[12二月2026 17:13:00.096] [main/DEBUG] [net.minecraftforge.fml.loading.LauncherVersion/CORE]: Found FMLLauncher version 36.2
[12二月2026 17:13:00.096] [main/DEBUG] [net.minecraftforge.fml.loading.FMLLoader/CORE]: FML 36.2 loading
[12二月2026 17:13:00.096] [main/DEBUG] [net.minecraftforge.fml.loading.FMLLoader/CORE]: FML found ModLauncher version : 8.1.3+8.1.3+main-8.1.x.c94d18ec
[12二月2026 17:13:00.096] [main/DEBUG] [net.minecraftforge.fml.loading.FMLLoader/CORE]: Initializing modjar URL handler
[12二月2026 17:13:00.098] [main/DEBUG] [net.minecraftforge.fml.loading.FMLLoader/CORE]: FML found AccessTransformer version : 3.0.1+61+master.47bca0e
[12二月2026 17:13:00.098] [main/DEBUG] [net.minecraftforge.fml.loading.FMLLoader/CORE]: FML found EventBus version : 4.0.0+65+master.6080a3f
[12二月2026 17:13:00.098] [main/DEBUG] [net.minecraftforge.fml.loading.FMLLoader/CORE]: Found Runtime Dist Cleaner
[12二月2026 17:13:00.098] [main/DEBUG] [net.minecraftforge.fml.loading.FMLLoader/CORE]: FML found CoreMod version : 4.0.6+14+master.c21a551
[12二月2026 17:13:00.102] [main/DEBUG] [net.minecraftforge.fml.loading.FMLLoader/CORE]: Found ForgeSPI package implementation version 3.2.0+13+master.8ddb2cc
[12二月2026 17:13:00.102] [main/DEBUG] [net.minecraftforge.fml.loading.FMLLoader/CORE]: Found ForgeSPI package specification 3
[12二月2026 17:13:00.415] [main/INFO] [net.minecraftforge.fml.loading.FixSSL/CORE]: Added Lets Encrypt root certificates as additional trust
[12二月2026 17:13:00.415] [main/DEBUG] [cpw.mods.modlauncher.TransformationServiceDecorator/MODLAUNCHER]: Loaded service fml
[12二月2026 17:13:00.415] [main/DEBUG] [cpw.mods.modlauncher.TransformationServicesHandler/MODLAUNCHER]: Configuring option handling for services
[12二月2026 17:13:00.423] [main/DEBUG] [cpw.mods.modlauncher.TransformationServicesHandler/MODLAUNCHER]: Transformation services initializing
[12二月2026 17:13:00.423] [main/DEBUG] [cpw.mods.modlauncher.TransformationServiceDecorator/MODLAUNCHER]: Initializing transformation service mixin
[12二月2026 17:13:00.438] [main/DEBUG] [mixin/]: Mixin bootstrap service org.spongepowered.asm.service.mojang.MixinServiceLaunchWrapperBootstrap is not available: LaunchWrapper is not available
[12二月2026 17:13:00.438] [main/DEBUG] [mixin/]: MixinService [ModLauncher] was successfully booted in sun.misc.Launcher$AppClassLoader@58d25a40
[12二月2026 17:13:00.446] [main/INFO] [mixin/]: SpongePowered MIXIN Subsystem Version=0.8.4 Source=file:/C:/Users/ASUS/.gradle/caches/modules-2/files-2.1/org.spongepowered/mixin/0.8.4/4ec7d77d9ab32596ca0b78bb123956734767e3a/mixin-0.8.4.jar Service=ModLauncher Env=CLIENT
[12二月2026 17:13:00.446] [main/DEBUG] [mixin/]: Initialising Mixin Platform Manager
[12二月2026 17:13:00.446] [main/DEBUG] [mixin/]: Adding mixin platform agents for container ModLauncher Root Container(ModLauncher:4f56a0a2)
[12二月2026 17:13:00.446] [main/DEBUG] [mixin/]: Instancing new MixinPlatformAgentMinecraftForge for ModLauncher Root Container(ModLauncher:4f56a0a2)
[12二月2026 17:13:00.446] [main/DEBUG] [mixin/]: MixinPlatformAgentMinecraftForge rejected container ModLauncher Root Container(ModLauncher:4f56a0a2)
[12二月2026 17:13:00.446] [main/DEBUG] [mixin/]: Instancing new MixinPlatformAgentDefault for ModLauncher Root Container(ModLauncher:4f56a0a2)
[12二月2026 17:13:00.446] [main/DEBUG] [mixin/]: MixinPlatformAgentDefault accepted container ModLauncher Root Container(ModLauncher:4f56a0a2)
[12二月2026 17:13:00.446] [main/DEBUG] [cpw.mods.modlauncher.TransformationServiceDecorator/MODLAUNCHER]: Initialized transformation service mixin
[12二月2026 17:13:00.446] [main/DEBUG] [cpw.mods.modlauncher.TransformationServiceDecorator/MODLAUNCHER]: Initializing transformation service fml
[12二月2026 17:13:00.462] [main/DEBUG] [net.minecraftforge.fml.loading.FMLServiceProvider/CORE]: Setting up basic FML game directories
[12二月2026 17:13:00.462] [main/DEBUG] [net.minecraftforge.fml.loading.FileUtils/CORE]: Found existing GAMEDIR directory : E:\MinecraftMods\LOTRFA\run
[12二月2026 17:13:00.462] [main/DEBUG] [net.minecraftforge.fml.loading.FMLPaths/CORE]: Path GAMEDIR is E:\MinecraftMods\LOTRFA\run
[12二月2026 17:13:00.462] [main/DEBUG] [net.minecraftforge.fml.loading.FileUtils/CORE]: Found existing MODSDIR directory : E:\MinecraftMods\LOTRFA\run\mods
[12二月2026 17:13:00.462] [main/DEBUG] [net.minecraftforge.fml.loading.FMLPaths/CORE]: Path MODSDIR is E:\MinecraftMods\LOTRFA\run\mods
[12二月2026 17:13:00.462] [main/DEBUG] [net.minecraftforge.fml.loading.FileUtils/CORE]: Found existing CONFIGDIR directory : E:\MinecraftMods\LOTRFA\run\config
[12二月2026 17:13:00.462] [main/DEBUG] [net.minecraftforge.fml.loading.FMLPaths/CORE]: Path CONFIGDIR is E:\MinecraftMods\LOTRFA\run\config
[12二月2026 17:13:00.464] [main/DEBUG] [net.minecraftforge.fml.loading.FMLPaths/CORE]: Path FMLCONFIG is E:\MinecraftMods\LOTRFA\run\config\fml.toml
[12二月2026 17:13:00.464] [main/DEBUG] [net.minecraftforge.fml.loading.FMLServiceProvider/CORE]: Loading configuration
[12二月2026 17:13:00.495] [main/DEBUG] [net.minecraftforge.fml.loading.FileUtils/CORE]: Found existing default config directory directory : E:\MinecraftMods\LOTRFA\run\defaultconfigs
[12二月2026 17:13:00.495] [main/DEBUG] [net.minecraftforge.fml.loading.FMLServiceProvider/CORE]: Preparing ModFile
[12二月2026 17:13:00.498] [main/DEBUG] [net.minecraftforge.fml.loading.FMLServiceProvider/CORE]: Preparing launch handler
[12二月2026 17:13:00.498] [main/DEBUG] [net.minecraftforge.fml.loading.FMLLoader/CORE]: Using fmluserdevclient as launch service
[12二月2026 17:13:01.090] [main/DEBUG] [net.minecraftforge.fml.loading.FMLLoader/CORE]: Received command line version data  : MC Version: '1.16.5' MCP Version: '20210115.111550' Forge Version: '36.2.42' Forge group: 'net.minecraftforge'
[12二月2026 17:13:01.100] [main/DEBUG] [net.minecraftforge.fml.loading.LibraryFinder/CORE]: Found JAR forge at path C:\Users\ASUS\.gradle\caches\forge_gradle\minecraft_user_repo\net\minecraftforge\forge\1.16.5-36.2.42_mapped_official_1.16.5\forge-1.16.5-36.2.42_mapped_official_1.16.5-recomp.jar
[12二月2026 17:13:01.100] [main/DEBUG] [net.minecraftforge.fml.loading.LibraryFinder/CORE]: Found JAR mcdata at path C:\Users\ASUS\.gradle\caches\forge_gradle\minecraft_repo\versions\1.16.5\client-extra.jar
[12二月2026 17:13:01.100] [main/DEBUG] [net.minecraftforge.userdev.FMLUserdevLaunchProvider/CORE]: Injecting maven path C:\Users\ASUS\.gradle\caches\forge_gradle\minecraft_user_repo
[12二月2026 17:13:01.100] [main/DEBUG] [net.minecraftforge.fml.loading.FMLCommonLaunchHandler/CORE]: Got mod coordinates lotrfa%%E:\MinecraftMods\LOTRFA\build\resources\main;lotrfa%%E:\MinecraftMods\LOTRFA\build\classes\java\main from env
[12二月2026 17:13:01.100] [main/DEBUG] [net.minecraftforge.fml.loading.FMLCommonLaunchHandler/CORE]: Found supplied mod coordinates [{lotrfa=[E:\MinecraftMods\LOTRFA\build\resources\main, E:\MinecraftMods\LOTRFA\build\classes\java\main]}]
[12二月2026 17:13:01.100] [main/DEBUG] [net.minecraftforge.fml.loading.LanguageLoadingProvider/CORE]: Found 2 language providers
[12二月2026 17:13:01.100] [main/DEBUG] [net.minecraftforge.fml.loading.LanguageLoadingProvider/CORE]: Found language provider javafml, version 36.2
[12二月2026 17:13:01.100] [main/DEBUG] [net.minecraftforge.fml.loading.LanguageLoadingProvider/CORE]: Found language provider minecraft, version 1
[12二月2026 17:13:01.100] [main/DEBUG] [net.minecraftforge.fml.loading.LanguageLoadingProvider/CORE]: Skipping adding forge jar - javafml is already present
[12二月2026 17:13:01.100] [main/DEBUG] [cpw.mods.modlauncher.TransformationServiceDecorator/MODLAUNCHER]: Initialized transformation service fml
[12二月2026 17:13:01.100] [main/DEBUG] [cpw.mods.modlauncher.NameMappingServiceHandler/MODLAUNCHER]: Current naming domain is 'mcp'
[12二月2026 17:13:01.100] [main/DEBUG] [cpw.mods.modlauncher.NameMappingServiceHandler/MODLAUNCHER]: Identified name mapping providers {srg=srgtomcp:1234}
[12二月2026 17:13:01.100] [main/DEBUG] [cpw.mods.modlauncher.TransformationServicesHandler/MODLAUNCHER]: Transformation services begin scanning
[12二月2026 17:13:01.116] [main/DEBUG] [cpw.mods.modlauncher.TransformationServiceDecorator/MODLAUNCHER]: Beginning scan trigger - transformation service mixin
[12二月2026 17:13:01.116] [main/DEBUG] [cpw.mods.modlauncher.TransformationServiceDecorator/MODLAUNCHER]: End scan trigger - transformation service mixin
[12二月2026 17:13:01.116] [main/DEBUG] [cpw.mods.modlauncher.TransformationServiceDecorator/MODLAUNCHER]: Beginning scan trigger - transformation service fml
[12二月2026 17:13:01.116] [main/DEBUG] [net.minecraftforge.fml.loading.FMLServiceProvider/CORE]: Initiating mod scan
[12二月2026 17:13:01.147] [main/DEBUG] [net.minecraftforge.fml.loading.LibraryFinder/CORE]: Found JAR classpath_mod at path E:\MinecraftMods\LOTRFA\build\resources\main
[12二月2026 17:13:01.147] [main/DEBUG] [net.minecraftforge.fml.loading.LibraryFinder/CORE]: Found JAR classpath_mod at path C:\Users\ASUS\.gradle\caches\forge_gradle\deobf_dependencies\curse\maven\the-lord-of-the-rings-mod-renewed-406893\3661524_mapped_official_1.16.5\the-lord-of-the-rings-mod-renewed-406893-3661524_mapped_official_1.16.5.jar
[12二月2026 17:13:01.147] [main/DEBUG] [net.minecraftforge.userdev.ClasspathLocator/CORE]: Found classpath mod: C:\Users\ASUS\.gradle\caches\forge_gradle\deobf_dependencies\curse\maven\the-lord-of-the-rings-mod-renewed-406893\3661524_mapped_official_1.16.5\the-lord-of-the-rings-mod-renewed-406893-3661524_mapped_official_1.16.5.jar
[12二月2026 17:13:01.153] [main/DEBUG] [net.minecraftforge.fml.loading.LibraryFinder/CORE]: Found JAR classpath_mod at path C:\Users\ASUS\.gradle\caches\forge_gradle\minecraft_user_repo\net\minecraftforge\forge\1.16.5-36.2.42_mapped_official_1.16.5\forge-1.16.5-36.2.42_mapped_official_1.16.5-recomp.jar
[12二月2026 17:13:01.153] [main/DEBUG] [net.minecraftforge.userdev.ClasspathLocator/CORE]: Found classpath mod: C:\Users\ASUS\.gradle\caches\forge_gradle\minecraft_user_repo\net\minecraftforge\forge\1.16.5-36.2.42_mapped_official_1.16.5\forge-1.16.5-36.2.42_mapped_official_1.16.5-recomp.jar
[12二月2026 17:13:01.153] [main/DEBUG] [net.minecraftforge.fml.loading.LibraryFinder/CORE]: Found JAR manifest_jar at path C:\Users\ASUS\.gradle\caches\forge_gradle\deobf_dependencies\curse\maven\the-lord-of-the-rings-mod-renewed-406893\3661524_mapped_official_1.16.5\the-lord-of-the-rings-mod-renewed-406893-3661524_mapped_official_1.16.5.jar
[12二月2026 17:13:01.157] [main/DEBUG] [net.minecraftforge.fml.loading.LibraryFinder/CORE]: Found JAR manifest_jar at path C:\Users\ASUS\.gradle\caches\forge_gradle\minecraft_user_repo\net\minecraftforge\forge\1.16.5-36.2.42_mapped_official_1.16.5\forge-1.16.5-36.2.42_mapped_official_1.16.5-recomp.jar
[12二月2026 17:13:01.159] [main/DEBUG] [net.minecraftforge.fml.loading.LibraryFinder/CORE]: Found JAR manifest_jar at path C:\Users\ASUS\.gradle\caches\forge_gradle\minecraft_user_repo\net\minecraftforge\forge\1.16.5-36.2.42_mapped_official_1.16.5\forge-1.16.5-36.2.42_mapped_official_1.16.5-launcher.jar
[12二月2026 17:13:01.161] [main/DEBUG] [net.minecraftforge.fml.loading.LibraryFinder/CORE]: Found JAR manifest_jar at path C:\Users\ASUS\.gradle\caches\forge_gradle\minecraft_repo\versions\1.16.5\client-extra.jar
[12二月2026 17:13:01.216] [main/DEBUG] [net.minecraftforge.fml.loading.LibraryFinder/CORE]: Found JAR manifest_jar at path C:\Users\ASUS\.gradle\caches\modules-2\files-2.1\net.minecraftforge\accesstransformers\3.0.1\6d23c1b9cb0607fddc38d09730796f68db96f546\accesstransformers-3.0.1.jar
[12二月2026 17:13:01.216] [main/DEBUG] [net.minecraftforge.fml.loading.LibraryFinder/CORE]: Found JAR manifest_jar at path C:\Users\ASUS\.gradle\caches\modules-2\files-2.1\net.minecraftforge\eventbus\4.0.0\260e34800723e4c098c4e247cf2b900535e01b6d\eventbus-4.0.0.jar
[12二月2026 17:13:01.216] [main/DEBUG] [net.minecraftforge.fml.loading.LibraryFinder/CORE]: Found JAR manifest_jar at path C:\Users\ASUS\.gradle\caches\modules-2\files-2.1\net.minecraftforge\coremods\4.0.6\d6d761379c841e2610abebcbf70ed20b65f728f0\coremods-4.0.6.jar
[12二月2026 17:13:01.216] [main/DEBUG] [net.minecraftforge.fml.loading.LibraryFinder/CORE]: Found JAR manifest_jar at path C:\Users\ASUS\.gradle\caches\modules-2\files-2.1\net.minecraftforge\forgespi\3.2.0\c6ca4e4e4a0343701407c760e642537b613b543\forgespi-3.2.0.jar
[12二月2026 17:13:01.218] [main/DEBUG] [net.minecraftforge.fml.loading.LibraryFinder/CORE]: Found JAR manifest_jar at path C:\Users\ASUS\.gradle\caches\modules-2\files-2.1\cpw.mods\modlauncher\8.1.3\6d0bfd78e025a87d43985e30907aa9ecbc51b2d6\modlauncher-8.1.3.jar
[12二月2026 17:13:01.218] [main/DEBUG] [net.minecraftforge.fml.loading.LibraryFinder/CORE]: Found JAR manifest_jar at path C:\Users\ASUS\.gradle\caches\modules-2\files-2.1\cpw.mods\modlauncher\8.1.3\9b48bef0af2f3e379bbe5915f5cf23bf366d8ddf\modlauncher-8.1.3-api.jar
[12二月2026 17:13:01.218] [main/DEBUG] [net.minecraftforge.fml.loading.LibraryFinder/CORE]: Found JAR manifest_jar at path C:\Users\ASUS\.gradle\caches\modules-2\files-2.1\com.google.code.findbugs\jsr305\3.0.2\25ea2e8b0c338a877313bd4672d3fe056ea78f0d\jsr305-3.0.2.jar
[12二月2026 17:13:01.218] [main/DEBUG] [net.minecraftforge.fml.loading.LibraryFinder/CORE]: Found JAR manifest_jar at path C:\Users\ASUS\.gradle\caches\modules-2\files-2.1\net.minecraftforge\mergetool\1.0.9\d1e1ba354a40b5703340b5cb02fdca489cff3646\mergetool-1.0.9-api.jar
[12二月2026 17:13:01.218] [main/DEBUG] [net.minecraftforge.fml.loading.LibraryFinder/CORE]: Found JAR manifest_jar at path C:\Users\ASUS\.gradle\caches\modules-2\files-2.1\org.ow2.asm\asm-commons\9.6\f1a9e5508eff490744144565c47326c8648be309\asm-commons-9.6.jar
[12二月2026 17:13:01.220] [main/DEBUG] [net.minecraftforge.fml.loading.LibraryFinder/CORE]: Found JAR manifest_jar at path C:\Users\ASUS\.gradle\caches\modules-2\files-2.1\org.ow2.asm\asm-util\9.6\f77caf84eb93786a749b2baa40865b9613e3eaee\asm-util-9.6.jar
[12二月2026 17:13:01.220] [main/DEBUG] [net.minecraftforge.fml.loading.LibraryFinder/CORE]: Found JAR manifest_jar at path C:\Users\ASUS\.gradle\caches\modules-2\files-2.1\org.ow2.asm\asm-analysis\9.6\9ce6c7b174bd997fc2552dff47964546bd7a5ec3\asm-analysis-9.6.jar
[12二月2026 17:13:01.220] [main/DEBUG] [net.minecraftforge.fml.loading.LibraryFinder/CORE]: Found JAR manifest_jar at path C:\Users\ASUS\.gradle\caches\modules-2\files-2.1\org.ow2.asm\asm-tree\9.6\c0cdda9d211e965d2a4448aa3fd86110f2f8c2de\asm-tree-9.6.jar
[12二月2026 17:13:01.220] [main/DEBUG] [net.minecraftforge.fml.loading.LibraryFinder/CORE]: Found JAR manifest_jar at path C:\Users\ASUS\.gradle\caches\modules-2\files-2.1\org.ow2.asm\asm\9.6\aa205cf0a06dbd8e04ece91c0b37c3f5d567546a\asm-9.6.jar
[12二月2026 17:13:01.220] [main/DEBUG] [net.minecraftforge.fml.loading.LibraryFinder/CORE]: Found JAR manifest_jar at path C:\Users\ASUS\.gradle\caches\modules-2\files-2.1\cpw.mods\grossjava9hacks\1.3.3\e49222512ea6cabdd8b49761cef1d5a207b1f0d9\grossjava9hacks-1.3.3.jar
[12二月2026 17:13:01.222] [main/DEBUG] [net.minecraftforge.fml.loading.LibraryFinder/CORE]: Found JAR manifest_jar at path C:\Users\ASUS\.gradle\caches\modules-2\files-2.1\org.antlr\antlr4-runtime\4.9.1\428664f05d2b7f7b7610204b5aa7c1763f62011a\antlr4-runtime-4.9.1.jar
[12二月2026 17:13:01.222] [main/DEBUG] [net.minecraftforge.fml.loading.LibraryFinder/CORE]: Found JAR manifest_jar at path C:\Users\ASUS\.gradle\caches\modules-2\files-2.1\net.minecraftforge\unsafe\0.2.0\54d7a0a5e8fdb71b973025caa46f341ae5904f39\unsafe-0.2.0.jar
[12二月2026 17:13:01.222] [main/DEBUG] [net.minecraftforge.fml.loading.LibraryFinder/CORE]: Found JAR manifest_jar at path C:\Users\ASUS\.gradle\caches\modules-2\files-2.1\com.electronwill.night-config\toml\3.6.3\2b05b4d606c517da4d1a7b6d2b97d751c92887d7\toml-3.6.3.jar
[12二月2026 17:13:01.222] [main/DEBUG] [net.minecraftforge.fml.loading.LibraryFinder/CORE]: Found JAR manifest_jar at path C:\Users\ASUS\.gradle\caches\modules-2\files-2.1\com.electronwill.night-config\core\3.6.3\c601bfeaeb2c0abe7aaa901b0bbe6d1beff49281\core-3.6.3.jar
[12二月2026 17:13:01.222] [main/DEBUG] [net.minecraftforge.fml.loading.LibraryFinder/CORE]: Found JAR manifest_jar at path C:\Users\ASUS\.gradle\caches\modules-2\files-2.1\org.jline\jline\3.12.1\de2bd909cb9f8eaa741bd03df4a1bd3f6eb593c7\jline-3.12.1.jar
[12二月2026 17:13:01.222] [main/DEBUG] [net.minecraftforge.fml.loading.LibraryFinder/CORE]: Found JAR manifest_jar at path C:\Users\ASUS\.gradle\caches\modules-2\files-2.1\org.apache.maven\maven-artifact\3.6.3\f8ff8032903882376e8d000c51e3e16d20fc7df7\maven-artifact-3.6.3.jar
[12二月2026 17:13:01.224] [main/DEBUG] [net.minecraftforge.fml.loading.LibraryFinder/CORE]: Found JAR manifest_jar at path C:\Users\ASUS\.gradle\caches\modules-2\files-2.1\net.jodah\typetools\0.8.3\98f84f353457629e81cc6827224871b1a8faa7af\typetools-0.8.3.jar
[12二月2026 17:13:01.224] [main/DEBUG] [net.minecraftforge.fml.loading.LibraryFinder/CORE]: Found JAR manifest_jar at path C:\Users\ASUS\.gradle\caches\modules-2\files-2.1\org.apache.logging.log4j\log4j-slf4j18-impl\2.15.0\88f72ad364bfc3a7cf43186fc17212f2b4bb8d97\log4j-slf4j18-impl-2.15.0.jar
[12二月2026 17:13:01.224] [main/DEBUG] [net.minecraftforge.fml.loading.LibraryFinder/CORE]: Found JAR manifest_jar at path C:\Users\ASUS\.gradle\caches\modules-2\files-2.1\net.minecrell\terminalconsoleappender\1.2.0\96d02cd3b384ff015a8fef4223bcb4ccf1717c95\terminalconsoleappender-1.2.0.jar
[12二月2026 17:13:01.224] [main/DEBUG] [net.minecraftforge.fml.loading.LibraryFinder/CORE]: Found JAR manifest_jar at path C:\Users\ASUS\.gradle\caches\modules-2\files-2.1\org.apache.logging.log4j\log4j-core\2.15.0\ba55c13d7ac2fd44df9cc8074455719a33f375b9\log4j-core-2.15.0.jar
[12二月2026 17:13:01.226] [main/DEBUG] [net.minecraftforge.fml.loading.LibraryFinder/CORE]: Found JAR manifest_jar at path C:\Users\ASUS\.gradle\caches\modules-2\files-2.1\org.apache.logging.log4j\log4j-api\2.15.0\4a5aa7e55a29391c6f66e0b259d5189aa11e45d0\log4j-api-2.15.0.jar
[12二月2026 17:13:01.226] [main/DEBUG] [net.minecraftforge.fml.loading.LibraryFinder/CORE]: Found JAR manifest_jar at path C:\Users\ASUS\.gradle\caches\modules-2\files-2.1\net.sf.jopt-simple\jopt-simple\5.0.4\4fdac2fbe92dfad86aa6e9301736f6b4342a3f5c\jopt-simple-5.0.4.jar
[12二月2026 17:13:01.226] [main/DEBUG] [net.minecraftforge.fml.loading.LibraryFinder/CORE]: Found JAR manifest_jar at path C:\Users\ASUS\.gradle\caches\modules-2\files-2.1\org.spongepowered\mixin\0.8.4\4ec7d77d9ab32596ca0b78bb123956734767e3a\mixin-0.8.4.jar
[12二月2026 17:13:01.229] [main/DEBUG] [net.minecraftforge.fml.loading.LibraryFinder/CORE]: Found JAR manifest_jar at path C:\Users\ASUS\.gradle\caches\modules-2\files-2.1\net.minecraftforge\nashorn-core-compat\15.1.1.1\1817deb38a5a8811148dca0d23161d92bdbd6184\nashorn-core-compat-15.1.1.1.jar
[12二月2026 17:13:01.229] [main/DEBUG] [net.minecraftforge.fml.loading.LibraryFinder/CORE]: Found JAR manifest_jar at path C:\Users\ASUS\.gradle\caches\modules-2\files-2.1\com.mojang\patchy\1.3.9\eb8bb7b66fa0e2152b1b40b3856e82f7619439ee\patchy-1.3.9.jar
[12二月2026 17:13:01.229] [main/DEBUG] [net.minecraftforge.fml.loading.LibraryFinder/CORE]: Found JAR manifest_jar at path C:\Users\ASUS\.gradle\caches\modules-2\files-2.1\oshi-project\oshi-core\1.1\9ddf7b048a8d701be231c0f4f95fd986198fd2d8\oshi-core-1.1.jar
[12二月2026 17:13:01.229] [main/DEBUG] [net.minecraftforge.fml.loading.LibraryFinder/CORE]: Found JAR manifest_jar at path C:\Users\ASUS\.gradle\caches\modules-2\files-2.1\net.java.dev.jna\jna\4.4.0\cb208278274bf12ebdb56c61bd7407e6f774d65a\jna-4.4.0.jar
[12二月2026 17:13:01.229] [main/DEBUG] [net.minecraftforge.fml.loading.LibraryFinder/CORE]: Found JAR manifest_jar at path C:\Users\ASUS\.gradle\caches\modules-2\files-2.1\net.java.dev.jna\platform\3.4.0\e3f70017be8100d3d6923f50b3d2ee17714e9c13\platform-3.4.0.jar
[12二月2026 17:13:01.229] [main/DEBUG] [net.minecraftforge.fml.loading.LibraryFinder/CORE]: Found JAR manifest_jar at path C:\Users\ASUS\.gradle\caches\modules-2\files-2.1\com.ibm.icu\icu4j\66.1\72c7519b6d91f7a1f993bd44a99fe95d67211b27\icu4j-66.1.jar
[12二月2026 17:13:01.229] [main/DEBUG] [net.minecraftforge.fml.loading.LibraryFinder/CORE]: Found JAR manifest_jar at path C:\Users\ASUS\.gradle\caches\modules-2\files-2.1\com.mojang\javabridge\1.0.22\6aa6453aa99a52a5cd91749da1af6ab70e082ab3\javabridge-1.0.22.jar
[12二月2026 17:13:01.229] [main/DEBUG] [net.minecraftforge.fml.loading.LibraryFinder/CORE]: Found JAR manifest_jar at path C:\Users\ASUS\.gradle\caches\modules-2\files-2.1\io.netty\netty-all\4.1.25.Final\d0626cd3108294d1d58c05859add27b4ef21f83b\netty-all-4.1.25.Final.jar
[12二月2026 17:13:01.229] [main/DEBUG] [net.minecraftforge.fml.loading.LibraryFinder/CORE]: Found JAR manifest_jar at path C:\Users\ASUS\.gradle\caches\modules-2\files-2.1\com.google.guava\guava\21.0\3a3d111be1be1b745edfa7d91678a12d7ed38709\guava-21.0.jar
[12二月2026 17:13:01.229] [main/DEBUG] [net.minecraftforge.fml.loading.LibraryFinder/CORE]: Found JAR manifest_jar at path C:\Users\ASUS\.gradle\caches\modules-2\files-2.1\org.apache.commons\commons-lang3\3.8.1\6505a72a097d9270f7a9e7bf42c4238283247755\commons-lang3-3.8.1.jar
[12二月2026 17:13:01.229] [main/DEBUG] [net.minecraftforge.fml.loading.LibraryFinder/CORE]: Found JAR manifest_jar at path C:\Users\ASUS\.gradle\caches\modules-2\files-2.1\commons-io\commons-io\2.5\2852e6e05fbb95076fc091f6d1780f1f8fe35e0f\commons-io-2.5.jar
[12二月2026 17:13:01.229] [main/DEBUG] [net.minecraftforge.fml.loading.LibraryFinder/CORE]: Found JAR manifest_jar at path C:\Users\ASUS\.gradle\caches\modules-2\files-2.1\org.apache.httpcomponents\httpclient\4.3.3\18f4247ff4572a074444572cee34647c43e7c9c7\httpclient-4.3.3.jar
[12二月2026 17:13:01.229] [main/DEBUG] [net.minecraftforge.fml.loading.LibraryFinder/CORE]: Found JAR manifest_jar at path C:\Users\ASUS\.gradle\caches\modules-2\files-2.1\commons-codec\commons-codec\1.10\4b95f4897fa13f2cd904aee711aeafc0c5295cd8\commons-codec-1.10.jar
[12二月2026 17:13:01.229] [main/DEBUG] [net.minecraftforge.fml.loading.LibraryFinder/CORE]: Found JAR manifest_jar at path C:\Users\ASUS\.gradle\caches\modules-2\files-2.1\net.java.jinput\jinput\2.0.5\39c7796b469a600f72380316f6b1f11db6c2c7c4\jinput-2.0.5.jar
[12二月2026 17:13:01.229] [main/DEBUG] [net.minecraftforge.fml.loading.LibraryFinder/CORE]: Found JAR manifest_jar at path C:\Users\ASUS\.gradle\caches\modules-2\files-2.1\net.java.jutils\jutils\1.0.0\e12fe1fda814bd348c1579329c86943d2cd3c6a6\jutils-1.0.0.jar
[12二月2026 17:13:01.229] [main/DEBUG] [net.minecraftforge.fml.loading.LibraryFinder/CORE]: Found JAR manifest_jar at path C:\Users\ASUS\.gradle\caches\modules-2\files-2.1\com.mojang\brigadier\1.0.17\c6b7dc51dd44379cc751b7504816006e9be4b1e6\brigadier-1.0.17.jar
[12二月2026 17:13:01.229] [main/DEBUG] [net.minecraftforge.fml.loading.LibraryFinder/CORE]: Found JAR manifest_jar at path C:\Users\ASUS\.gradle\caches\modules-2\files-2.1\com.mojang\datafixerupper\4.0.26\ebd6690f33871ccee9b6132c6480668ee2e35020\datafixerupper-4.0.26.jar
[12二月2026 17:13:01.229] [main/DEBUG] [net.minecraftforge.fml.loading.LibraryFinder/CORE]: Found JAR manifest_jar at path C:\Users\ASUS\.gradle\caches\modules-2\files-2.1\com.google.code.gson\gson\2.8.0\c4ba5371a29ac9b2ad6129b1d39ea38750043eff\gson-2.8.0.jar
[12二月2026 17:13:01.229] [main/DEBUG] [net.minecraftforge.fml.loading.LibraryFinder/CORE]: Found JAR manifest_jar at path C:\Users\ASUS\.gradle\caches\modules-2\files-2.1\com.mojang\authlib\2.1.28\ad54da276bf59983d02d5ed16fc14541354c71fd\authlib-2.1.28.jar
[12二月2026 17:13:01.229] [main/DEBUG] [net.minecraftforge.fml.loading.LibraryFinder/CORE]: Found JAR manifest_jar at path C:\Users\ASUS\.gradle\caches\modules-2\files-2.1\org.apache.commons\commons-compress\1.8.1\a698750c16740fd5b3871425f4cb3bbaa87f529d\commons-compress-1.8.1.jar
[12二月2026 17:13:01.229] [main/DEBUG] [net.minecraftforge.fml.loading.LibraryFinder/CORE]: Found JAR manifest_jar at path C:\Users\ASUS\.gradle\caches\modules-2\files-2.1\commons-logging\commons-logging\1.1.3\f6f66e966c70a83ffbdb6f17a0919eaf7c8aca7f\commons-logging-1.1.3.jar
[12二月2026 17:13:01.229] [main/DEBUG] [net.minecraftforge.fml.loading.LibraryFinder/CORE]: Found JAR manifest_jar at path C:\Users\ASUS\.gradle\caches\modules-2\files-2.1\org.apache.httpcomponents\httpcore\4.3.2\31fbbff1ddbf98f3aa7377c94d33b0447c646b6e\httpcore-4.3.2.jar
[12二月2026 17:13:01.229] [main/DEBUG] [net.minecraftforge.fml.loading.LibraryFinder/CORE]: Found JAR manifest_jar at path C:\Users\ASUS\.gradle\caches\modules-2\files-2.1\it.unimi.dsi\fastutil\8.2.1\5ad88f325e424f8dbc2be5459e21ea5cab3864e9\fastutil-8.2.1.jar
[12二月2026 17:13:01.229] [main/DEBUG] [net.minecraftforge.fml.loading.LibraryFinder/CORE]: Found JAR manifest_jar at path C:\Users\ASUS\.gradle\caches\modules-2\files-2.1\org.lwjgl\lwjgl-jemalloc\3.2.2\ee8e57a79300f78294576d87c4a587f8c99402e2\lwjgl-jemalloc-3.2.2.jar
[12二月2026 17:13:01.229] [main/DEBUG] [net.minecraftforge.fml.loading.LibraryFinder/CORE]: Found JAR manifest_jar at path C:\Users\ASUS\.gradle\caches\modules-2\files-2.1\org.lwjgl\lwjgl-jemalloc\3.2.2\338b25b99da3ba5f441f6492f2ce2a9c608860ed\lwjgl-jemalloc-3.2.2-natives-windows.jar
[12二月2026 17:13:01.229] [main/DEBUG] [net.minecraftforge.fml.loading.LibraryFinder/CORE]: Found JAR manifest_jar at path C:\Users\ASUS\.gradle\caches\modules-2\files-2.1\org.lwjgl\lwjgl-openal\3.2.2\2b772a102b0a11ee5f2109a5b136f4dc7c630827\lwjgl-openal-3.2.2.jar
[12二月2026 17:13:01.229] [main/DEBUG] [net.minecraftforge.fml.loading.LibraryFinder/CORE]: Found JAR manifest_jar at path C:\Users\ASUS\.gradle\caches\modules-2\files-2.1\org.lwjgl\lwjgl-openal\3.2.2\ec20a7d42a2438528fca87e60b1705f1e2339ddb\lwjgl-openal-3.2.2-natives-windows.jar
[12二月2026 17:13:01.229] [main/DEBUG] [net.minecraftforge.fml.loading.LibraryFinder/CORE]: Found JAR manifest_jar at path C:\Users\ASUS\.gradle\caches\modules-2\files-2.1\org.lwjgl\lwjgl-opengl\3.2.2\6ac5bb88b44c43ea195a570aab059f63da004cd8\lwjgl-opengl-3.2.2.jar
[12二月2026 17:13:01.229] [main/DEBUG] [net.minecraftforge.fml.loading.LibraryFinder/CORE]: Found JAR manifest_jar at path C:\Users\ASUS\.gradle\caches\modules-2\files-2.1\org.lwjgl\lwjgl-opengl\3.2.2\d8dcdc91066cae2d2d8279cb4a9f9f05d9525826\lwjgl-opengl-3.2.2-natives-windows.jar
[12二月2026 17:13:01.229] [main/DEBUG] [net.minecraftforge.fml.loading.LibraryFinder/CORE]: Found JAR manifest_jar at path C:\Users\ASUS\.gradle\caches\modules-2\files-2.1\org.lwjgl\lwjgl-glfw\3.2.2\d3ad4df38e400b8afba1de63f84338809399df5b\lwjgl-glfw-3.2.2.jar
[12二月2026 17:13:01.229] [main/DEBUG] [net.minecraftforge.fml.loading.LibraryFinder/CORE]: Found JAR manifest_jar at path C:\Users\ASUS\.gradle\caches\modules-2\files-2.1\org.lwjgl\lwjgl-glfw\3.2.2\dc6826d636bf796b33a49038c354210e661bfc17\lwjgl-glfw-3.2.2-natives-windows.jar
[12二月2026 17:13:01.242] [main/DEBUG] [net.minecraftforge.fml.loading.LibraryFinder/CORE]: Found JAR manifest_jar at path C:\Users\ASUS\.gradle\caches\modules-2\files-2.1\org.lwjgl\lwjgl-stb\3.2.2\3b8e6ebc5851dd3d17e37e5cadce2eff2a429f0f\lwjgl-stb-3.2.2.jar
[12二月2026 17:13:01.242] [main/DEBUG] [net.minecraftforge.fml.loading.LibraryFinder/CORE]: Found JAR manifest_jar at path C:\Users\ASUS\.gradle\caches\modules-2\files-2.1\org.lwjgl\lwjgl-stb\3.2.2\811f705cbb29e8ae8d60bdf8fdd38c0c123ad3ef\lwjgl-stb-3.2.2-natives-windows.jar
[12二月2026 17:13:01.242] [main/DEBUG] [net.minecraftforge.fml.loading.LibraryFinder/CORE]: Found JAR manifest_jar at path C:\Users\ASUS\.gradle\caches\modules-2\files-2.1\org.lwjgl\lwjgl-tinyfd\3.2.2\fcbe606c8f8da6f8f9a05e2c540eb1ee8632b0e9\lwjgl-tinyfd-3.2.2.jar
[12二月2026 17:13:01.242] [main/DEBUG] [net.minecraftforge.fml.loading.LibraryFinder/CORE]: Found JAR manifest_jar at path C:\Users\ASUS\.gradle\caches\modules-2\files-2.1\org.lwjgl\lwjgl-tinyfd\3.2.2\e9115958773644e863332a6a06488d26f9e1fc9f\lwjgl-tinyfd-3.2.2-natives-windows.jar
[12二月2026 17:13:01.242] [main/DEBUG] [net.minecraftforge.fml.loading.LibraryFinder/CORE]: Found JAR manifest_jar at path C:\Users\ASUS\.gradle\caches\modules-2\files-2.1\org.lwjgl\lwjgl\3.2.2\8ad6294407e15780b43e84929c40e4c5e997972e\lwjgl-3.2.2.jar
[12二月2026 17:13:01.242] [main/DEBUG] [net.minecraftforge.fml.loading.LibraryFinder/CORE]: Found JAR manifest_jar at path C:\Users\ASUS\.gradle\caches\modules-2\files-2.1\org.lwjgl\lwjgl\3.2.2\5359f3aa50d36352815fc662ea73e1c00d22170\lwjgl-3.2.2-natives-windows.jar
[12二月2026 17:13:01.242] [main/DEBUG] [net.minecraftforge.fml.loading.LibraryFinder/CORE]: Found JAR manifest_jar at path C:\Users\ASUS\.gradle\caches\modules-2\files-2.1\com.mojang\text2speech\1.11.3\f378f889797edd7df8d32272c06ca80a1b6b0f58\text2speech-1.11.3.jar
[12二月2026 17:13:01.244] [main/DEBUG] [net.minecraftforge.fml.loading.LibraryFinder/CORE]: Found JAR manifest_jar at path C:\Users\ASUS\.gradle\caches\modules-2\files-2.1\com.mojang\text2speech\1.11.3\c0b242c0091be5acbf303263c7eeeaedd70544c7\text2speech-1.11.3-natives-windows.jar
[12二月2026 17:13:01.244] [main/DEBUG] [net.minecraftforge.fml.loading.LibraryFinder/CORE]: Found JAR manifest_jar at path C:\Users\ASUS\.gradle\caches\modules-2\files-2.1\org.codehaus.plexus\plexus-utils\3.2.1\13b015768e0d04849d2794e4c47eb02d01a0de32\plexus-utils-3.2.1.jar
[12二月2026 17:13:01.244] [main/DEBUG] [net.minecraftforge.fml.loading.LibraryFinder/CORE]: Found JAR manifest_jar at path C:\Users\ASUS\.gradle\caches\modules-2\files-2.1\org.slf4j\slf4j-api\1.8.0-beta4\83b0359d847ee053d745be7ec0d8e9e8a44304b4\slf4j-api-1.8.0-beta4.jar
[12二月2026 17:13:01.244] [main/DEBUG] [net.minecraftforge.fml.loading.LibraryFinder/CORE]: Found JAR manifest_jar at path C:\Users\ASUS\.gradle\caches\modules-2\files-2.1\org.jline\jline-reader\3.12.1\4382ab1382c7b6f379377ed5f665dc2f6e1218bc\jline-reader-3.12.1.jar
[12二月2026 17:13:01.244] [main/DEBUG] [net.minecraftforge.fml.loading.LibraryFinder/CORE]: Found JAR manifest_jar at path C:\Users\ASUS\.gradle\caches\modules-2\files-2.1\org.jline\jline-terminal\3.12.1\c777448314e050d980a6b697c140f3bfe9eb7416\jline-terminal-3.12.1.jar
[12二月2026 17:13:01.246] [main/DEBUG] [net.minecraftforge.fml.loading.moddiscovery.ModListHandler/CORE]: Found mod coordinates from lists: []
[12二月2026 17:13:01.261] [main/DEBUG] [net.minecraftforge.fml.loading.moddiscovery.ModDiscoverer/CORE]: Found Mod Locators : (userdev classpath:null),(mods folder:null),(maven libs:null),(exploded directory:null),(minecraft:null)
[12二月2026 17:13:01.290] [main/DEBUG] [net.minecraftforge.fml.loading.moddiscovery.ExplodedDirectoryLocator/LOADING]: Found exploded directory mod manifest at E:\MinecraftMods\LOTRFA\build\resources\main\META-INF\mods.toml
[12二月2026 17:13:01.292] [main/DEBUG] [net.minecraftforge.fml.loading.moddiscovery.ModFileParser/LOADING]: Considering mod file candidate C:\Users\ASUS\.gradle\caches\forge_gradle\deobf_dependencies\curse\maven\the-lord-of-the-rings-mod-renewed-406893\3661524_mapped_official_1.16.5\the-lord-of-the-rings-mod-renewed-406893-3661524_mapped_official_1.16.5.jar
[12二月2026 17:13:01.322] [main/DEBUG] [net.minecraftforge.fml.loading.moddiscovery.ModFileInfo/LOADING]: Found valid mod file the-lord-of-the-rings-mod-renewed-406893-3661524_mapped_official_1.16.5.jar with {lotr} mods - versions {Renewed-5.5}
[12二月2026 17:13:01.322] [main/DEBUG] [net.minecraftforge.fml.loading.moddiscovery.ModFile/LOADING]: Loading mod file C:\Users\ASUS\.gradle\caches\forge_gradle\deobf_dependencies\curse\maven\the-lord-of-the-rings-mod-renewed-406893\3661524_mapped_official_1.16.5\the-lord-of-the-rings-mod-renewed-406893-3661524_mapped_official_1.16.5.jar with language javafml
[12二月2026 17:13:01.340] [main/DEBUG] [net.minecraftforge.fml.loading.moddiscovery.ModFileParser/LOADING]: Found coremod lotr with Javascript path lotr-transformer-general.js
[12二月2026 17:13:01.340] [main/DEBUG] [net.minecraftforge.fml.loading.moddiscovery.ModFileParser/LOADING]: Found coremod lotr-dimensions with Javascript path lotr-transformer-dimensions.js
[12二月2026 17:13:01.340] [main/DEBUG] [net.minecraftforge.fml.loading.moddiscovery.ModFileParser/LOADING]: Found coremod lotr-biomes with Javascript path lotr-transformer-biomes.js
[12二月2026 17:13:01.340] [main/DEBUG] [net.minecraftforge.fml.loading.moddiscovery.ModFileParser/LOADING]: Found coremod lotr-respawning with Javascript path lotr-transformer-respawning.js
[12二月2026 17:13:01.340] [main/DEBUG] [net.minecraftforge.fml.loading.moddiscovery.ModFile/LOADING]: Found coremod lotr-transformer-general.js
[12二月2026 17:13:01.340] [main/DEBUG] [net.minecraftforge.fml.loading.moddiscovery.ModFile/LOADING]: Found coremod lotr-transformer-dimensions.js
[12二月2026 17:13:01.340] [main/DEBUG] [net.minecraftforge.fml.loading.moddiscovery.ModFile/LOADING]: Found coremod lotr-transformer-biomes.js
[12二月2026 17:13:01.340] [main/DEBUG] [net.minecraftforge.fml.loading.moddiscovery.ModFile/LOADING]: Found coremod lotr-transformer-respawning.js
[12二月2026 17:13:01.340] [main/DEBUG] [net.minecraftforge.fml.loading.moddiscovery.ModFileParser/LOADING]: Considering mod file candidate C:\Users\ASUS\.gradle\caches\forge_gradle\minecraft_user_repo\net\minecraftforge\forge\1.16.5-36.2.42_mapped_official_1.16.5\forge-1.16.5-36.2.42_mapped_official_1.16.5-recomp.jar
[12二月2026 17:13:01.340] [main/DEBUG] [net.minecraftforge.fml.loading.moddiscovery.ModFileInfo/LOADING]: Found valid mod file forge-1.16.5-36.2.42_mapped_official_1.16.5-recomp.jar with {forge} mods - versions {36.2.42}
[12二月2026 17:13:01.340] [main/DEBUG] [net.minecraftforge.fml.loading.moddiscovery.ModFile/LOADING]: Loading mod file C:\Users\ASUS\.gradle\caches\forge_gradle\minecraft_user_repo\net\minecraftforge\forge\1.16.5-36.2.42_mapped_official_1.16.5\forge-1.16.5-36.2.42_mapped_official_1.16.5-recomp.jar with language javafml
[12二月2026 17:13:01.340] [main/DEBUG] [net.minecraftforge.fml.loading.moddiscovery.ModFileParser/LOADING]: Found coremod fieldtomethodtransformers with Javascript path META-INF/fieldtomethodtransformers.js
[12二月2026 17:13:01.340] [main/DEBUG] [net.minecraftforge.fml.loading.moddiscovery.ModFileParser/LOADING]: Found coremod field_to_instanceof with Javascript path coremods/field_to_instanceof.js
[12二月2026 17:13:01.340] [main/DEBUG] [net.minecraftforge.fml.loading.moddiscovery.ModFileParser/LOADING]: Found coremod add_bouncer_method with Javascript path coremods/add_bouncer_method.js
[12二月2026 17:13:01.340] [main/DEBUG] [net.minecraftforge.fml.loading.moddiscovery.ModFile/LOADING]: Found coremod META-INF/fieldtomethodtransformers.js
[12二月2026 17:13:01.340] [main/DEBUG] [net.minecraftforge.fml.loading.moddiscovery.ModFile/LOADING]: Found coremod coremods/field_to_instanceof.js
[12二月2026 17:13:01.340] [main/DEBUG] [net.minecraftforge.fml.loading.moddiscovery.ModFile/LOADING]: Found coremod coremods/add_bouncer_method.js
[12二月2026 17:13:01.340] [main/DEBUG] [net.minecraftforge.fml.loading.moddiscovery.ModFileParser/LOADING]: Considering mod file candidate E:\MinecraftMods\LOTRFA\build\resources\main
[12二月2026 17:13:01.356] [main/DEBUG] [net.minecraftforge.fml.loading.moddiscovery.ModFileInfo/LOADING]: Found valid mod file main with {lotrfa} mods - versions {Reworked-1.0}
[12二月2026 17:13:01.356] [main/DEBUG] [net.minecraftforge.fml.loading.moddiscovery.ModFile/LOADING]: Loading mod file E:\MinecraftMods\LOTRFA\build\resources\main with language javafml
[12二月2026 17:13:01.359] [main/DEBUG] [net.minecraftforge.fml.loading.moddiscovery.ModFileParser/LOADING]: Considering mod file candidate C:\Users\ASUS\.gradle\caches\forge_gradle\minecraft_repo\versions\1.16.5\client-extra.jar
[12二月2026 17:13:01.366] [main/DEBUG] [net.minecraftforge.fml.loading.moddiscovery.ModFileInfo/LOADING]: Found valid mod file client-extra.jar with {minecraft} mods - versions {1.16.5}
[12二月2026 17:13:01.431] [main/DEBUG] [net.minecraftforge.fml.loading.moddiscovery.ModFile/LOADING]: Loading mod file C:\Users\ASUS\.gradle\caches\forge_gradle\minecraft_repo\versions\1.16.5\client-extra.jar with language minecraft
[12二月2026 17:13:01.442] [main/DEBUG] [net.minecraftforge.fml.loading.ModSorter/LOADING]: Found 5 mod requirements (5 mandatory, 0 optional)
[12二月2026 17:13:01.442] [main/DEBUG] [net.minecraftforge.fml.loading.ModSorter/LOADING]: Found 0 mod requirements missing (0 mandatory, 0 optional)
[12二月2026 17:13:01.655] [main/DEBUG] [net.minecraftforge.userdev.MCPNamingService/CORE]: Loaded 19841 field mappings from fields.csv
[12二月2026 17:13:01.665] [main/DEBUG] [net.minecraftforge.userdev.MCPNamingService/CORE]: Loaded 23212 method mappings from methods.csv
[12二月2026 17:13:01.696] [main/DEBUG] [cpw.mods.modlauncher.TransformationServiceDecorator/MODLAUNCHER]: End scan trigger - transformation service fml
[12二月2026 17:13:01.696] [main/DEBUG] [cpw.mods.modlauncher.TransformationServicesHandler/MODLAUNCHER]: Transformation services loading transformers
[12二月2026 17:13:01.700] [main/DEBUG] [cpw.mods.modlauncher.TransformationServiceDecorator/MODLAUNCHER]: Initializing transformers for transformation service mixin
[12二月2026 17:13:01.700] [main/DEBUG] [cpw.mods.modlauncher.TransformationServiceDecorator/MODLAUNCHER]: Initialized transformers for transformation service mixin
[12二月2026 17:13:01.700] [main/DEBUG] [cpw.mods.modlauncher.TransformationServiceDecorator/MODLAUNCHER]: Initializing transformers for transformation service fml
[12二月2026 17:13:01.700] [main/DEBUG] [net.minecraftforge.fml.loading.FMLServiceProvider/CORE]: Loading coremod transformers
[12二月2026 17:13:01.700] [main/DEBUG] [net.minecraftforge.coremod.CoreModEngine/COREMOD]: Loading CoreMod from lotr-transformer-general.js
[12二月2026 17:13:01.841] [main/DEBUG] [net.minecraftforge.coremod.CoreModEngine/COREMOD]: CoreMod loaded successfully
[12二月2026 17:13:01.841] [main/DEBUG] [net.minecraftforge.coremod.CoreModEngine/COREMOD]: Loading CoreMod from lotr-transformer-dimensions.js
[12二月2026 17:13:01.867] [main/DEBUG] [net.minecraftforge.coremod.CoreModEngine/COREMOD]: CoreMod loaded successfully
[12二月2026 17:13:01.867] [main/DEBUG] [net.minecraftforge.coremod.CoreModEngine/COREMOD]: Loading CoreMod from lotr-transformer-biomes.js
[12二月2026 17:13:01.888] [main/DEBUG] [net.minecraftforge.coremod.CoreModEngine/COREMOD]: CoreMod loaded successfully
[12二月2026 17:13:01.888] [main/DEBUG] [net.minecraftforge.coremod.CoreModEngine/COREMOD]: Loading CoreMod from lotr-transformer-respawning.js
[12二月2026 17:13:01.900] [main/DEBUG] [net.minecraftforge.coremod.CoreModEngine/COREMOD]: CoreMod loaded successfully
[12二月2026 17:13:01.900] [main/DEBUG] [net.minecraftforge.coremod.CoreModEngine/COREMOD]: Loading CoreMod from META-INF/fieldtomethodtransformers.js
[12二月2026 17:13:01.900] [main/DEBUG] [net.minecraftforge.coremod.CoreModEngine/COREMOD]: CoreMod loaded successfully
[12二月2026 17:13:01.900] [main/DEBUG] [net.minecraftforge.coremod.CoreModEngine/COREMOD]: Loading CoreMod from coremods/field_to_instanceof.js
[12二月2026 17:13:01.955] [main/DEBUG] [net.minecraftforge.coremod.CoreModEngine/COREMOD]: CoreMod loaded successfully
[12二月2026 17:13:01.955] [main/DEBUG] [net.minecraftforge.coremod.CoreModEngine/COREMOD]: Loading CoreMod from coremods/add_bouncer_method.js
[12二月2026 17:13:01.976] [main/DEBUG] [net.minecraftforge.coremod.CoreModEngine/COREMOD]: CoreMod loaded successfully
[12二月2026 17:13:01.983] [main/DEBUG] [cpw.mods.modlauncher.TransformStore/MODLAUNCHER]: Adding transformer net.minecraftforge.coremod.transformer.CoreModClassTransformer@29c17c3d to Target : CLASS {Lnet/minecraft/potion/EffectInstance;} {} {V}
[12二月2026 17:13:02.026] [main/DEBUG] [cpw.mods.modlauncher.TransformStore/MODLAUNCHER]: Adding transformer net.minecraftforge.coremod.transformer.CoreModClassTransformer@7112ce6 to Target : CLASS {Lnet/minecraft/block/FlowingFluidBlock;} {} {V}
[12二月2026 17:13:02.026] [main/DEBUG] [cpw.mods.modlauncher.TransformStore/MODLAUNCHER]: Adding transformer net.minecraftforge.coremod.transformer.CoreModClassTransformer@558b4942 to Target : CLASS {Lnet/minecraft/item/BucketItem;} {} {V}
[12二月2026 17:13:02.026] [main/DEBUG] [cpw.mods.modlauncher.TransformStore/MODLAUNCHER]: Adding transformer net.minecraftforge.coremod.transformer.CoreModClassTransformer@30ec7d21 to Target : CLASS {Lnet/minecraft/block/StairsBlock;} {} {V}
[12二月2026 17:13:02.026] [main/DEBUG] [cpw.mods.modlauncher.TransformStore/MODLAUNCHER]: Adding transformer net.minecraftforge.coremod.transformer.CoreModClassTransformer@70025b99 to Target : CLASS {Lnet/minecraft/block/FlowerPotBlock;} {} {V}
[12二月2026 17:13:02.026] [main/DEBUG] [cpw.mods.modlauncher.TransformStore/MODLAUNCHER]: Adding transformer net.minecraftforge.coremod.transformer.CoreModClassTransformer@7efa3f63 to Target : CLASS {Lnet/minecraft/item/FishBucketItem;} {} {V}
[12二月2026 17:13:02.026] [main/DEBUG] [cpw.mods.modlauncher.TransformStore/MODLAUNCHER]: Adding transformer net.minecraftforge.coremod.transformer.CoreModClassTransformer@7134b8a7 to Target : CLASS {Lnet/minecraft/item/ItemStack;} {} {V}
[12二月2026 17:13:02.026] [main/DEBUG] [cpw.mods.modlauncher.TransformStore/MODLAUNCHER]: Adding transformer net.minecraftforge.coremod.transformer.CoreModClassTransformer@2262d6d5 to Target : CLASS {Lnet/minecraft/network/play/client/CClientSettingsPacket;} {} {V}
[12二月2026 17:13:02.026] [main/DEBUG] [cpw.mods.modlauncher.TransformStore/MODLAUNCHER]: Adding transformer net.minecraftforge.coremod.transformer.CoreModClassTransformer@40de8f93 to Target : CLASS {Lnet/minecraft/util/math/vector/TransformationMatrix;} {} {V}
[12二月2026 17:13:02.026] [main/DEBUG] [cpw.mods.modlauncher.TransformStore/MODLAUNCHER]: Adding transformer net.minecraftforge.coremod.transformer.CoreModClassTransformer@6ff0b1cc to Target : CLASS {Lnet/minecraft/util/math/vector/TransformationMatrix;} {} {V}
[12二月2026 17:13:02.026] [main/DEBUG] [cpw.mods.modlauncher.TransformStore/MODLAUNCHER]: Adding transformer net.minecraftforge.coremod.transformer.CoreModMethodTransformer@f3560d4 to Target : METHOD {Lnet/minecraft/util/datafix/DataFixesManager;} {addFixers} {(Lcom/mojang/datafixers/DataFixerBuilder;)V}
[12二月2026 17:13:02.026] [main/DEBUG] [cpw.mods.modlauncher.TransformStore/MODLAUNCHER]: Adding transformer net.minecraftforge.coremod.transformer.CoreModMethodTransformer@3ba3d4b6 to Target : METHOD {Lnet/minecraft/world/DimensionType;} {registerBuiltin} {(Lnet/minecraft/util/registry/DynamicRegistries$Impl;)Lnet/minecraft/util/registry/DynamicRegistries$Impl;}
[12二月2026 17:13:02.030] [main/DEBUG] [cpw.mods.modlauncher.TransformStore/MODLAUNCHER]: Adding transformer net.minecraftforge.coremod.transformer.CoreModMethodTransformer@51b77cdf to Target : METHOD {Lnet/minecraft/world/DimensionType;} {defaultDimensions} {(Lnet/minecraft/util/registry/Registry;Lnet/minecraft/util/registry/Registry;Lnet/minecraft/util/registry/Registry;J)Lnet/minecraft/util/registry/SimpleRegistry;}
[12二月2026 17:13:02.030] [main/DEBUG] [cpw.mods.modlauncher.TransformStore/MODLAUNCHER]: Adding transformer net.minecraftforge.coremod.transformer.CoreModMethodTransformer@441fbe89 to Target : METHOD {Lnet/minecraft/world/storage/SaveFormat;} {lambda$getReader$4} {(Lcom/mojang/serialization/DynamicOps;Lnet/minecraft/util/datafix/codec/DatapackCodec;Lnet/minecraft/world/storage/SaveFormat$LevelSave;Ljava/io/File;Lcom/mojang/datafixers/DataFixer;)Lnet/minecraft/world/storage/ServerWorldInfo;}
[12二月2026 17:13:02.030] [main/DEBUG] [cpw.mods.modlauncher.TransformStore/MODLAUNCHER]: Adding transformer net.minecraftforge.coremod.transformer.CoreModMethodTransformer@6088451e to Target : METHOD {Lnet/minecraft/world/DimensionType;} {parseLegacy} {(Lcom/mojang/serialization/Dynamic;)Lcom/mojang/serialization/DataResult;}
[12二月2026 17:13:02.030] [main/DEBUG] [cpw.mods.modlauncher.TransformStore/MODLAUNCHER]: Adding transformer net.minecraftforge.coremod.transformer.CoreModMethodTransformer@45ab3bdd to Target : METHOD {Lnet/minecraft/world/biome/Biome;} {shouldSnow} {(Lnet/minecraft/world/IWorldReader;Lnet/minecraft/util/math/BlockPos;)Z}
[12二月2026 17:13:02.030] [main/DEBUG] [cpw.mods.modlauncher.TransformStore/MODLAUNCHER]: Adding transformer net.minecraftforge.coremod.transformer.CoreModMethodTransformer@2f10f633 to Target : METHOD {Lnet/minecraft/world/biome/Biome;} {shouldFreeze} {(Lnet/minecraft/world/IWorldReader;Lnet/minecraft/util/math/BlockPos;Z)Z}
[12二月2026 17:13:02.030] [main/DEBUG] [cpw.mods.modlauncher.TransformStore/MODLAUNCHER]: Adding transformer net.minecraftforge.coremod.transformer.CoreModMethodTransformer@1642eeae to Target : METHOD {Lnet/minecraft/world/biome/Biome;} {getHeightAdjustedTemperature} {(Lnet/minecraft/util/math/BlockPos;)F}
[12二月2026 17:13:02.030] [main/DEBUG] [cpw.mods.modlauncher.TransformStore/MODLAUNCHER]: Adding transformer net.minecraftforge.coremod.transformer.CoreModMethodTransformer@3440e9cd to Target : METHOD {Lnet/minecraft/server/management/PlayerList;} {respawn} {(Lnet/minecraft/entity/player/ServerPlayerEntity;Z)Lnet/minecraft/entity/player/ServerPlayerEntity;}
[12二月2026 17:13:02.030] [main/DEBUG] [cpw.mods.modlauncher.TransformStore/MODLAUNCHER]: Adding transformer net.minecraftforge.coremod.transformer.CoreModMethodTransformer@28a9494b to Target : METHOD {Lnet/minecraft/server/management/PlayerList;} {respawn} {(Lnet/minecraft/entity/player/ServerPlayerEntity;Z)Lnet/minecraft/entity/player/ServerPlayerEntity;}
[12二月2026 17:13:02.030] [main/DEBUG] [cpw.mods.modlauncher.TransformStore/MODLAUNCHER]: Adding transformer net.minecraftforge.coremod.transformer.CoreModMethodTransformer@a09303 to Target : METHOD {Lnet/minecraft/server/management/PlayerList;} {respawn} {(Lnet/minecraft/entity/player/ServerPlayerEntity;Z)Lnet/minecraft/entity/player/ServerPlayerEntity;}
[12二月2026 17:13:02.030] [main/DEBUG] [cpw.mods.modlauncher.TransformStore/MODLAUNCHER]: Adding transformer net.minecraftforge.coremod.transformer.CoreModMethodTransformer@1163a27 to Target : METHOD {Lnet/minecraft/client/entity/player/AbstractClientPlayerEntity;} {getFieldOfViewModifier} {()F}
[12二月2026 17:13:02.030] [main/DEBUG] [cpw.mods.modlauncher.TransformStore/MODLAUNCHER]: Adding transformer net.minecraftforge.coremod.transformer.CoreModMethodTransformer@322ba549 to Target : METHOD {Lnet/minecraft/client/renderer/FirstPersonRenderer;} {renderHandsWithItems} {(FLcom/mojang/blaze3d/matrix/MatrixStack;Lnet/minecraft/client/renderer/IRenderTypeBuffer$Impl;Lnet/minecraft/client/entity/player/ClientPlayerEntity;I)V}
[12二月2026 17:13:02.030] [main/DEBUG] [cpw.mods.modlauncher.TransformStore/MODLAUNCHER]: Adding transformer net.minecraftforge.coremod.transformer.CoreModMethodTransformer@502a4156 to Target : METHOD {Lnet/minecraft/client/renderer/entity/model/SkeletonModel;} {prepareMobModel} {(Lnet/minecraft/entity/MobEntity;FFF)V}
[12二月2026 17:13:02.030] [main/DEBUG] [cpw.mods.modlauncher.TransformStore/MODLAUNCHER]: Adding transformer net.minecraftforge.coremod.transformer.CoreModMethodTransformer@5416f8db to Target : METHOD {Lnet/minecraft/client/renderer/entity/model/SkeletonModel;} {setupAnim} {(Lnet/minecraft/entity/MobEntity;FFFFF)V}
[12二月2026 17:13:02.030] [main/DEBUG] [cpw.mods.modlauncher.TransformStore/MODLAUNCHER]: Adding transformer net.minecraftforge.coremod.transformer.CoreModMethodTransformer@64e1377c to Target : METHOD {Lnet/minecraft/entity/monster/AbstractSkeletonEntity;} {canFireProjectileWeapon} {(Lnet/minecraft/item/ShootableItem;)Z}
[12二月2026 17:13:02.030] [main/DEBUG] [cpw.mods.modlauncher.TransformStore/MODLAUNCHER]: Adding transformer net.minecraftforge.coremod.transformer.CoreModMethodTransformer@b0fd744 to Target : METHOD {Lnet/minecraft/entity/monster/AbstractSkeletonEntity;} {reassessWeaponGoal} {()V}
[12二月2026 17:13:02.030] [main/DEBUG] [cpw.mods.modlauncher.TransformStore/MODLAUNCHER]: Adding transformer net.minecraftforge.coremod.transformer.CoreModMethodTransformer@92d1782 to Target : METHOD {Lnet/minecraft/client/renderer/FirstPersonRenderer;} {renderHandsWithItems} {(FLcom/mojang/blaze3d/matrix/MatrixStack;Lnet/minecraft/client/renderer/IRenderTypeBuffer$Impl;Lnet/minecraft/client/entity/player/ClientPlayerEntity;I)V}
[12二月2026 17:13:02.032] [main/DEBUG] [cpw.mods.modlauncher.TransformStore/MODLAUNCHER]: Adding transformer net.minecraftforge.coremod.transformer.CoreModMethodTransformer@6a1ef65c to Target : METHOD {Lnet/minecraft/client/renderer/FirstPersonRenderer;} {renderArmWithItem} {(Lnet/minecraft/client/entity/player/AbstractClientPlayerEntity;FFLnet/minecraft/util/Hand;FLnet/minecraft/item/ItemStack;FLcom/mojang/blaze3d/matrix/MatrixStack;Lnet/minecraft/client/renderer/IRenderTypeBuffer;I)V}
[12二月2026 17:13:02.032] [main/DEBUG] [cpw.mods.modlauncher.TransformStore/MODLAUNCHER]: Adding transformer net.minecraftforge.coremod.transformer.CoreModMethodTransformer@72976b4 to Target : METHOD {Lnet/minecraft/client/renderer/entity/PlayerRenderer;} {getArmPose} {(Lnet/minecraft/client/entity/player/AbstractClientPlayerEntity;Lnet/minecraft/util/Hand;)Lnet/minecraft/client/renderer/entity/model/BipedModel$ArmPose;}
[12二月2026 17:13:02.032] [main/DEBUG] [cpw.mods.modlauncher.TransformStore/MODLAUNCHER]: Adding transformer net.minecraftforge.coremod.transformer.CoreModMethodTransformer@726934e2 to Target : METHOD {Lnet/minecraft/entity/monster/PillagerEntity;} {canFireProjectileWeapon} {(Lnet/minecraft/item/ShootableItem;)Z}
[12二月2026 17:13:02.032] [main/DEBUG] [cpw.mods.modlauncher.TransformStore/MODLAUNCHER]: Adding transformer net.minecraftforge.coremod.transformer.CoreModMethodTransformer@1319bc2a to Target : METHOD {Lnet/minecraft/entity/monster/PillagerEntity;} {enchantSpawnedWeapon} {(F)V}
[12二月2026 17:13:02.032] [main/DEBUG] [cpw.mods.modlauncher.TransformStore/MODLAUNCHER]: Adding transformer net.minecraftforge.coremod.transformer.CoreModMethodTransformer@e280403 to Target : METHOD {Lnet/minecraft/entity/monster/piglin/PiglinEntity;} {canReplaceCurrentItem} {(Lnet/minecraft/item/ItemStack;Lnet/minecraft/item/ItemStack;)Z}
[12二月2026 17:13:02.032] [main/DEBUG] [cpw.mods.modlauncher.TransformStore/MODLAUNCHER]: Adding transformer net.minecraftforge.coremod.transformer.CoreModMethodTransformer@42f85fa4 to Target : METHOD {Lnet/minecraft/entity/monster/piglin/PiglinEntity;} {canFireProjectileWeapon} {(Lnet/minecraft/item/ShootableItem;)Z}
[12二月2026 17:13:02.032] [main/DEBUG] [cpw.mods.modlauncher.TransformStore/MODLAUNCHER]: Adding transformer net.minecraftforge.coremod.transformer.CoreModMethodTransformer@798dad3d to Target : METHOD {Lnet/minecraft/item/CrossbowItem;} {getShootingPower} {(Lnet/minecraft/item/ItemStack;)F}
[12二月2026 17:13:02.032] [main/DEBUG] [cpw.mods.modlauncher.TransformStore/MODLAUNCHER]: Adding transformer net.minecraftforge.coremod.transformer.CoreModMethodTransformer@27abb6ca to Target : METHOD {Lnet/minecraft/item/Item;} {useOnRelease} {(Lnet/minecraft/item/ItemStack;)Z}
[12二月2026 17:13:02.034] [main/DEBUG] [cpw.mods.modlauncher.TransformStore/MODLAUNCHER]: Adding transformer net.minecraftforge.coremod.transformer.CoreModMethodTransformer@696db620 to Target : METHOD {Lnet/minecraft/client/renderer/FirstPersonRenderer;} {renderArmWithItem} {(Lnet/minecraft/client/entity/player/AbstractClientPlayerEntity;FFLnet/minecraft/util/Hand;FLnet/minecraft/item/ItemStack;FLcom/mojang/blaze3d/matrix/MatrixStack;Lnet/minecraft/client/renderer/IRenderTypeBuffer;I)V}
[12二月2026 17:13:02.034] [main/DEBUG] [cpw.mods.modlauncher.TransformStore/MODLAUNCHER]: Adding transformer net.minecraftforge.coremod.transformer.CoreModMethodTransformer@6968c1d6 to Target : METHOD {Lnet/minecraft/entity/item/ItemFrameEntity;} {removeFramedMap} {(Lnet/minecraft/item/ItemStack;)V}
[12二月2026 17:13:02.034] [main/DEBUG] [cpw.mods.modlauncher.TransformStore/MODLAUNCHER]: Adding transformer net.minecraftforge.coremod.transformer.CoreModMethodTransformer@7d986d83 to Target : METHOD {Lnet/minecraft/inventory/container/CartographyContainer$3;} {mayPlace} {(Lnet/minecraft/item/ItemStack;)Z}
[12二月2026 17:13:02.034] [main/DEBUG] [cpw.mods.modlauncher.TransformStore/MODLAUNCHER]: Adding transformer net.minecraftforge.coremod.transformer.CoreModMethodTransformer@77f991c to Target : METHOD {Lnet/minecraft/inventory/container/CartographyContainer;} {quickMoveStack} {(Lnet/minecraft/entity/player/PlayerEntity;I)Lnet/minecraft/item/ItemStack;}
[12二月2026 17:13:02.034] [main/DEBUG] [cpw.mods.modlauncher.TransformStore/MODLAUNCHER]: Adding transformer net.minecraftforge.coremod.transformer.CoreModMethodTransformer@3a7e365 to Target : METHOD {Lnet/minecraft/item/ItemStack;} {getTooltipLines} {(Lnet/minecraft/entity/player/PlayerEntity;Lnet/minecraft/client/util/ITooltipFlag;)Ljava/util/List;}
[12二月2026 17:13:02.034] [main/DEBUG] [cpw.mods.modlauncher.TransformStore/MODLAUNCHER]: Adding transformer net.minecraftforge.coremod.transformer.CoreModMethodTransformer@2ceee4b6 to Target : METHOD {Lnet/minecraft/client/renderer/entity/FishRenderer;} {render} {(Lnet/minecraft/entity/projectile/FishingBobberEntity;FFLcom/mojang/blaze3d/matrix/MatrixStack;Lnet/minecraft/client/renderer/IRenderTypeBuffer;I)V}
[12二月2026 17:13:02.034] [main/DEBUG] [cpw.mods.modlauncher.TransformStore/MODLAUNCHER]: Adding transformer net.minecraftforge.coremod.transformer.CoreModMethodTransformer@12a470dd to Target : METHOD {Lnet/minecraft/entity/projectile/FishingBobberEntity;} {shouldStopFishing} {(Lnet/minecraft/entity/player/PlayerEntity;)Z}
[12二月2026 17:13:02.034] [main/DEBUG] [cpw.mods.modlauncher.TransformStore/MODLAUNCHER]: Adding transformer net.minecraftforge.coremod.transformer.CoreModMethodTransformer@6968bcec to Target : METHOD {Lnet/minecraft/block/BeehiveBlock;} {use} {(Lnet/minecraft/block/BlockState;Lnet/minecraft/world/World;Lnet/minecraft/util/math/BlockPos;Lnet/minecraft/entity/player/PlayerEntity;Lnet/minecraft/util/Hand;Lnet/minecraft/util/math/BlockRayTraceResult;)Lnet/minecraft/util/ActionResultType;}
[12二月2026 17:13:02.034] [main/DEBUG] [cpw.mods.modlauncher.TransformStore/MODLAUNCHER]: Adding transformer net.minecraftforge.coremod.transformer.CoreModMethodTransformer@5568c66f to Target : METHOD {Lnet/minecraft/block/PumpkinBlock;} {use} {(Lnet/minecraft/block/BlockState;Lnet/minecraft/world/World;Lnet/minecraft/util/math/BlockPos;Lnet/minecraft/entity/player/PlayerEntity;Lnet/minecraft/util/Hand;Lnet/minecraft/util/math/BlockRayTraceResult;)Lnet/minecraft/util/ActionResultType;}
[12二月2026 17:13:02.034] [main/DEBUG] [cpw.mods.modlauncher.TransformStore/MODLAUNCHER]: Adding transformer net.minecraftforge.coremod.transformer.CoreModMethodTransformer@e784320 to Target : METHOD {Lnet/minecraft/block/TripWireBlock;} {playerWillDestroy} {(Lnet/minecraft/world/World;Lnet/minecraft/util/math/BlockPos;Lnet/minecraft/block/BlockState;Lnet/minecraft/entity/player/PlayerEntity;)V}
[12二月2026 17:13:02.034] [main/DEBUG] [cpw.mods.modlauncher.TransformStore/MODLAUNCHER]: Adding transformer net.minecraftforge.coremod.transformer.CoreModMethodTransformer@3f6bf8aa to Target : METHOD {Lnet/minecraft/enchantment/EfficiencyEnchantment;} {canEnchant} {(Lnet/minecraft/item/ItemStack;)Z}
[12二月2026 17:13:02.034] [main/DEBUG] [cpw.mods.modlauncher.TransformStore/MODLAUNCHER]: Adding transformer net.minecraftforge.coremod.transformer.CoreModMethodTransformer@13c8ac77 to Target : METHOD {Lnet/minecraft/entity/passive/MooshroomEntity;} {mobInteract} {(Lnet/minecraft/entity/player/PlayerEntity;Lnet/minecraft/util/Hand;)Lnet/minecraft/util/ActionResultType;}
[12二月2026 17:13:02.034] [main/DEBUG] [cpw.mods.modlauncher.TransformStore/MODLAUNCHER]: Adding transformer net.minecraftforge.coremod.transformer.CoreModMethodTransformer@4bdf to Target : METHOD {Lnet/minecraft/entity/passive/SheepEntity;} {mobInteract} {(Lnet/minecraft/entity/player/PlayerEntity;Lnet/minecraft/util/Hand;)Lnet/minecraft/util/ActionResultType;}
[12二月2026 17:13:02.034] [main/DEBUG] [cpw.mods.modlauncher.TransformStore/MODLAUNCHER]: Adding transformer net.minecraftforge.coremod.transformer.CoreModMethodTransformer@4cad79bc to Target : METHOD {Lnet/minecraft/entity/passive/SnowGolemEntity;} {mobInteract} {(Lnet/minecraft/entity/player/PlayerEntity;Lnet/minecraft/util/Hand;)Lnet/minecraft/util/ActionResultType;}
[12二月2026 17:13:02.034] [main/DEBUG] [cpw.mods.modlauncher.TransformationServiceDecorator/MODLAUNCHER]: Initialized transformers for transformation service fml
[12二月2026 17:13:02.054] [main/DEBUG] [mixin/]: Processing prepare() for PlatformAgent[MixinPlatformAgentDefault:ModLauncher Root Container(ModLauncher:4f56a0a2)]
[12二月2026 17:13:02.054] [main/DEBUG] [mixin/]: Registering mixin config: lotrfa.mixins.json
[12二月2026 17:13:02.064] [main/DEBUG] [mixin/]: Processing launch tasks for PlatformAgent[MixinPlatformAgentDefault:ModLauncher Root Container(ModLauncher:4f56a0a2)]
[12二月2026 17:13:02.064] [main/DEBUG] [mixin/]: Adding mixin platform agents for container ContainerHandleModLauncher.Resource(client-extra.jar:C:\Users\ASUS\.gradle\caches\forge_gradle\minecraft_repo\versions\1.16.5\client-extra.jar)
[12二月2026 17:13:02.064] [main/DEBUG] [mixin/]: Instancing new MixinPlatformAgentMinecraftForge for ContainerHandleModLauncher.Resource(client-extra.jar:C:\Users\ASUS\.gradle\caches\forge_gradle\minecraft_repo\versions\1.16.5\client-extra.jar)
[12二月2026 17:13:02.064] [main/DEBUG] [mixin/]: MixinPlatformAgentMinecraftForge rejected container ContainerHandleModLauncher.Resource(client-extra.jar:C:\Users\ASUS\.gradle\caches\forge_gradle\minecraft_repo\versions\1.16.5\client-extra.jar)
[12二月2026 17:13:02.064] [main/DEBUG] [mixin/]: Instancing new MixinPlatformAgentDefault for ContainerHandleModLauncher.Resource(client-extra.jar:C:\Users\ASUS\.gradle\caches\forge_gradle\minecraft_repo\versions\1.16.5\client-extra.jar)
[12二月2026 17:13:02.064] [main/DEBUG] [mixin/]: MixinPlatformAgentDefault accepted container ContainerHandleModLauncher.Resource(client-extra.jar:C:\Users\ASUS\.gradle\caches\forge_gradle\minecraft_repo\versions\1.16.5\client-extra.jar)
[12二月2026 17:13:02.064] [main/DEBUG] [mixin/]: Processing prepare() for PlatformAgent[MixinPlatformAgentDefault:ContainerHandleModLauncher.Resource(client-extra.jar:C:\Users\ASUS\.gradle\caches\forge_gradle\minecraft_repo\versions\1.16.5\client-extra.jar)]
[12二月2026 17:13:02.064] [main/DEBUG] [mixin/]: Adding mixin platform agents for container ContainerHandleModLauncher.Resource(the-lord-of-the-rings-mod-renewed-406893-3661524_mapped_official_1.16.5.jar:C:\Users\ASUS\.gradle\caches\forge_gradle\deobf_dependencies\curse\maven\the-lord-of-the-rings-mod-renewed-406893\3661524_mapped_official_1.16.5\the-lord-of-the-rings-mod-renewed-406893-3661524_mapped_official_1.16.5.jar)
[12二月2026 17:13:02.064] [main/DEBUG] [mixin/]: Instancing new MixinPlatformAgentMinecraftForge for ContainerHandleModLauncher.Resource(the-lord-of-the-rings-mod-renewed-406893-3661524_mapped_official_1.16.5.jar:C:\Users\ASUS\.gradle\caches\forge_gradle\deobf_dependencies\curse\maven\the-lord-of-the-rings-mod-renewed-406893\3661524_mapped_official_1.16.5\the-lord-of-the-rings-mod-renewed-406893-3661524_mapped_official_1.16.5.jar)
[12二月2026 17:13:02.064] [main/DEBUG] [mixin/]: MixinPlatformAgentMinecraftForge rejected container ContainerHandleModLauncher.Resource(the-lord-of-the-rings-mod-renewed-406893-3661524_mapped_official_1.16.5.jar:C:\Users\ASUS\.gradle\caches\forge_gradle\deobf_dependencies\curse\maven\the-lord-of-the-rings-mod-renewed-406893\3661524_mapped_official_1.16.5\the-lord-of-the-rings-mod-renewed-406893-3661524_mapped_official_1.16.5.jar)
[12二月2026 17:13:02.064] [main/DEBUG] [mixin/]: Instancing new MixinPlatformAgentDefault for ContainerHandleModLauncher.Resource(the-lord-of-the-rings-mod-renewed-406893-3661524_mapped_official_1.16.5.jar:C:\Users\ASUS\.gradle\caches\forge_gradle\deobf_dependencies\curse\maven\the-lord-of-the-rings-mod-renewed-406893\3661524_mapped_official_1.16.5\the-lord-of-the-rings-mod-renewed-406893-3661524_mapped_official_1.16.5.jar)
[12二月2026 17:13:02.064] [main/DEBUG] [mixin/]: MixinPlatformAgentDefault accepted container ContainerHandleModLauncher.Resource(the-lord-of-the-rings-mod-renewed-406893-3661524_mapped_official_1.16.5.jar:C:\Users\ASUS\.gradle\caches\forge_gradle\deobf_dependencies\curse\maven\the-lord-of-the-rings-mod-renewed-406893\3661524_mapped_official_1.16.5\the-lord-of-the-rings-mod-renewed-406893-3661524_mapped_official_1.16.5.jar)
[12二月2026 17:13:02.064] [main/DEBUG] [mixin/]: Processing prepare() for PlatformAgent[MixinPlatformAgentDefault:ContainerHandleModLauncher.Resource(the-lord-of-the-rings-mod-renewed-406893-3661524_mapped_official_1.16.5.jar:C:\Users\ASUS\.gradle\caches\forge_gradle\deobf_dependencies\curse\maven\the-lord-of-the-rings-mod-renewed-406893\3661524_mapped_official_1.16.5\the-lord-of-the-rings-mod-renewed-406893-3661524_mapped_official_1.16.5.jar)]
[12二月2026 17:13:02.064] [main/DEBUG] [mixin/]: Adding mixin platform agents for container ContainerHandleModLauncher.Resource(main:E:\MinecraftMods\LOTRFA\build\resources\main)
[12二月2026 17:13:02.064] [main/DEBUG] [mixin/]: Instancing new MixinPlatformAgentMinecraftForge for ContainerHandleModLauncher.Resource(main:E:\MinecraftMods\LOTRFA\build\resources\main)
[12二月2026 17:13:02.064] [main/DEBUG] [mixin/]: MixinPlatformAgentMinecraftForge rejected container ContainerHandleModLauncher.Resource(main:E:\MinecraftMods\LOTRFA\build\resources\main)
[12二月2026 17:13:02.064] [main/DEBUG] [mixin/]: Instancing new MixinPlatformAgentDefault for ContainerHandleModLauncher.Resource(main:E:\MinecraftMods\LOTRFA\build\resources\main)
[12二月2026 17:13:02.064] [main/DEBUG] [mixin/]: MixinPlatformAgentDefault accepted container ContainerHandleModLauncher.Resource(main:E:\MinecraftMods\LOTRFA\build\resources\main)
[12二月2026 17:13:02.064] [main/DEBUG] [mixin/]: Processing prepare() for PlatformAgent[MixinPlatformAgentDefault:ContainerHandleModLauncher.Resource(main:E:\MinecraftMods\LOTRFA\build\resources\main)]
[12二月2026 17:13:02.064] [main/DEBUG] [mixin/]: Adding mixin platform agents for container ContainerHandleModLauncher.Resource(forge-1.16.5-36.2.42_mapped_official_1.16.5-recomp.jar:C:\Users\ASUS\.gradle\caches\forge_gradle\minecraft_user_repo\net\minecraftforge\forge\1.16.5-36.2.42_mapped_official_1.16.5\forge-1.16.5-36.2.42_mapped_official_1.16.5-recomp.jar)
[12二月2026 17:13:02.064] [main/DEBUG] [mixin/]: Instancing new MixinPlatformAgentMinecraftForge for ContainerHandleModLauncher.Resource(forge-1.16.5-36.2.42_mapped_official_1.16.5-recomp.jar:C:\Users\ASUS\.gradle\caches\forge_gradle\minecraft_user_repo\net\minecraftforge\forge\1.16.5-36.2.42_mapped_official_1.16.5\forge-1.16.5-36.2.42_mapped_official_1.16.5-recomp.jar)
[12二月2026 17:13:02.064] [main/DEBUG] [mixin/]: MixinPlatformAgentMinecraftForge rejected container ContainerHandleModLauncher.Resource(forge-1.16.5-36.2.42_mapped_official_1.16.5-recomp.jar:C:\Users\ASUS\.gradle\caches\forge_gradle\minecraft_user_repo\net\minecraftforge\forge\1.16.5-36.2.42_mapped_official_1.16.5\forge-1.16.5-36.2.42_mapped_official_1.16.5-recomp.jar)
[12二月2026 17:13:02.064] [main/DEBUG] [mixin/]: Instancing new MixinPlatformAgentDefault for ContainerHandleModLauncher.Resource(forge-1.16.5-36.2.42_mapped_official_1.16.5-recomp.jar:C:\Users\ASUS\.gradle\caches\forge_gradle\minecraft_user_repo\net\minecraftforge\forge\1.16.5-36.2.42_mapped_official_1.16.5\forge-1.16.5-36.2.42_mapped_official_1.16.5-recomp.jar)
[12二月2026 17:13:02.064] [main/DEBUG] [mixin/]: MixinPlatformAgentDefault accepted container ContainerHandleModLauncher.Resource(forge-1.16.5-36.2.42_mapped_official_1.16.5-recomp.jar:C:\Users\ASUS\.gradle\caches\forge_gradle\minecraft_user_repo\net\minecraftforge\forge\1.16.5-36.2.42_mapped_official_1.16.5\forge-1.16.5-36.2.42_mapped_official_1.16.5-recomp.jar)
[12二月2026 17:13:02.064] [main/DEBUG] [mixin/]: Processing prepare() for PlatformAgent[MixinPlatformAgentDefault:ContainerHandleModLauncher.Resource(forge-1.16.5-36.2.42_mapped_official_1.16.5-recomp.jar:C:\Users\ASUS\.gradle\caches\forge_gradle\minecraft_user_repo\net\minecraftforge\forge\1.16.5-36.2.42_mapped_official_1.16.5\forge-1.16.5-36.2.42_mapped_official_1.16.5-recomp.jar)]
[12二月2026 17:13:02.064] [main/DEBUG] [mixin/]: inject() running with 5 agents
[12二月2026 17:13:02.064] [main/DEBUG] [mixin/]: Processing inject() for PlatformAgent[MixinPlatformAgentDefault:ModLauncher Root Container(ModLauncher:4f56a0a2)]
[12二月2026 17:13:02.064] [main/DEBUG] [mixin/]: Processing inject() for PlatformAgent[MixinPlatformAgentDefault:ContainerHandleModLauncher.Resource(client-extra.jar:C:\Users\ASUS\.gradle\caches\forge_gradle\minecraft_repo\versions\1.16.5\client-extra.jar)]
[12二月2026 17:13:02.064] [main/DEBUG] [mixin/]: Processing inject() for PlatformAgent[MixinPlatformAgentDefault:ContainerHandleModLauncher.Resource(the-lord-of-the-rings-mod-renewed-406893-3661524_mapped_official_1.16.5.jar:C:\Users\ASUS\.gradle\caches\forge_gradle\deobf_dependencies\curse\maven\the-lord-of-the-rings-mod-renewed-406893\3661524_mapped_official_1.16.5\the-lord-of-the-rings-mod-renewed-406893-3661524_mapped_official_1.16.5.jar)]
[12二月2026 17:13:02.064] [main/DEBUG] [mixin/]: Processing inject() for PlatformAgent[MixinPlatformAgentDefault:ContainerHandleModLauncher.Resource(main:E:\MinecraftMods\LOTRFA\build\resources\main)]
[12二月2026 17:13:02.064] [main/DEBUG] [mixin/]: Processing inject() for PlatformAgent[MixinPlatformAgentDefault:ContainerHandleModLauncher.Resource(forge-1.16.5-36.2.42_mapped_official_1.16.5-recomp.jar:C:\Users\ASUS\.gradle\caches\forge_gradle\minecraft_user_repo\net\minecraftforge\forge\1.16.5-36.2.42_mapped_official_1.16.5\forge-1.16.5-36.2.42_mapped_official_1.16.5-recomp.jar)]
[12二月2026 17:13:02.064] [main/INFO] [cpw.mods.modlauncher.LaunchServiceHandler/MODLAUNCHER]: Launching target 'fmluserdevclient' with arguments [--version, MOD_DEV, --gameDir, ., --assetsDir, C:\Users\ASUS\.gradle\caches\forge_gradle\assets, --assetIndex, 1.16, --username, Dev, --accessToken, ❄❄❄❄❄❄❄❄, --userProperties, {}]
[12二月2026 17:13:02.064] [main/DEBUG] [net.minecraftforge.userdev.FMLUserdevClientLaunchProvider/CORE]: Launching minecraft in cpw.mods.modlauncher.TransformingClassLoader@32bb0072 with arguments [--version, MOD_DEV, --gameDir, ., --assetsDir, C:\Users\ASUS\.gradle\caches\forge_gradle\assets, --assetIndex, 1.16, --username, Dev, --accessToken, DONT_CRASH, --userProperties, {}]
[12二月2026 17:13:02.104] [main/DEBUG] [mixin/]: Error cleaning class output directory: .mixin.out
[12二月2026 17:13:02.113] [main/DEBUG] [mixin/]: Preparing mixins for MixinEnvironment[DEFAULT]
[12二月2026 17:13:02.113] [main/DEBUG] [mixin/]: Selecting config lotrfa.mixins.json
[12二月2026 17:13:02.124] [main/WARN] [mixin/]: Reference map 'lotrfa.refmap.json' for lotrfa.mixins.json could not be read. If this is a development environment you can ignore this message
[12二月2026 17:13:02.124] [main/DEBUG] [mixin/]: Preparing lotrfa.mixins.json (0)
[12二月2026 17:13:02.420] [main/DEBUG] [io.netty.util.internal.logging.InternalLoggerFactory/]: Using SLF4J as the default logging framework
[12二月2026 17:13:02.420] [main/DEBUG] [io.netty.util.ResourceLeakDetector/]: -Dio.netty.leakDetection.level: simple
[12二月2026 17:13:02.420] [main/DEBUG] [io.netty.util.ResourceLeakDetector/]: -Dio.netty.leakDetection.targetRecords: 4
[12二月2026 17:13:02.612] [pool-3-thread-1/DEBUG] [net.minecraftforge.coremod.transformer.CoreModBaseTransformer/COREMOD]: Transforming useOnRelease with desc (Lnet/minecraft/item/ItemStack;)Z
[12二月2026 17:13:02.693] [pool-3-thread-1/DEBUG] [net.minecraftforge.coremod.transformer.CoreModBaseTransformer/COREMOD]: Transforming getHeightAdjustedTemperature with desc (Lnet/minecraft/util/math/BlockPos;)F
[12二月2026 17:13:02.713] [pool-3-thread-1/DEBUG] [net.minecraftforge.coremod.transformer.CoreModBaseTransformer/COREMOD]: Transforming shouldFreeze with desc (Lnet/minecraft/world/IWorldReader;Lnet/minecraft/util/math/BlockPos;Z)Z
[12二月2026 17:13:02.713] [pool-3-thread-1/DEBUG] [net.minecraftforge.coremod.transformer.CoreModBaseTransformer/COREMOD]: Transforming shouldSnow with desc (Lnet/minecraft/world/IWorldReader;Lnet/minecraft/util/math/BlockPos;)Z
[12二月2026 17:13:02.786] [pool-3-thread-1/DEBUG] [net.minecraftforge.coremod.transformer.CoreModBaseTransformer/COREMOD]: Transforming net/minecraft/block/FlowingFluidBlock
[12二月2026 17:13:02.834] [pool-3-thread-1/DEBUG] [net.minecraftforge.coremod.transformer.CoreModBaseTransformer/COREMOD]: Transforming net/minecraft/block/StairsBlock
[12二月2026 17:13:02.871] [pool-3-thread-1/DEBUG] [net.minecraftforge.coremod.transformer.CoreModBaseTransformer/COREMOD]: Transforming use with desc (Lnet/minecraft/block/BlockState;Lnet/minecraft/world/World;Lnet/minecraft/util/math/BlockPos;Lnet/minecraft/entity/player/PlayerEntity;Lnet/minecraft/util/Hand;Lnet/minecraft/util/math/BlockRayTraceResult;)Lnet/minecraft/util/ActionResultType;
[12二月2026 17:13:02.908] [pool-3-thread-1/DEBUG] [net.minecraftforge.coremod.transformer.CoreModBaseTransformer/COREMOD]: Transforming playerWillDestroy with desc (Lnet/minecraft/world/World;Lnet/minecraft/util/math/BlockPos;Lnet/minecraft/block/BlockState;Lnet/minecraft/entity/player/PlayerEntity;)V
[12二月2026 17:13:02.912] [pool-3-thread-1/DEBUG] [net.minecraftforge.coremod.transformer.CoreModBaseTransformer/COREMOD]: Transforming net/minecraft/block/FlowerPotBlock
[12二月2026 17:13:02.986] [pool-3-thread-1/DEBUG] [net.minecraftforge.coremod.transformer.CoreModBaseTransformer/COREMOD]: Transforming use with desc (Lnet/minecraft/block/BlockState;Lnet/minecraft/world/World;Lnet/minecraft/util/math/BlockPos;Lnet/minecraft/entity/player/PlayerEntity;Lnet/minecraft/util/Hand;Lnet/minecraft/util/math/BlockRayTraceResult;)Lnet/minecraft/util/ActionResultType;
[12二月2026 17:13:03.419] [pool-3-thread-1/DEBUG] [net.minecraftforge.coremod.transformer.CoreModBaseTransformer/COREMOD]: Transforming mobInteract with desc (Lnet/minecraft/entity/player/PlayerEntity;Lnet/minecraft/util/Hand;)Lnet/minecraft/util/ActionResultType;
[12二月2026 17:13:03.620] [pool-3-thread-1/DEBUG] [net.minecraftforge.coremod.transformer.CoreModBaseTransformer/COREMOD]: Transforming quickMoveStack with desc (Lnet/minecraft/entity/player/PlayerEntity;I)Lnet/minecraft/item/ItemStack;
[12二月2026 17:13:03.777] [pool-3-thread-1/DEBUG] [net.minecraftforge.coremod.transformer.CoreModBaseTransformer/COREMOD]: Transforming addFixers with desc (Lcom/mojang/datafixers/DataFixerBuilder;)V
[12二月2026 17:13:04.335] [pool-3-thread-1/DEBUG] [net.minecraftforge.coremod.transformer.CoreModBaseTransformer/COREMOD]: Transforming getTooltipLines with desc (Lnet/minecraft/entity/player/PlayerEntity;Lnet/minecraft/client/util/ITooltipFlag;)Ljava/util/List;
[12二月2026 17:13:04.355] [pool-3-thread-1/DEBUG] [net.minecraftforge.coremod.transformer.CoreModBaseTransformer/COREMOD]: Transforming net/minecraft/item/ItemStack
[12二月2026 17:13:04.372] [pool-3-thread-1/DEBUG] [net.minecraftforge.coremod.transformer.CoreModBaseTransformer/COREMOD]: Transforming removeFramedMap with desc (Lnet/minecraft/item/ItemStack;)V
[12二月2026 17:13:04.414] [pool-3-thread-1/DEBUG] [net.minecraftforge.coremod.transformer.CoreModBaseTransformer/COREMOD]: Transforming mobInteract with desc (Lnet/minecraft/entity/player/PlayerEntity;Lnet/minecraft/util/Hand;)Lnet/minecraft/util/ActionResultType;
[12二月2026 17:13:04.693] [pool-3-thread-1/DEBUG] [net.minecraftforge.coremod.transformer.CoreModBaseTransformer/COREMOD]: Transforming canFireProjectileWeapon with desc (Lnet/minecraft/item/ShootableItem;)Z
[12二月2026 17:13:04.694] [pool-3-thread-1/DEBUG] [net.minecraftforge.coremod.transformer.CoreModBaseTransformer/COREMOD]: Transforming canReplaceCurrentItem with desc (Lnet/minecraft/item/ItemStack;Lnet/minecraft/item/ItemStack;)Z
[12二月2026 17:13:04.701] [pool-3-thread-1/DEBUG] [net.minecraftforge.coremod.transformer.CoreModBaseTransformer/COREMOD]: Transforming canFireProjectileWeapon with desc (Lnet/minecraft/item/ShootableItem;)Z
[12二月2026 17:13:04.701] [pool-3-thread-1/DEBUG] [net.minecraftforge.coremod.transformer.CoreModBaseTransformer/COREMOD]: Transforming enchantSpawnedWeapon with desc (F)V
[12二月2026 17:13:04.736] [pool-3-thread-1/DEBUG] [net.minecraftforge.coremod.transformer.CoreModBaseTransformer/COREMOD]: Transforming mobInteract with desc (Lnet/minecraft/entity/player/PlayerEntity;Lnet/minecraft/util/Hand;)Lnet/minecraft/util/ActionResultType;
[12二月2026 17:13:04.756] [pool-3-thread-1/DEBUG] [net.minecraftforge.coremod.transformer.CoreModBaseTransformer/COREMOD]: Transforming reassessWeaponGoal with desc ()V
[12二月2026 17:13:04.762] [pool-3-thread-1/DEBUG] [net.minecraftforge.coremod.transformer.CoreModBaseTransformer/COREMOD]: Transforming canFireProjectileWeapon with desc (Lnet/minecraft/item/ShootableItem;)Z
[12二月2026 17:13:05.210] [pool-3-thread-1/DEBUG] [net.minecraftforge.coremod.transformer.CoreModBaseTransformer/COREMOD]: Transforming canEnchant with desc (Lnet/minecraft/item/ItemStack;)Z
[12二月2026 17:13:05.266] [pool-3-thread-1/DEBUG] [net.minecraftforge.coremod.transformer.CoreModBaseTransformer/COREMOD]: Transforming net/minecraft/item/BucketItem
[12二月2026 17:13:05.272] [pool-3-thread-1/DEBUG] [net.minecraftforge.coremod.transformer.CoreModBaseTransformer/COREMOD]: Transforming net/minecraft/item/FishBucketItem
[12二月2026 17:13:05.311] [pool-3-thread-1/DEBUG] [net.minecraftforge.coremod.transformer.CoreModBaseTransformer/COREMOD]: Transforming getShootingPower with desc (Lnet/minecraft/item/ItemStack;)F
[12二月2026 17:13:05.373] [pool-3-thread-1/DEBUG] [net.minecraftforge.coremod.transformer.CoreModBaseTransformer/COREMOD]: Transforming net/minecraft/potion/EffectInstance
[12二月2026 17:13:05.410] [pool-3-thread-1/DEBUG] [net.minecraftforge.coremod.transformer.CoreModBaseTransformer/COREMOD]: Transforming shouldStopFishing with desc (Lnet/minecraft/entity/player/PlayerEntity;)Z
[12二月2026 17:13:05.658] [pool-3-thread-1/DEBUG] [net.minecraftforge.coremod.transformer.CoreModBaseTransformer/COREMOD]: Transforming mayPlace with desc (Lnet/minecraft/item/ItemStack;)Z
[12二月2026 17:13:06.021] [pool-3-thread-1/DEBUG] [net.minecraftforge.registries.GameData/REGISTRIES]: Creating vanilla freeze snapshot
[12二月2026 17:13:06.021] [pool-3-thread-1/DEBUG] [net.minecraftforge.registries.ForgeRegistry/REGISTRIES]: Registry minecraft:block Sync: VANILLA -> ACTIVE
[12二月2026 17:13:06.021] [pool-3-thread-1/DEBUG] [net.minecraftforge.registries.ForgeRegistry/REGISTRIES]: Registry minecraft:fluid Sync: VANILLA -> ACTIVE
[12二月2026 17:13:06.021] [pool-3-thread-1/DEBUG] [net.minecraftforge.registries.ForgeRegistry/REGISTRIES]: Registry minecraft:item Sync: VANILLA -> ACTIVE
[12二月2026 17:13:06.030] [pool-3-thread-1/DEBUG] [net.minecraftforge.registries.ForgeRegistry/REGISTRIES]: Registry minecraft:mob_effect Sync: VANILLA -> ACTIVE
[12二月2026 17:13:06.030] [pool-3-thread-1/DEBUG] [net.minecraftforge.registries.ForgeRegistry/REGISTRIES]: Registry minecraft:sound_event Sync: VANILLA -> ACTIVE
[12二月2026 17:13:06.032] [pool-3-thread-1/DEBUG] [net.minecraftforge.registries.ForgeRegistry/REGISTRIES]: Registry minecraft:potion Sync: VANILLA -> ACTIVE
[12二月2026 17:13:06.032] [pool-3-thread-1/DEBUG] [net.minecraftforge.registries.ForgeRegistry/REGISTRIES]: Registry minecraft:enchantment Sync: VANILLA -> ACTIVE
[12二月2026 17:13:06.032] [pool-3-thread-1/DEBUG] [net.minecraftforge.registries.ForgeRegistry/REGISTRIES]: Registry minecraft:entity_type Sync: VANILLA -> ACTIVE
[12二月2026 17:13:06.034] [pool-3-thread-1/DEBUG] [net.minecraftforge.registries.ForgeRegistry/REGISTRIES]: Registry minecraft:block_entity_type Sync: VANILLA -> ACTIVE
[12二月2026 17:13:06.034] [pool-3-thread-1/DEBUG] [net.minecraftforge.registries.ForgeRegistry/REGISTRIES]: Registry minecraft:particle_type Sync: VANILLA -> ACTIVE
[12二月2026 17:13:06.034] [pool-3-thread-1/DEBUG] [net.minecraftforge.registries.ForgeRegistry/REGISTRIES]: Registry minecraft:menu Sync: VANILLA -> ACTIVE
[12二月2026 17:13:06.034] [pool-3-thread-1/DEBUG] [net.minecraftforge.registries.ForgeRegistry/REGISTRIES]: Registry minecraft:motive Sync: VANILLA -> ACTIVE
[12二月2026 17:13:06.034] [pool-3-thread-1/DEBUG] [net.minecraftforge.registries.ForgeRegistry/REGISTRIES]: Registry minecraft:recipe_serializer Sync: VANILLA -> ACTIVE
[12二月2026 17:13:06.034] [pool-3-thread-1/DEBUG] [net.minecraftforge.registries.ForgeRegistry/REGISTRIES]: Registry minecraft:attribute Sync: VANILLA -> ACTIVE
[12二月2026 17:13:06.034] [pool-3-thread-1/DEBUG] [net.minecraftforge.registries.ForgeRegistry/REGISTRIES]: Registry minecraft:stat_type Sync: VANILLA -> ACTIVE
[12二月2026 17:13:06.034] [pool-3-thread-1/DEBUG] [net.minecraftforge.registries.ForgeRegistry/REGISTRIES]: Registry minecraft:villager_profession Sync: VANILLA -> ACTIVE
[12二月2026 17:13:06.034] [pool-3-thread-1/DEBUG] [net.minecraftforge.registries.ForgeRegistry/REGISTRIES]: Registry minecraft:point_of_interest_type Sync: VANILLA -> ACTIVE
[12二月2026 17:13:06.034] [pool-3-thread-1/DEBUG] [net.minecraftforge.registries.ForgeRegistry/REGISTRIES]: Registry minecraft:memory_module_type Sync: VANILLA -> ACTIVE
[12二月2026 17:13:06.034] [pool-3-thread-1/DEBUG] [net.minecraftforge.registries.ForgeRegistry/REGISTRIES]: Registry minecraft:sensor_type Sync: VANILLA -> ACTIVE
[12二月2026 17:13:06.034] [pool-3-thread-1/DEBUG] [net.minecraftforge.registries.ForgeRegistry/REGISTRIES]: Registry minecraft:schedule Sync: VANILLA -> ACTIVE
[12二月2026 17:13:06.034] [pool-3-thread-1/DEBUG] [net.minecraftforge.registries.ForgeRegistry/REGISTRIES]: Registry minecraft:activity Sync: VANILLA -> ACTIVE
[12二月2026 17:13:06.034] [pool-3-thread-1/DEBUG] [net.minecraftforge.registries.ForgeRegistry/REGISTRIES]: Registry minecraft:worldgen/carver Sync: VANILLA -> ACTIVE
[12二月2026 17:13:06.036] [pool-3-thread-1/DEBUG] [net.minecraftforge.registries.ForgeRegistry/REGISTRIES]: Registry minecraft:worldgen/surface_builder Sync: VANILLA -> ACTIVE
[12二月2026 17:13:06.036] [pool-3-thread-1/DEBUG] [net.minecraftforge.registries.ForgeRegistry/REGISTRIES]: Registry minecraft:worldgen/feature Sync: VANILLA -> ACTIVE
[12二月2026 17:13:06.036] [pool-3-thread-1/DEBUG] [net.minecraftforge.registries.ForgeRegistry/REGISTRIES]: Registry minecraft:worldgen/decorator Sync: VANILLA -> ACTIVE
[12二月2026 17:13:06.036] [pool-3-thread-1/DEBUG] [net.minecraftforge.registries.ForgeRegistry/REGISTRIES]: Registry minecraft:chunk_status Sync: VANILLA -> ACTIVE
[12二月2026 17:13:06.036] [pool-3-thread-1/DEBUG] [net.minecraftforge.registries.ForgeRegistry/REGISTRIES]: Registry minecraft:worldgen/structure_feature Sync: VANILLA -> ACTIVE
[12二月2026 17:13:06.036] [pool-3-thread-1/DEBUG] [net.minecraftforge.registries.ForgeRegistry/REGISTRIES]: Registry minecraft:worldgen/block_state_provider_type Sync: VANILLA -> ACTIVE
[12二月2026 17:13:06.036] [pool-3-thread-1/DEBUG] [net.minecraftforge.registries.ForgeRegistry/REGISTRIES]: Registry minecraft:worldgen/block_placer_type Sync: VANILLA -> ACTIVE
[12二月2026 17:13:06.036] [pool-3-thread-1/DEBUG] [net.minecraftforge.registries.ForgeRegistry/REGISTRIES]: Registry minecraft:worldgen/foliage_placer_type Sync: VANILLA -> ACTIVE
[12二月2026 17:13:06.036] [pool-3-thread-1/DEBUG] [net.minecraftforge.registries.ForgeRegistry/REGISTRIES]: Registry minecraft:worldgen/tree_decorator_type Sync: VANILLA -> ACTIVE
[12二月2026 17:13:06.036] [pool-3-thread-1/DEBUG] [net.minecraftforge.registries.ForgeRegistry/REGISTRIES]: Registry minecraft:worldgen/biome Sync: VANILLA -> ACTIVE
[12二月2026 17:13:06.036] [pool-3-thread-1/DEBUG] [net.minecraftforge.registries.ForgeRegistry/REGISTRIES]: Registry minecraft:data_serializers Sync: VANILLA -> ACTIVE
[12二月2026 17:13:06.036] [pool-3-thread-1/DEBUG] [net.minecraftforge.registries.ForgeRegistry/REGISTRIES]: Registry forge:loot_modifier_serializers Sync: VANILLA -> ACTIVE
[12二月2026 17:13:06.036] [pool-3-thread-1/DEBUG] [net.minecraftforge.registries.ForgeRegistry/REGISTRIES]: Registry forge:world_types Sync: VANILLA -> ACTIVE
[12二月2026 17:13:06.052] [pool-3-thread-1/DEBUG] [net.minecraftforge.registries.GameData/REGISTRIES]: Vanilla freeze snapshot created
[12二月2026 17:13:06.139] [Render thread/DEBUG] [net.minecraftforge.coremod.transformer.CoreModBaseTransformer/COREMOD]: Transforming getFieldOfViewModifier with desc ()F
[12二月2026 17:13:06.297] [Render thread/INFO] [com.mojang.authlib.yggdrasil.YggdrasilAuthenticationService/]: Environment: authHost='https://authserver.mojang.com', accountsHost='https://api.mojang.com', sessionHost='https://sessionserver.mojang.com', servicesHost='https://api.minecraftservices.com', name='PROD'
[12二月2026 17:13:07.258] [Render thread/INFO] [net.minecraft.client.Minecraft/]: Setting user: Dev
[12二月2026 17:13:07.328] [Render thread/INFO] [net.minecraft.client.Minecraft/]: Backend library: LWJGL version 3.2.2 build 10
[12二月2026 17:13:07.599] [Render thread/DEBUG] [net.minecraftforge.fml.ForgeI18n/CORE]: Loading I18N data entries: 4980
[12二月2026 17:13:07.622] [Render thread/DEBUG] [io.netty.util.internal.PlatformDependent/]: Platform: Windows
[12二月2026 17:13:07.623] [Render thread/DEBUG] [io.netty.util.internal.PlatformDependent0/]: -Dio.netty.noUnsafe: false
[12二月2026 17:13:07.624] [Render thread/DEBUG] [io.netty.util.internal.PlatformDependent0/]: Java version: 8
[12二月2026 17:13:07.624] [Render thread/DEBUG] [io.netty.util.internal.PlatformDependent0/]: sun.misc.Unsafe.theUnsafe: available
[12二月2026 17:13:07.625] [Render thread/DEBUG] [io.netty.util.internal.PlatformDependent0/]: sun.misc.Unsafe.copyMemory: available
[12二月2026 17:13:07.625] [Render thread/DEBUG] [io.netty.util.internal.PlatformDependent0/]: java.nio.Buffer.address: available
[12二月2026 17:13:07.625] [Render thread/DEBUG] [io.netty.util.internal.PlatformDependent0/]: direct buffer constructor: available
[12二月2026 17:13:07.626] [Render thread/DEBUG] [io.netty.util.internal.PlatformDependent0/]: java.nio.Bits.unaligned: available, true
[12二月2026 17:13:07.626] [Render thread/DEBUG] [io.netty.util.internal.PlatformDependent0/]: jdk.internal.misc.Unsafe.allocateUninitializedArray(int): unavailable prior to Java9
[12二月2026 17:13:07.626] [Render thread/DEBUG] [io.netty.util.internal.PlatformDependent0/]: java.nio.DirectByteBuffer.<init>(long, int): available
[12二月2026 17:13:07.626] [Render thread/DEBUG] [io.netty.util.internal.PlatformDependent/]: sun.misc.Unsafe: available
[12二月2026 17:13:07.626] [Render thread/DEBUG] [io.netty.util.internal.PlatformDependent/]: -Dio.netty.tmpdir: C:\Users\ASUS\AppData\Local\Temp (java.io.tmpdir)
[12二月2026 17:13:07.626] [Render thread/DEBUG] [io.netty.util.internal.PlatformDependent/]: -Dio.netty.bitMode: 64 (sun.arch.data.model)
[12二月2026 17:13:07.627] [Render thread/DEBUG] [io.netty.util.internal.PlatformDependent/]: -Dio.netty.noPreferDirect: false
[12二月2026 17:13:07.627] [Render thread/DEBUG] [io.netty.util.internal.PlatformDependent/]: -Dio.netty.maxDirectMemory: 7572291584 bytes
[12二月2026 17:13:07.627] [Render thread/DEBUG] [io.netty.util.internal.PlatformDependent/]: -Dio.netty.uninitializedArrayAllocationThreshold: -1
[12二月2026 17:13:07.628] [Render thread/DEBUG] [io.netty.util.internal.CleanerJava6/]: java.nio.ByteBuffer.cleaner(): available
[12二月2026 17:13:07.712] [Render thread/DEBUG] [net.minecraftforge.fml.ModLoader/CORE]: Loading Network data for FML net version: FML2
[12二月2026 17:13:07.717] [Render thread/DEBUG] [net.minecraftforge.fml.ModWorkManager/LOADING]: Using 24 threads for parallel mod-loading
[12二月2026 17:13:07.746] [Render thread/DEBUG] [net.minecraftforge.fml.javafmlmod.FMLJavaModLanguageProvider/LOADING]: Loading FMLModContainer from classloader cpw.mods.modlauncher.TransformingClassLoader@32bb0072 - got cpw.mods.modlauncher.TransformingClassLoader@32bb0072
[12二月2026 17:13:07.746] [Render thread/DEBUG] [net.minecraftforge.fml.javafmlmod.FMLModContainer/LOADING]: Creating FMLModContainer instance for lotr.common.LOTRMod with classLoader cpw.mods.modlauncher.TransformingClassLoader@32bb0072 & cpw.mods.modlauncher.TransformingClassLoader@32bb0072
[12二月2026 17:13:07.760] [Render thread/DEBUG] [net.minecraftforge.fml.javafmlmod.FMLJavaModLanguageProvider/LOADING]: Loading FMLModContainer from classloader cpw.mods.modlauncher.TransformingClassLoader@32bb0072 - got cpw.mods.modlauncher.TransformingClassLoader@32bb0072
[12二月2026 17:13:07.760] [Render thread/DEBUG] [net.minecraftforge.fml.javafmlmod.FMLModContainer/LOADING]: Creating FMLModContainer instance for lotrfa.common.LOTRFAMod with classLoader cpw.mods.modlauncher.TransformingClassLoader@32bb0072 & cpw.mods.modlauncher.TransformingClassLoader@32bb0072
[12二月2026 17:13:07.762] [Render thread/DEBUG] [net.minecraftforge.fml.javafmlmod.FMLJavaModLanguageProvider/LOADING]: Loading FMLModContainer from classloader cpw.mods.modlauncher.TransformingClassLoader@32bb0072 - got cpw.mods.modlauncher.TransformingClassLoader@32bb0072
[12二月2026 17:13:07.762] [Render thread/DEBUG] [net.minecraftforge.fml.javafmlmod.FMLModContainer/LOADING]: Creating FMLModContainer instance for net.minecraftforge.common.ForgeMod with classLoader cpw.mods.modlauncher.TransformingClassLoader@32bb0072 & cpw.mods.modlauncher.TransformingClassLoader@32bb0072
[12二月2026 17:13:07.781] [modloading-worker-11/DEBUG] [net.minecraftforge.versions.forge.ForgeVersion/CORE]: Forge Version package package net.minecraftforge.versions.forge, Forge, version 36.2 from cpw.mods.modlauncher.TransformingClassLoader@32bb0072
[12二月2026 17:13:07.781] [modloading-worker-4/INFO] [lotrfa.common.LOTRFAMod/]: ═══════════════════════════════════════
[12二月2026 17:13:07.782] [modloading-worker-4/INFO] [lotrfa.common.LOTRFAMod/]:   LOTR: First Age - 第一纪元
[12二月2026 17:13:07.782] [modloading-worker-4/INFO] [lotrfa.common.LOTRFAMod/]:   By Elenath123
[12二月2026 17:13:07.782] [modloading-worker-11/DEBUG] [net.minecraftforge.versions.forge.ForgeVersion/CORE]: Found Forge version 36.2.42
[12二月2026 17:13:07.782] [modloading-worker-4/INFO] [lotrfa.common.LOTRFAMod/]: ═══════════════════════════════════════
[12二月2026 17:13:07.782] [modloading-worker-11/DEBUG] [net.minecraftforge.versions.forge.ForgeVersion/CORE]: Found Forge spec 36.2
[12二月2026 17:13:07.782] [modloading-worker-11/DEBUG] [net.minecraftforge.versions.forge.ForgeVersion/CORE]: Found Forge group net.minecraftforge
[12二月2026 17:13:07.784] [modloading-worker-11/DEBUG] [net.minecraftforge.versions.mcp.MCPVersion/CORE]: Found MC version information 1.16.5
[12二月2026 17:13:07.784] [modloading-worker-11/DEBUG] [net.minecraftforge.versions.mcp.MCPVersion/CORE]: Found MCP version information 20210115.111550
[12二月2026 17:13:07.784] [modloading-worker-11/INFO] [net.minecraftforge.common.ForgeMod/FORGEMOD]: Forge mod loading, version 36.2.42, for MC 1.16.5 with MCP 20210115.111550
[12二月2026 17:13:07.785] [modloading-worker-11/INFO] [net.minecraftforge.common.MinecraftForge/FORGE]: MinecraftForge v36.2.42 Initialized
[12二月2026 17:13:07.788] [modloading-worker-4/INFO] [lotrfa.common.LOTRFAMod/]: Registering First Age registries...
[12二月2026 17:13:07.797] [modloading-worker-4/INFO] [lotrfa.common.LOTRFAMod/]: All registries registered successfully!
[12二月2026 17:13:07.801] [modloading-worker-4/INFO] [lotrfa.common.LOTRFAMod/]: First Age items initialized - 3 items registered
[12二月2026 17:13:07.806] [modloading-worker-4/DEBUG] [net.minecraftforge.fml.AutomaticEventSubscriber/LOADING]: Attempting to inject @EventBusSubscriber classes into the eventbus for lotrfa
[12二月2026 17:13:07.847] [modloading-worker-11/DEBUG] [net.minecraftforge.fml.config.ConfigTracker/CONFIG]: Config file forge-client.toml for forge tracking
[12二月2026 17:13:07.847] [modloading-worker-11/DEBUG] [net.minecraftforge.fml.config.ConfigTracker/CONFIG]: Config file forge-server.toml for forge tracking
[12二月2026 17:13:07.847] [modloading-worker-11/DEBUG] [net.minecraftforge.fml.config.ConfigTracker/CONFIG]: Config file forge-common.toml for forge tracking
[12二月2026 17:13:07.856] [modloading-worker-18/ERROR] [net.minecraftforge.common.ForgeConfigSpec.Builder/CORE]: Null comment for config option environment, this is invalid and may be disallowed in the future.
[12二月2026 17:13:07.857] [modloading-worker-18/ERROR] [net.minecraftforge.common.ForgeConfigSpec.Builder/CORE]: Null comment for config option environment, this is invalid and may be disallowed in the future.
[12二月2026 17:13:07.857] [modloading-worker-18/ERROR] [net.minecraftforge.common.ForgeConfigSpec.Builder/CORE]: Null comment for config option environment, this is invalid and may be disallowed in the future.
[12二月2026 17:13:07.857] [modloading-worker-18/ERROR] [net.minecraftforge.common.ForgeConfigSpec.Builder/CORE]: Null comment for config option environment, this is invalid and may be disallowed in the future.
[12二月2026 17:13:07.857] [modloading-worker-18/ERROR] [net.minecraftforge.common.ForgeConfigSpec.Builder/CORE]: Null comment for config option gui, this is invalid and may be disallowed in the future.
[12二月2026 17:13:07.857] [modloading-worker-18/ERROR] [net.minecraftforge.common.ForgeConfigSpec.Builder/CORE]: Null comment for config option gui, this is invalid and may be disallowed in the future.
[12二月2026 17:13:07.858] [modloading-worker-18/ERROR] [net.minecraftforge.common.ForgeConfigSpec.Builder/CORE]: Null comment for config option sound, this is invalid and may be disallowed in the future.
[12二月2026 17:13:07.858] [modloading-worker-18/ERROR] [net.minecraftforge.common.ForgeConfigSpec.Builder/CORE]: Null comment for config option sound, this is invalid and may be disallowed in the future.
[12二月2026 17:13:07.858] [modloading-worker-18/ERROR] [net.minecraftforge.common.ForgeConfigSpec.Builder/CORE]: Null comment for config option sound, this is invalid and may be disallowed in the future.
[12二月2026 17:13:07.859] [modloading-worker-18/ERROR] [net.minecraftforge.common.ForgeConfigSpec.Builder/CORE]: Null comment for config option gameplay, this is invalid and may be disallowed in the future.
[12二月2026 17:13:07.863] [modloading-worker-18/DEBUG] [net.minecraftforge.fml.config.ConfigTracker/CONFIG]: Config file lotr-client.toml for lotr tracking
[12二月2026 17:13:07.863] [modloading-worker-18/DEBUG] [net.minecraftforge.fml.config.ConfigTracker/CONFIG]: Config file lotr-common.toml for lotr tracking
[12二月2026 17:13:07.863] [modloading-worker-18/DEBUG] [net.minecraftforge.fml.config.ConfigTracker/CONFIG]: Config file lotr-server.toml for lotr tracking
[12二月2026 17:13:07.885] [modloading-worker-11/DEBUG] [net.minecraftforge.fml.AutomaticEventSubscriber/LOADING]: Attempting to inject @EventBusSubscriber classes into the eventbus for forge
[12二月2026 17:13:07.890] [modloading-worker-11/DEBUG] [net.minecraftforge.fml.AutomaticEventSubscriber/LOADING]: Auto-subscribing net.minecraftforge.common.ForgeSpawnEggItem$CommonHandler to MOD
[12二月2026 17:13:07.895] [modloading-worker-11/DEBUG] [net.minecraftforge.fml.AutomaticEventSubscriber/LOADING]: Auto-subscribing net.minecraftforge.common.ForgeSpawnEggItem$ColorRegisterHandler to MOD
[12二月2026 17:13:07.895] [modloading-worker-11/DEBUG] [net.minecraftforge.fml.AutomaticEventSubscriber/LOADING]: Auto-subscribing net.minecraftforge.client.model.ModelDataManager to FORGE
[12二月2026 17:13:08.273] [modloading-worker-18/ERROR] [lotr.common.LOTRLog/]: lotr: No data fixer registered for block entity {}
[12二月2026 17:13:08.273] [modloading-worker-18/ERROR] [lotr.common.LOTRLog/]: lotr: No data fixer registered for block entity {}
[12二月2026 17:13:08.273] [modloading-worker-18/ERROR] [lotr.common.LOTRLog/]: lotr: No data fixer registered for block entity {}
[12二月2026 17:13:08.273] [modloading-worker-18/ERROR] [lotr.common.LOTRLog/]: lotr: No data fixer registered for block entity {}
[12二月2026 17:13:08.273] [modloading-worker-18/ERROR] [lotr.common.LOTRLog/]: lotr: No data fixer registered for block entity {}
[12二月2026 17:13:08.273] [modloading-worker-18/ERROR] [lotr.common.LOTRLog/]: lotr: No data fixer registered for block entity {}
[12二月2026 17:13:08.274] [modloading-worker-18/ERROR] [lotr.common.LOTRLog/]: lotr: No data fixer registered for block entity {}
[12二月2026 17:13:08.274] [modloading-worker-18/ERROR] [lotr.common.LOTRLog/]: lotr: No data fixer registered for block entity {}
[12二月2026 17:13:08.274] [modloading-worker-18/ERROR] [lotr.common.LOTRLog/]: lotr: No data fixer registered for block entity {}
[12二月2026 17:13:08.274] [modloading-worker-18/ERROR] [lotr.common.LOTRLog/]: lotr: No data fixer registered for block entity {}
[12二月2026 17:13:08.275] [modloading-worker-18/ERROR] [lotr.common.LOTRLog/]: lotr: No data fixer registered for block entity {}
[12二月2026 17:13:08.444] [modloading-worker-18/DEBUG] [net.minecraftforge.coremod.transformer.CoreModBaseTransformer/COREMOD]: Transforming parseLegacy with desc (Lcom/mojang/serialization/Dynamic;)Lcom/mojang/serialization/DataResult;
[12二月2026 17:13:08.450] [modloading-worker-18/DEBUG] [net.minecraftforge.coremod.transformer.CoreModBaseTransformer/COREMOD]: Transforming registerBuiltin with desc (Lnet/minecraft/util/registry/DynamicRegistries$Impl;)Lnet/minecraft/util/registry/DynamicRegistries$Impl;
[12二月2026 17:13:08.453] [modloading-worker-18/DEBUG] [net.minecraftforge.coremod.transformer.CoreModBaseTransformer/COREMOD]: Transforming defaultDimensions with desc (Lnet/minecraft/util/registry/Registry;Lnet/minecraft/util/registry/Registry;Lnet/minecraft/util/registry/Registry;J)Lnet/minecraft/util/registry/SimpleRegistry;
[12二月2026 17:13:08.617] [modloading-worker-18/DEBUG] [net.minecraftforge.fml.AutomaticEventSubscriber/LOADING]: Attempting to inject @EventBusSubscriber classes into the eventbus for lotr
[12二月2026 17:13:08.627] [Render thread/DEBUG] [net.minecraftforge.registries.ObjectHolderRegistry/REGISTRIES]: Processing ObjectHolder annotations
[12二月2026 17:13:08.637] [Render thread/DEBUG] [net.minecraftforge.registries.ObjectHolderRegistry/REGISTRIES]: Found 6323 ObjectHolder annotations
[12二月2026 17:13:08.642] [Render thread/DEBUG] [net.minecraftforge.registries.GameData/REGISTRIES]: Registering custom tag type for: minecraft:potion
[12二月2026 17:13:08.642] [Render thread/DEBUG] [net.minecraftforge.registries.GameData/REGISTRIES]: Registering custom tag type for: minecraft:enchantment
[12二月2026 17:13:08.642] [Render thread/DEBUG] [net.minecraftforge.registries.GameData/REGISTRIES]: Registering custom tag type for: minecraft:block_entity_type
[12二月2026 17:13:10.149] [Render thread/INFO] [lotr.common.LOTRLog/]: lotr: Auto-registered 40 sign blocks
[12二月2026 17:13:10.163] [Render thread/DEBUG] [net.minecraftforge.registries.GameData/REGISTRIES]: Applying holder lookups: minecraft:block
[12二月2026 17:13:10.167] [Render thread/DEBUG] [net.minecraftforge.registries.GameData/REGISTRIES]: Holder lookups applied: minecraft:block
[12二月2026 17:13:10.197] [Render thread/DEBUG] [net.minecraftforge.registries.GameData/REGISTRIES]: Applying holder lookups: minecraft:item
[12二月2026 17:13:10.199] [Render thread/DEBUG] [net.minecraftforge.registries.GameData/REGISTRIES]: Holder lookups applied: minecraft:item
[12二月2026 17:13:10.211] [Render thread/DEBUG] [net.minecraftforge.registries.GameData/REGISTRIES]: Applying holder lookups: forge:loot_modifier_serializers
[12二月2026 17:13:10.212] [Render thread/DEBUG] [net.minecraftforge.registries.GameData/REGISTRIES]: Holder lookups applied: forge:loot_modifier_serializers
[12二月2026 17:13:10.212] [Render thread/DEBUG] [net.minecraftforge.registries.GameData/REGISTRIES]: Applying holder lookups: forge:world_types
[12二月2026 17:13:10.213] [Render thread/DEBUG] [net.minecraftforge.registries.GameData/REGISTRIES]: Holder lookups applied: forge:world_types
[12二月2026 17:13:10.213] [Render thread/DEBUG] [net.minecraftforge.registries.GameData/REGISTRIES]: Applying holder lookups: minecraft:activity
[12二月2026 17:13:10.214] [Render thread/DEBUG] [net.minecraftforge.registries.GameData/REGISTRIES]: Holder lookups applied: minecraft:activity
[12二月2026 17:13:10.219] [Render thread/DEBUG] [net.minecraftforge.registries.GameData/REGISTRIES]: Applying holder lookups: minecraft:attribute
[12二月2026 17:13:10.220] [Render thread/DEBUG] [net.minecraftforge.registries.GameData/REGISTRIES]: Holder lookups applied: minecraft:attribute
[12二月2026 17:13:10.228] [Render thread/DEBUG] [net.minecraftforge.registries.GameData/REGISTRIES]: Applying holder lookups: minecraft:block_entity_type
[12二月2026 17:13:10.229] [Render thread/DEBUG] [net.minecraftforge.registries.GameData/REGISTRIES]: Holder lookups applied: minecraft:block_entity_type
[12二月2026 17:13:10.229] [Render thread/DEBUG] [net.minecraftforge.registries.GameData/REGISTRIES]: Applying holder lookups: minecraft:chunk_status
[12二月2026 17:13:10.230] [Render thread/DEBUG] [net.minecraftforge.registries.GameData/REGISTRIES]: Holder lookups applied: minecraft:chunk_status
[12二月2026 17:13:10.230] [Render thread/DEBUG] [net.minecraftforge.registries.GameData/REGISTRIES]: Applying holder lookups: minecraft:data_serializers
[12二月2026 17:13:10.230] [Render thread/DEBUG] [net.minecraftforge.registries.GameData/REGISTRIES]: Holder lookups applied: minecraft:data_serializers
[12二月2026 17:13:10.230] [Render thread/DEBUG] [net.minecraftforge.registries.GameData/REGISTRIES]: Applying holder lookups: minecraft:enchantment
[12二月2026 17:13:10.231] [Render thread/DEBUG] [net.minecraftforge.registries.GameData/REGISTRIES]: Holder lookups applied: minecraft:enchantment
[12二月2026 17:13:10.236] [Render thread/DEBUG] [net.minecraftforge.registries.GameData/REGISTRIES]: Applying holder lookups: minecraft:entity_type
[12二月2026 17:13:10.237] [Render thread/DEBUG] [net.minecraftforge.registries.GameData/REGISTRIES]: Holder lookups applied: minecraft:entity_type
[12二月2026 17:13:10.237] [Render thread/DEBUG] [net.minecraftforge.registries.GameData/REGISTRIES]: Applying holder lookups: minecraft:fluid
[12二月2026 17:13:10.237] [Render thread/DEBUG] [net.minecraftforge.registries.GameData/REGISTRIES]: Holder lookups applied: minecraft:fluid
[12二月2026 17:13:10.237] [Render thread/DEBUG] [net.minecraftforge.registries.GameData/REGISTRIES]: Applying holder lookups: minecraft:memory_module_type
[12二月2026 17:13:10.238] [Render thread/DEBUG] [net.minecraftforge.registries.GameData/REGISTRIES]: Holder lookups applied: minecraft:memory_module_type
[12二月2026 17:13:10.242] [Render thread/DEBUG] [net.minecraftforge.registries.GameData/REGISTRIES]: Applying holder lookups: minecraft:menu
[12二月2026 17:13:10.243] [Render thread/DEBUG] [net.minecraftforge.registries.GameData/REGISTRIES]: Holder lookups applied: minecraft:menu
[12二月2026 17:13:10.243] [Render thread/DEBUG] [net.minecraftforge.registries.GameData/REGISTRIES]: Applying holder lookups: minecraft:mob_effect
[12二月2026 17:13:10.243] [Render thread/DEBUG] [net.minecraftforge.registries.GameData/REGISTRIES]: Holder lookups applied: minecraft:mob_effect
[12二月2026 17:13:10.243] [Render thread/DEBUG] [net.minecraftforge.registries.GameData/REGISTRIES]: Applying holder lookups: minecraft:motive
[12二月2026 17:13:10.243] [Render thread/DEBUG] [net.minecraftforge.registries.GameData/REGISTRIES]: Holder lookups applied: minecraft:motive
[12二月2026 17:13:10.244] [Render thread/DEBUG] [net.minecraftforge.registries.GameData/REGISTRIES]: Applying holder lookups: minecraft:particle_type
[12二月2026 17:13:10.244] [Render thread/DEBUG] [net.minecraftforge.registries.GameData/REGISTRIES]: Holder lookups applied: minecraft:particle_type
[12二月2026 17:13:10.244] [Render thread/DEBUG] [net.minecraftforge.registries.GameData/REGISTRIES]: Applying holder lookups: minecraft:point_of_interest_type
[12二月2026 17:13:10.244] [Render thread/DEBUG] [net.minecraftforge.registries.GameData/REGISTRIES]: Holder lookups applied: minecraft:point_of_interest_type
[12二月2026 17:13:10.244] [Render thread/DEBUG] [net.minecraftforge.registries.GameData/REGISTRIES]: Applying holder lookups: minecraft:potion
[12二月2026 17:13:10.244] [Render thread/DEBUG] [net.minecraftforge.registries.GameData/REGISTRIES]: Holder lookups applied: minecraft:potion
[12二月2026 17:13:10.263] [Render thread/DEBUG] [net.minecraftforge.registries.GameData/REGISTRIES]: Applying holder lookups: minecraft:recipe_serializer
[12二月2026 17:13:10.263] [Render thread/DEBUG] [net.minecraftforge.registries.GameData/REGISTRIES]: Holder lookups applied: minecraft:recipe_serializer
[12二月2026 17:13:10.263] [Render thread/DEBUG] [net.minecraftforge.registries.GameData/REGISTRIES]: Applying holder lookups: minecraft:schedule
[12二月2026 17:13:10.263] [Render thread/DEBUG] [net.minecraftforge.registries.GameData/REGISTRIES]: Holder lookups applied: minecraft:schedule
[12二月2026 17:13:10.263] [Render thread/DEBUG] [net.minecraftforge.registries.GameData/REGISTRIES]: Applying holder lookups: minecraft:sensor_type
[12二月2026 17:13:10.264] [Render thread/DEBUG] [net.minecraftforge.registries.GameData/REGISTRIES]: Holder lookups applied: minecraft:sensor_type
[12二月2026 17:13:10.264] [Render thread/DEBUG] [net.minecraftforge.registries.GameData/REGISTRIES]: Applying holder lookups: minecraft:sound_event
[12二月2026 17:13:10.264] [Render thread/DEBUG] [net.minecraftforge.registries.GameData/REGISTRIES]: Holder lookups applied: minecraft:sound_event
[12二月2026 17:13:10.264] [Render thread/DEBUG] [net.minecraftforge.registries.GameData/REGISTRIES]: Applying holder lookups: minecraft:stat_type
[12二月2026 17:13:10.264] [Render thread/DEBUG] [net.minecraftforge.registries.GameData/REGISTRIES]: Holder lookups applied: minecraft:stat_type
[12二月2026 17:13:10.264] [Render thread/DEBUG] [net.minecraftforge.registries.GameData/REGISTRIES]: Applying holder lookups: minecraft:villager_profession
[12二月2026 17:13:10.265] [Render thread/DEBUG] [net.minecraftforge.registries.GameData/REGISTRIES]: Holder lookups applied: minecraft:villager_profession
[12二月2026 17:13:10.291] [Render thread/DEBUG] [net.minecraftforge.registries.GameData/REGISTRIES]: Applying holder lookups: minecraft:worldgen/biome
[12二月2026 17:13:10.292] [Render thread/DEBUG] [net.minecraftforge.registries.GameData/REGISTRIES]: Holder lookups applied: minecraft:worldgen/biome
[12二月2026 17:13:10.292] [Render thread/DEBUG] [net.minecraftforge.registries.GameData/REGISTRIES]: Applying holder lookups: minecraft:worldgen/block_placer_type
[12二月2026 17:13:10.292] [Render thread/DEBUG] [net.minecraftforge.registries.GameData/REGISTRIES]: Holder lookups applied: minecraft:worldgen/block_placer_type
[12二月2026 17:13:10.292] [Render thread/DEBUG] [net.minecraftforge.registries.GameData/REGISTRIES]: Applying holder lookups: minecraft:worldgen/block_state_provider_type
[12二月2026 17:13:10.292] [Render thread/DEBUG] [net.minecraftforge.registries.GameData/REGISTRIES]: Holder lookups applied: minecraft:worldgen/block_state_provider_type
[12二月2026 17:13:10.292] [Render thread/DEBUG] [net.minecraftforge.registries.GameData/REGISTRIES]: Applying holder lookups: minecraft:worldgen/carver
[12二月2026 17:13:10.292] [Render thread/DEBUG] [net.minecraftforge.registries.GameData/REGISTRIES]: Holder lookups applied: minecraft:worldgen/carver
[12二月2026 17:13:10.292] [Render thread/DEBUG] [net.minecraftforge.registries.GameData/REGISTRIES]: Applying holder lookups: minecraft:worldgen/decorator
[12二月2026 17:13:10.292] [Render thread/DEBUG] [net.minecraftforge.registries.GameData/REGISTRIES]: Holder lookups applied: minecraft:worldgen/decorator
[12二月2026 17:13:10.292] [Render thread/DEBUG] [net.minecraftforge.registries.GameData/REGISTRIES]: Applying holder lookups: minecraft:worldgen/feature
[12二月2026 17:13:10.293] [Render thread/DEBUG] [net.minecraftforge.registries.GameData/REGISTRIES]: Holder lookups applied: minecraft:worldgen/feature
[12二月2026 17:13:10.293] [Render thread/DEBUG] [net.minecraftforge.registries.GameData/REGISTRIES]: Applying holder lookups: minecraft:worldgen/foliage_placer_type
[12二月2026 17:13:10.293] [Render thread/DEBUG] [net.minecraftforge.registries.GameData/REGISTRIES]: Holder lookups applied: minecraft:worldgen/foliage_placer_type
[12二月2026 17:13:10.293] [Render thread/DEBUG] [net.minecraftforge.registries.GameData/REGISTRIES]: Applying holder lookups: minecraft:worldgen/structure_feature
[12二月2026 17:13:10.293] [Render thread/DEBUG] [net.minecraftforge.registries.GameData/REGISTRIES]: Holder lookups applied: minecraft:worldgen/structure_feature
[12二月2026 17:13:10.293] [Render thread/DEBUG] [net.minecraftforge.registries.GameData/REGISTRIES]: Applying holder lookups: minecraft:worldgen/surface_builder
[12二月2026 17:13:10.293] [Render thread/DEBUG] [net.minecraftforge.registries.GameData/REGISTRIES]: Holder lookups applied: minecraft:worldgen/surface_builder
[12二月2026 17:13:10.293] [Render thread/DEBUG] [net.minecraftforge.registries.GameData/REGISTRIES]: Applying holder lookups: minecraft:worldgen/tree_decorator_type
[12二月2026 17:13:10.293] [Render thread/DEBUG] [net.minecraftforge.registries.GameData/REGISTRIES]: Holder lookups applied: minecraft:worldgen/tree_decorator_type
[12二月2026 17:13:10.367] [Render thread/DEBUG] [net.minecraftforge.fml.client.ClientModLoader/CORE]: Generating PackInfo named mod:lotr for mod file C:\Users\ASUS\.gradle\caches\forge_gradle\deobf_dependencies\curse\maven\the-lord-of-the-rings-mod-renewed-406893\3661524_mapped_official_1.16.5\the-lord-of-the-rings-mod-renewed-406893-3661524_mapped_official_1.16.5.jar
[12二月2026 17:13:10.368] [Render thread/DEBUG] [net.minecraftforge.fml.client.ClientModLoader/CORE]: Generating PackInfo named mod:lotrfa for mod file E:\MinecraftMods\LOTRFA\build\resources\main
[12二月2026 17:13:10.368] [Render thread/DEBUG] [net.minecraftforge.fml.client.ClientModLoader/CORE]: Generating PackInfo named mod:forge for mod file C:\Users\ASUS\.gradle\caches\forge_gradle\minecraft_user_repo\net\minecraftforge\forge\1.16.5-36.2.42_mapped_official_1.16.5\forge-1.16.5-36.2.42_mapped_official_1.16.5-recomp.jar
[12二月2026 17:13:10.388] [Render thread/DEBUG] [net.minecraftforge.coremod.transformer.CoreModBaseTransformer/COREMOD]: Transforming lambda$getReader$4 with desc (Lcom/mojang/serialization/DynamicOps;Lnet/minecraft/util/datafix/codec/DatapackCodec;Lnet/minecraft/world/storage/SaveFormat$LevelSave;Ljava/io/File;Lcom/mojang/datafixers/DataFixer;)Lnet/minecraft/world/storage/ServerWorldInfo;
[12二月2026 17:13:10.484] [Render thread/DEBUG] [net.minecraftforge.coremod.transformer.CoreModBaseTransformer/COREMOD]: Transforming render with desc (Lnet/minecraft/entity/projectile/FishingBobberEntity;FFLcom/mojang/blaze3d/matrix/MatrixStack;Lnet/minecraft/client/renderer/IRenderTypeBuffer;I)V
[12二月2026 17:13:10.522] [Render thread/DEBUG] [net.minecraftforge.coremod.transformer.CoreModBaseTransformer/COREMOD]: Transforming getArmPose with desc (Lnet/minecraft/client/entity/player/AbstractClientPlayerEntity;Lnet/minecraft/util/Hand;)Lnet/minecraft/client/renderer/entity/model/BipedModel$ArmPose;
[12二月2026 17:13:10.606] [Render thread/DEBUG] [net.minecraftforge.coremod.transformer.CoreModBaseTransformer/COREMOD]: Transforming prepareMobModel with desc (Lnet/minecraft/entity/MobEntity;FFF)V
[12二月2026 17:13:10.607] [Render thread/DEBUG] [net.minecraftforge.coremod.transformer.CoreModBaseTransformer/COREMOD]: Transforming setupAnim with desc (Lnet/minecraft/entity/MobEntity;FFFFF)V
[12二月2026 17:13:10.636] [Render thread/DEBUG] [net.minecraftforge.coremod.transformer.CoreModBaseTransformer/COREMOD]: Transforming renderHandsWithItems with desc (FLcom/mojang/blaze3d/matrix/MatrixStack;Lnet/minecraft/client/renderer/IRenderTypeBuffer$Impl;Lnet/minecraft/client/entity/player/ClientPlayerEntity;I)V
[12二月2026 17:13:10.637] [Render thread/DEBUG] [net.minecraftforge.coremod.transformer.CoreModBaseTransformer/COREMOD]: Transforming renderHandsWithItems with desc (FLcom/mojang/blaze3d/matrix/MatrixStack;Lnet/minecraft/client/renderer/IRenderTypeBuffer$Impl;Lnet/minecraft/client/entity/player/ClientPlayerEntity;I)V
[12二月2026 17:13:10.638] [Render thread/DEBUG] [net.minecraftforge.coremod.transformer.CoreModBaseTransformer/COREMOD]: Transforming renderArmWithItem with desc (Lnet/minecraft/client/entity/player/AbstractClientPlayerEntity;FFLnet/minecraft/util/Hand;FLnet/minecraft/item/ItemStack;FLcom/mojang/blaze3d/matrix/MatrixStack;Lnet/minecraft/client/renderer/IRenderTypeBuffer;I)V
[12二月2026 17:13:10.641] [Render thread/DEBUG] [net.minecraftforge.coremod.transformer.CoreModBaseTransformer/COREMOD]: Transforming renderArmWithItem with desc (Lnet/minecraft/client/entity/player/AbstractClientPlayerEntity;FFLnet/minecraft/util/Hand;FLnet/minecraft/item/ItemStack;FLcom/mojang/blaze3d/matrix/MatrixStack;Lnet/minecraft/client/renderer/IRenderTypeBuffer;I)V
[12二月2026 17:13:10.683] [Render thread/DEBUG] [net.minecraftforge.coremod.transformer.CoreModBaseTransformer/COREMOD]: Transforming net/minecraft/util/math/vector/TransformationMatrix
[12二月2026 17:13:10.695] [Render thread/DEBUG] [net.minecraftforge.coremod.transformer.CoreModBaseTransformer/COREMOD]: Transforming net/minecraft/util/math/vector/TransformationMatrix
[12二月2026 17:13:10.824] [Render thread/DEBUG] [io.netty.util.internal.InternalThreadLocalMap/]: -Dio.netty.threadLocalMap.stringBuilder.initialSize: 1024
[12二月2026 17:13:10.824] [Render thread/DEBUG] [io.netty.util.internal.InternalThreadLocalMap/]: -Dio.netty.threadLocalMap.stringBuilder.maxSize: 4096
[12二月2026 17:13:10.824] [Render thread/DEBUG] [io.netty.util.internal.ThreadLocalRandom/]: -Dio.netty.initialSeedUniquifier: 0x13156d1787d15f56
[12二月2026 17:13:10.991] [Render thread/INFO] [com.mojang.text2speech.NarratorWindows/]: Narrator library for x64 successfully loaded
[12二月2026 17:13:11.096] [Render thread/INFO] [net.minecraft.resources.SimpleReloadableResourceManager/]: Reloading ResourceManager: Default, Mod Resources
[12二月2026 17:13:11.101] [modloading-worker-18/DEBUG] [net.minecraftforge.fml.config.ConfigTracker/CONFIG]: Loading configs type CLIENT
[12二月2026 17:13:11.102] [modloading-worker-18/DEBUG] [net.minecraftforge.fml.config.ConfigFileTypeHandler/CONFIG]: Built TOML config for E:\MinecraftMods\LOTRFA\run\config\forge-client.toml
[12二月2026 17:13:11.105] [modloading-worker-18/DEBUG] [net.minecraftforge.fml.config.ConfigFileTypeHandler/CONFIG]: Loaded TOML config file E:\MinecraftMods\LOTRFA\run\config\forge-client.toml
[12二月2026 17:13:11.106] [modloading-worker-18/DEBUG] [net.minecraftforge.fml.config.ConfigFileTypeHandler/CONFIG]: Watching TOML config file E:\MinecraftMods\LOTRFA\run\config\forge-client.toml for changes
[12二月2026 17:13:11.107] [modloading-worker-18/DEBUG] [net.minecraftforge.common.ForgeConfig/FORGEMOD]: Loaded forge config file forge-client.toml
[12二月2026 17:13:11.108] [modloading-worker-18/DEBUG] [net.minecraftforge.fml.config.ConfigFileTypeHandler/CONFIG]: Built TOML config for E:\MinecraftMods\LOTRFA\run\config\lotr-client.toml
[12二月2026 17:13:11.110] [modloading-worker-18/DEBUG] [net.minecraftforge.fml.config.ConfigFileTypeHandler/CONFIG]: Loaded TOML config file E:\MinecraftMods\LOTRFA\run\config\lotr-client.toml
[12二月2026 17:13:11.111] [modloading-worker-18/DEBUG] [net.minecraftforge.fml.config.ConfigFileTypeHandler/CONFIG]: Watching TOML config file E:\MinecraftMods\LOTRFA\run\config\lotr-client.toml for changes
[12二月2026 17:13:11.112] [modloading-worker-18/DEBUG] [net.minecraftforge.fml.config.ConfigTracker/CONFIG]: Loading configs type COMMON
[12二月2026 17:13:11.112] [modloading-worker-18/DEBUG] [net.minecraftforge.fml.config.ConfigFileTypeHandler/CONFIG]: Built TOML config for E:\MinecraftMods\LOTRFA\run\config\forge-common.toml
[12二月2026 17:13:11.113] [modloading-worker-18/DEBUG] [net.minecraftforge.fml.config.ConfigFileTypeHandler/CONFIG]: Loaded TOML config file E:\MinecraftMods\LOTRFA\run\config\forge-common.toml
[12二月2026 17:13:11.113] [modloading-worker-18/DEBUG] [net.minecraftforge.fml.config.ConfigFileTypeHandler/CONFIG]: Watching TOML config file E:\MinecraftMods\LOTRFA\run\config\forge-common.toml for changes
[12二月2026 17:13:11.113] [modloading-worker-18/DEBUG] [net.minecraftforge.common.ForgeConfig/FORGEMOD]: Loaded forge config file forge-common.toml
[12二月2026 17:13:11.114] [modloading-worker-18/DEBUG] [net.minecraftforge.fml.config.ConfigFileTypeHandler/CONFIG]: Built TOML config for E:\MinecraftMods\LOTRFA\run\config\lotr-common.toml
[12二月2026 17:13:11.114] [modloading-worker-18/DEBUG] [net.minecraftforge.fml.config.ConfigFileTypeHandler/CONFIG]: Loaded TOML config file E:\MinecraftMods\LOTRFA\run\config\lotr-common.toml
[12二月2026 17:13:11.116] [Thread-1/DEBUG] [net.minecraftforge.fml.config.ConfigFileTypeHandler/CONFIG]: Config file lotr-client.toml changed, sending notifies
[12二月2026 17:13:11.116] [modloading-worker-18/DEBUG] [net.minecraftforge.fml.config.ConfigFileTypeHandler/CONFIG]: Watching TOML config file E:\MinecraftMods\LOTRFA\run\config\lotr-common.toml for changes
[12二月2026 17:13:11.118] [Worker-Main-10/INFO] [lotrfa.common.LOTRFAMod/]: Common setup complete - 通用设置完成
[12二月2026 17:13:11.145] [Forge Version Check/INFO] [net.minecraftforge.fml.VersionChecker/]: [forge] Starting version check at https://files.minecraftforge.net/net/minecraftforge/forge/promotions_slim.json
[12二月2026 17:13:11.287] [Render thread/DEBUG] [net.minecraftforge.fml.client.ClientModLoader/LOADING]: Running pre client event work
[12二月2026 17:13:11.614] [Worker-Main-12/INFO] [lotrfa.common.LOTRFAMod/]: Client setup complete - 客户端设置完成
[12二月2026 17:13:11.647] [Render thread/DEBUG] [net.minecraftforge.fml.client.ClientModLoader/LOADING]: Running post client event work
[12二月2026 17:13:12.248] [Forge Version Check/DEBUG] [net.minecraftforge.fml.VersionChecker/]: [forge] Received version check data:
{
  "homepage": "https://files.minecraftforge.net/net/minecraftforge/forge/",
  "promos": {
    "1.1-latest": "1.3.4.29",
    "1.2.3-latest": "1.4.1.64",
    "1.2.4-latest": "2.0.0.68",
    "1.2.5-latest": "3.4.9.171",
    "1.3.2-latest": "4.3.5.318",
    "1.4.0-latest": "5.0.0.326",
    "1.4.1-latest": "6.0.0.329",
    "1.4.2-latest": "6.0.1.355",
    "1.4.3-latest": "6.2.1.358",
    "1.4.4-latest": "6.3.0.378",
    "1.4.5-latest": "6.4.2.448",
    "1.4.6-latest": "6.5.0.489",
    "1.4.7-latest": "6.6.2.534",
    "1.5-latest": "7.7.0.598",
    "1.5.1-latest": "7.7.2.682",
    "1.5.2-latest": "7.8.1.738",
    "1.5.2-recommended": "7.8.1.738",
    "1.6.1-latest": "8.9.0.775",
    "1.6.2-latest": "9.10.1.871",
    "1.6.2-recommended": "9.10.1.871",
    "1.6.3-latest": "9.11.0.878",
    "1.6.4-latest": "9.11.1.1345",
    "1.6.4-recommended": "9.11.1.1345",
    "1.7.2-latest": "10.12.2.1161",
    "1.7.2-recommended": "10.12.2.1161",
    "1.7.10-latest": "10.13.4.1614",
    "1.7.10-recommended": "10.13.4.1614",
    "1.8-latest": "11.14.4.1577",
    "1.8-recommended": "11.14.4.1563",
    "1.8.8-latest": "11.15.0.1655",
    "1.8.9-latest": "11.15.1.2318",
    "1.8.9-recommended": "11.15.1.2318",
    "1.9-latest": "12.16.1.1938",
    "1.9-recommended": "12.16.1.1887",
    "1.9.4-latest": "12.17.0.2317",
    "1.9.4-recommended": "12.17.0.2317",
    "1.10-latest": "12.18.0.2000",
    "1.10.2-latest": "12.18.3.2511",
    "1.10.2-recommended": "12.18.3.2511",
    "1.11-latest": "13.19.1.2199",
    "1.11-recommended": "13.19.1.2189",
    "1.11.2-latest": "13.20.1.2588",
    "1.11.2-recommended": "13.20.1.2588",
    "1.12-latest": "14.21.1.2443",
    "1.12-recommended": "14.21.1.2387",
    "1.12.1-latest": "14.22.1.2485",
    "1.12.1-recommended": "14.22.1.2478",
    "1.12.2-latest": "14.23.5.2864",
    "1.12.2-recommended": "14.23.5.2859",
    "1.13.2-latest": "25.0.223",
    "1.14.2-latest": "26.0.63",
    "1.14.3-latest": "27.0.60",
    "1.14.4-latest": "28.2.28",
    "1.14.4-recommended": "28.2.26",
    "1.15-latest": "29.0.4",
    "1.15.1-latest": "30.0.51",
    "1.15.2-latest": "31.2.60",
    "1.15.2-recommended": "31.2.57",
    "1.16.1-latest": "32.0.108",
    "1.16.2-latest": "33.0.61",
    "1.16.3-latest": "34.1.42",
    "1.16.3-recommended": "34.1.0",
    "1.16.4-latest": "35.1.37",
    "1.16.4-recommended": "35.1.4",
    "1.16.5-latest": "36.2.42",
    "1.16.5-recommended": "36.2.34",
    "1.17.1-latest": "37.1.1",
    "1.17.1-recommended": "37.1.1",
    "1.18-latest": "38.0.17",
    "1.18.1-latest": "39.1.2",
    "1.18.1-recommended": "39.1.0",
    "1.18.2-recommended": "40.3.0",
    "1.18.2-latest": "40.3.12",
    "1.19-latest": "41.1.0",
    "1.19-recommended": "41.1.0",
    "1.19.1-latest": "42.0.9",
    "1.19.2-recommended": "43.5.0",
    "1.19.2-latest": "43.5.2",
    "1.19.3-latest": "44.1.23",
    "1.19.3-recommended": "44.1.0",
    "1.19.4-recommended": "45.4.0",
    "1.19.4-latest": "45.4.3",
    "1.20-latest": "46.0.14",
    "1.20.1-recommended": "47.4.10",
    "1.20.1-latest": "47.4.16",
    "1.20.2-latest": "48.1.0",
    "1.20.2-recommended": "48.1.0",
    "1.20.3-latest": "49.0.2",
    "1.20.4-latest": "49.2.4",
    "1.20.4-recommended": "49.2.0",
    "1.20.6-latest": "50.2.4",
    "1.20.6-recommended": "50.2.0",
    "1.21-latest": "51.0.33",
    "1.21.1-latest": "52.1.10",
    "1.21.1-recommended": "52.1.0",
    "1.21.3-latest": "53.1.7",
    "1.21.3-recommended": "53.1.0",
    "1.21.4-latest": "54.1.13",
    "1.21.4-recommended": "54.1.0",
    "1.21.5-latest": "55.1.7",
    "1.21.5-recommended": "55.1.0",
    "1.21.6-latest": "56.0.9",
    "1.21.7-latest": "57.0.3",
    "1.21.8-latest": "58.1.14",
    "1.21.8-recommended": "58.1.0",
    "1.21.9-latest": "59.0.5",
    "1.21.10-latest": "60.1.8",
    "1.21.10-recommended": "60.1.0",
    "1.21.11-latest": "61.0.10"
  }
}
[12二月2026 17:13:12.249] [Forge Version Check/INFO] [net.minecraftforge.fml.VersionChecker/]: [forge] Found status: AHEAD Current: 36.2.42 Target: null
[12二月2026 17:13:13.063] [Worker-Main-14/INFO] [lotr.common.LOTRLog/]: lotr: Automatically detected and registered 39 special handheld items!
[12二月2026 17:13:22.486] [modloading-worker-18/DEBUG] [net.minecraftforge.registries.GameData/REGISTRIES]: Freezing registries
[12二月2026 17:13:22.486] [modloading-worker-18/DEBUG] [net.minecraftforge.registries.ForgeRegistry/REGISTRIES]: Registry minecraft:block Sync: FROZEN -> ACTIVE
[12二月2026 17:13:22.493] [modloading-worker-18/DEBUG] [net.minecraftforge.registries.ForgeRegistry/REGISTRIES]: Registry minecraft:fluid Sync: FROZEN -> ACTIVE
[12二月2026 17:13:22.493] [modloading-worker-18/DEBUG] [net.minecraftforge.registries.ForgeRegistry/REGISTRIES]: Registry minecraft:item Sync: FROZEN -> ACTIVE
[12二月2026 17:13:22.502] [modloading-worker-18/DEBUG] [net.minecraftforge.registries.ForgeRegistry/REGISTRIES]: Registry minecraft:mob_effect Sync: FROZEN -> ACTIVE
[12二月2026 17:13:22.502] [modloading-worker-18/DEBUG] [net.minecraftforge.registries.ForgeRegistry/REGISTRIES]: Registry minecraft:sound_event Sync: FROZEN -> ACTIVE
[12二月2026 17:13:22.503] [modloading-worker-18/DEBUG] [net.minecraftforge.registries.ForgeRegistry/REGISTRIES]: Registry minecraft:potion Sync: FROZEN -> ACTIVE
[12二月2026 17:13:22.504] [modloading-worker-18/DEBUG] [net.minecraftforge.registries.ForgeRegistry/REGISTRIES]: Registry minecraft:enchantment Sync: FROZEN -> ACTIVE
[12二月2026 17:13:22.504] [modloading-worker-18/DEBUG] [net.minecraftforge.registries.ForgeRegistry/REGISTRIES]: Registry minecraft:entity_type Sync: FROZEN -> ACTIVE
[12二月2026 17:13:22.504] [modloading-worker-18/DEBUG] [net.minecraftforge.registries.ForgeRegistry/REGISTRIES]: Registry minecraft:block_entity_type Sync: FROZEN -> ACTIVE
[12二月2026 17:13:22.504] [modloading-worker-18/DEBUG] [net.minecraftforge.registries.ForgeRegistry/REGISTRIES]: Registry minecraft:particle_type Sync: FROZEN -> ACTIVE
[12二月2026 17:13:22.504] [modloading-worker-18/DEBUG] [net.minecraftforge.registries.ForgeRegistry/REGISTRIES]: Registry minecraft:menu Sync: FROZEN -> ACTIVE
[12二月2026 17:13:22.504] [modloading-worker-18/DEBUG] [net.minecraftforge.registries.ForgeRegistry/REGISTRIES]: Registry minecraft:motive Sync: FROZEN -> ACTIVE
[12二月2026 17:13:22.504] [modloading-worker-18/DEBUG] [net.minecraftforge.registries.ForgeRegistry/REGISTRIES]: Registry minecraft:recipe_serializer Sync: FROZEN -> ACTIVE
[12二月2026 17:13:22.504] [modloading-worker-18/DEBUG] [net.minecraftforge.registries.ForgeRegistry/REGISTRIES]: Registry minecraft:attribute Sync: FROZEN -> ACTIVE
[12二月2026 17:13:22.504] [modloading-worker-18/DEBUG] [net.minecraftforge.registries.ForgeRegistry/REGISTRIES]: Registry minecraft:stat_type Sync: FROZEN -> ACTIVE
[12二月2026 17:13:22.504] [modloading-worker-18/DEBUG] [net.minecraftforge.registries.ForgeRegistry/REGISTRIES]: Registry minecraft:villager_profession Sync: FROZEN -> ACTIVE
[12二月2026 17:13:22.505] [modloading-worker-18/DEBUG] [net.minecraftforge.registries.ForgeRegistry/REGISTRIES]: Registry minecraft:point_of_interest_type Sync: FROZEN -> ACTIVE
[12二月2026 17:13:22.505] [modloading-worker-18/DEBUG] [net.minecraftforge.registries.ForgeRegistry/REGISTRIES]: Registry minecraft:memory_module_type Sync: FROZEN -> ACTIVE
[12二月2026 17:13:22.505] [modloading-worker-18/DEBUG] [net.minecraftforge.registries.ForgeRegistry/REGISTRIES]: Registry minecraft:sensor_type Sync: FROZEN -> ACTIVE
[12二月2026 17:13:22.505] [modloading-worker-18/DEBUG] [net.minecraftforge.registries.ForgeRegistry/REGISTRIES]: Registry minecraft:schedule Sync: FROZEN -> ACTIVE
[12二月2026 17:13:22.505] [modloading-worker-18/DEBUG] [net.minecraftforge.registries.ForgeRegistry/REGISTRIES]: Registry minecraft:activity Sync: FROZEN -> ACTIVE
[12二月2026 17:13:22.505] [modloading-worker-18/DEBUG] [net.minecraftforge.registries.ForgeRegistry/REGISTRIES]: Registry minecraft:worldgen/carver Sync: FROZEN -> ACTIVE
[12二月2026 17:13:22.505] [modloading-worker-18/DEBUG] [net.minecraftforge.registries.ForgeRegistry/REGISTRIES]: Registry minecraft:worldgen/surface_builder Sync: FROZEN -> ACTIVE
[12二月2026 17:13:22.505] [modloading-worker-18/DEBUG] [net.minecraftforge.registries.ForgeRegistry/REGISTRIES]: Registry minecraft:worldgen/feature Sync: FROZEN -> ACTIVE
[12二月2026 17:13:22.505] [modloading-worker-18/DEBUG] [net.minecraftforge.registries.ForgeRegistry/REGISTRIES]: Registry minecraft:worldgen/decorator Sync: FROZEN -> ACTIVE
[12二月2026 17:13:22.505] [modloading-worker-18/DEBUG] [net.minecraftforge.registries.ForgeRegistry/REGISTRIES]: Registry minecraft:chunk_status Sync: FROZEN -> ACTIVE
[12二月2026 17:13:22.505] [modloading-worker-18/DEBUG] [net.minecraftforge.registries.ForgeRegistry/REGISTRIES]: Registry minecraft:worldgen/structure_feature Sync: FROZEN -> ACTIVE
[12二月2026 17:13:22.505] [modloading-worker-18/DEBUG] [net.minecraftforge.registries.ForgeRegistry/REGISTRIES]: Registry minecraft:worldgen/block_state_provider_type Sync: FROZEN -> ACTIVE
[12二月2026 17:13:22.505] [modloading-worker-18/DEBUG] [net.minecraftforge.registries.ForgeRegistry/REGISTRIES]: Registry minecraft:worldgen/block_placer_type Sync: FROZEN -> ACTIVE
[12二月2026 17:13:22.505] [modloading-worker-18/DEBUG] [net.minecraftforge.registries.ForgeRegistry/REGISTRIES]: Registry minecraft:worldgen/foliage_placer_type Sync: FROZEN -> ACTIVE
[12二月2026 17:13:22.505] [modloading-worker-18/DEBUG] [net.minecraftforge.registries.ForgeRegistry/REGISTRIES]: Registry minecraft:worldgen/tree_decorator_type Sync: FROZEN -> ACTIVE
[12二月2026 17:13:22.505] [modloading-worker-18/DEBUG] [net.minecraftforge.registries.ForgeRegistry/REGISTRIES]: Registry minecraft:worldgen/biome Sync: FROZEN -> ACTIVE
[12二月2026 17:13:22.506] [modloading-worker-18/DEBUG] [net.minecraftforge.registries.ForgeRegistry/REGISTRIES]: Registry minecraft:data_serializers Sync: FROZEN -> ACTIVE
[12二月2026 17:13:22.506] [modloading-worker-18/DEBUG] [net.minecraftforge.registries.ForgeRegistry/REGISTRIES]: Registry forge:loot_modifier_serializers Sync: FROZEN -> ACTIVE
[12二月2026 17:13:22.506] [modloading-worker-18/DEBUG] [net.minecraftforge.registries.ForgeRegistry/REGISTRIES]: Registry forge:world_types Sync: FROZEN -> ACTIVE
[12二月2026 17:13:23.732] [modloading-worker-18/DEBUG] [net.minecraftforge.registries.GameData/REGISTRIES]: All registries frozen
[12二月2026 17:13:23.764] [Render thread/DEBUG] [net.minecraftforge.fml.ForgeI18n/CORE]: Loading I18N data entries: 8422
[12二月2026 17:13:23.948] [Render thread/INFO] [net.minecraft.client.audio.SoundSystem/]: OpenAL initialized.
[12二月2026 17:13:23.949] [Render thread/INFO] [net.minecraft.client.audio.SoundEngine/SOUNDS]: Sound engine started
[12二月2026 17:13:24.076] [Render thread/INFO] [net.minecraft.client.renderer.texture.AtlasTexture/]: Created: 2048x1024x4 minecraft:textures/atlas/blocks.png-atlas
[12二月2026 17:13:24.085] [Render thread/INFO] [net.minecraft.client.renderer.texture.AtlasTexture/]: Created: 256x256x4 minecraft:textures/atlas/signs.png-atlas
[12二月2026 17:13:24.091] [Render thread/INFO] [net.minecraft.client.renderer.texture.AtlasTexture/]: Created: 512x512x4 minecraft:textures/atlas/banner_patterns.png-atlas
[12二月2026 17:13:24.091] [Render thread/INFO] [net.minecraft.client.renderer.texture.AtlasTexture/]: Created: 512x512x4 minecraft:textures/atlas/shield_patterns.png-atlas
[12二月2026 17:13:24.092] [Render thread/INFO] [net.minecraft.client.renderer.texture.AtlasTexture/]: Created: 256x256x4 minecraft:textures/atlas/chest.png-atlas
[12二月2026 17:13:24.092] [Render thread/INFO] [net.minecraft.client.renderer.texture.AtlasTexture/]: Created: 512x256x4 minecraft:textures/atlas/beds.png-atlas
[12二月2026 17:13:24.092] [Render thread/INFO] [net.minecraft.client.renderer.texture.AtlasTexture/]: Created: 512x256x4 minecraft:textures/atlas/shulker_boxes.png-atlas
[12二月2026 17:13:25.512] [Render thread/INFO] [net.minecraft.client.renderer.texture.AtlasTexture/]: Created: 512x256x0 minecraft:textures/atlas/particles.png-atlas
[12二月2026 17:13:25.513] [Render thread/INFO] [net.minecraft.client.renderer.texture.AtlasTexture/]: Created: 256x256x0 minecraft:textures/atlas/paintings.png-atlas
[12二月2026 17:13:25.514] [Render thread/INFO] [net.minecraft.client.renderer.texture.AtlasTexture/]: Created: 128x128x0 minecraft:textures/atlas/mob_effects.png-atlas
[12二月2026 17:13:26.377] [Render thread/INFO] [lotr.common.LOTRLog/]: lotr: Loaded default map settings - image lotr:map/middle_earth.png, 124 biome-color mappings (combined from 1 files), 59 waypoint regions encompassing 113 biomes, 198 waypoints, 57 roads, 91 labels
[12二月2026 17:13:26.477] [Render thread/INFO] [lotr.common.LOTRLog/]: lotr: Successfully replaced GameRenderer instance with subclass instance
[12二月2026 17:13:26.493] [Render thread/INFO] [lotr.common.LOTRLog/]: lotr: Successfully replaced WorldRenderer instance with subclass instance
[12二月2026 17:13:27.302] [Realms Notification Availability checker #1/INFO] [com.mojang.realmsclient.client.RealmsClient/]: Could not authorize you against Realms server: java.lang.RuntimeException: Failed to parse into SignedJWT: DONT_CRASH
[12二月2026 17:13:30.195] [Render thread/INFO] [net.minecraft.world.storage.SaveFormat/]: Attempt 1...
[12二月2026 17:13:30.247] [Render thread/DEBUG] [net.minecraftforge.common.ForgeTagHandler/]: Populated the TagCollectionManager with 3 extra types
[12二月2026 17:13:33.823] [Render thread/DEBUG] [net.minecraftforge.fml.server.ServerLifecycleHooks/CORE]: Generating PackInfo named mod:lotr for mod file C:\Users\ASUS\.gradle\caches\forge_gradle\deobf_dependencies\curse\maven\the-lord-of-the-rings-mod-renewed-406893\3661524_mapped_official_1.16.5\the-lord-of-the-rings-mod-renewed-406893-3661524_mapped_official_1.16.5.jar
[12二月2026 17:13:33.824] [Render thread/DEBUG] [net.minecraftforge.fml.server.ServerLifecycleHooks/CORE]: Generating PackInfo named mod:lotrfa for mod file E:\MinecraftMods\LOTRFA\build\resources\main
[12二月2026 17:13:33.824] [Render thread/DEBUG] [net.minecraftforge.fml.server.ServerLifecycleHooks/CORE]: Generating PackInfo named mod:forge for mod file C:\Users\ASUS\.gradle\caches\forge_gradle\minecraft_user_repo\net\minecraftforge\forge\1.16.5-36.2.42_mapped_official_1.16.5\forge-1.16.5-36.2.42_mapped_official_1.16.5-recomp.jar
[12二月2026 17:13:33.829] [Render thread/DEBUG] [net.minecraftforge.common.ForgeTagHandler/]: Gathering custom tag collection reader from types.
[12二月2026 17:13:33.993] [Render thread/WARN] [net.minecraft.command.Commands/]: Ambiguity between arguments [teleport, destination] and [teleport, targets] with inputs: [Player, 0123, @e, dd12be42-52a9-4a91-a8a1-11c01849e498]
[12二月2026 17:13:33.993] [Render thread/WARN] [net.minecraft.command.Commands/]: Ambiguity between arguments [teleport, location] and [teleport, destination] with inputs: [0.1 -0.5 .9, 0 0 0]
[12二月2026 17:13:33.994] [Render thread/WARN] [net.minecraft.command.Commands/]: Ambiguity between arguments [teleport, location] and [teleport, targets] with inputs: [0.1 -0.5 .9, 0 0 0]
[12二月2026 17:13:33.994] [Render thread/WARN] [net.minecraft.command.Commands/]: Ambiguity between arguments [teleport, targets] and [teleport, destination] with inputs: [Player, 0123, dd12be42-52a9-4a91-a8a1-11c01849e498]
[12二月2026 17:13:33.995] [Render thread/WARN] [net.minecraft.command.Commands/]: Ambiguity between arguments [teleport, targets, location] and [teleport, targets, destination] with inputs: [0.1 -0.5 .9, 0 0 0]
[12二月2026 17:13:34.000] [Render thread/INFO] [net.minecraft.resources.SimpleReloadableResourceManager/]: Reloading ResourceManager: Default, the-lord-of-the-rings-mod-renewed-406893-3661524_mapped_official_1.16.5.jar, main, forge-1.16.5-36.2.42_mapped_official_1.16.5-recomp.jar
[12二月2026 17:13:35.302] [Render thread/INFO] [net.minecraft.item.crafting.RecipeManager/]: Loaded 43 recipes
[12二月2026 17:13:35.983] [Render thread/INFO] [net.minecraft.advancements.AdvancementList/]: Loaded 927 advancements
[12二月2026 17:13:35.988] [Render thread/INFO] [lotr.common.LOTRLog/]: lotr: Excluded 0 resources in folder 'map/waypoints/' based on the _settings.json
[12二月2026 17:13:35.988] [Render thread/INFO] [lotr.common.LOTRLog/]: lotr: Excluded 0 resources in folder 'map/roads/' based on the _settings.json
[12二月2026 17:13:35.988] [Render thread/INFO] [lotr.common.LOTRLog/]: lotr: Excluded 0 resources in folder 'map/labels/' based on the _settings.json
[12二月2026 17:13:38.193] [Render thread/INFO] [lotr.common.LOTRLog/]: lotr: Loaded serverside map settings - image lotr:map/middle_earth.png, 124 biome-color mappings (combined from 1 files), 59 waypoint regions encompassing 113 biomes, 198 waypoints, 57 roads, 91 labels
[12二月2026 17:13:38.193] [Render thread/INFO] [lotr.common.LOTRLog/]: lotr: Excluded 0 resources in folder 'factions/regions/' based on the _settings.json
[12二月2026 17:13:38.194] [Render thread/INFO] [lotr.common.LOTRLog/]: lotr: Excluded 0 resources in folder 'factions' based on the _settings.json
[12二月2026 17:13:38.200] [Render thread/WARN] [lotr.common.LOTRLog/]: lotr: Faction lotr:near_harad area of influence references waypoint lotr:izem_ulzuz - but no such waypoint exists
[12二月2026 17:13:38.200] [Render thread/WARN] [lotr.common.LOTRLog/]: lotr: Faction lotr:near_harad area of influence references waypoint lotr:khopakadar - but no such waypoint exists
[12二月2026 17:13:38.200] [Render thread/WARN] [lotr.common.LOTRLog/]: lotr: Faction lotr:rhudel area of influence references waypoint lotr:rhunost - but no such waypoint exists
[12二月2026 17:13:38.200] [Render thread/WARN] [lotr.common.LOTRLog/]: lotr: Faction lotr:half_trolls area of influence references waypoint lotr:tol_torog - but no such waypoint exists
[12二月2026 17:13:38.200] [Render thread/WARN] [lotr.common.LOTRLog/]: lotr: Faction lotr:half_trolls area of influence references waypoint lotr:sereghir - but no such waypoint exists
[12二月2026 17:13:38.200] [Render thread/WARN] [lotr.common.LOTRLog/]: lotr: Faction lotr:half_trolls area of influence references waypoint lotr:hardorogost - but no such waypoint exists
[12二月2026 17:13:38.200] [Render thread/WARN] [lotr.common.LOTRLog/]: lotr: Faction lotr:half_trolls area of influence references waypoint lotr:bridge_of_haraduin - but no such waypoint exists
[12二月2026 17:13:38.200] [Render thread/WARN] [lotr.common.LOTRLog/]: lotr: Faction lotr:taurethrim area of influence references waypoint lotr:nohoch_kah - but no such waypoint exists
[12二月2026 17:13:38.200] [Render thread/WARN] [lotr.common.LOTRLog/]: lotr: Faction lotr:taurethrim area of influence references waypoint lotr:kimen_kah - but no such waypoint exists
[12二月2026 17:13:38.201] [Render thread/WARN] [lotr.common.LOTRLog/]: lotr: Faction lotr:morwaith area of influence references waypoint lotr:deep_harad - but no such waypoint exists
[12二月2026 17:13:38.201] [Render thread/WARN] [lotr.common.LOTRLog/]: lotr: Faction lotr:morwaith area of influence references waypoint lotr:upper_floodplains - but no such waypoint exists
[12二月2026 17:13:38.201] [Render thread/WARN] [lotr.common.LOTRLog/]: lotr: Faction lotr:morwaith area of influence references waypoint lotr:hill_of_the_sun - but no such waypoint exists
[12二月2026 17:13:38.201] [Render thread/WARN] [lotr.common.LOTRLog/]: lotr: Faction lotr:morwaith area of influence references waypoint lotr:hunters_haunt - but no such waypoint exists
[12二月2026 17:13:38.204] [Render thread/INFO] [lotr.common.LOTRLog/]: lotr: Loaded serverside faction settings - 27 factions in 3 regions, with 160 relations (combined from 1 relations lists)
[12二月2026 17:13:38.204] [Render thread/INFO] [lotr.common.LOTRLog/]: lotr: Loaded serverside NPC entity settings - 50 entity type settings
[12二月2026 17:13:38.208] [Render thread/INFO] [lotr.common.LOTRLog/]: lotr: Loaded serverside NPC spawn settings - 38 spawn lists, 71 biome spawn tables
[12二月2026 17:13:38.457] [Render thread/DEBUG] [net.minecraftforge.fml.FMLWorldPersistenceHook/WP]: Gathering id map for writing to world save 新的世界
[12二月2026 17:13:38.469] [Render thread/DEBUG] [net.minecraftforge.fml.FMLWorldPersistenceHook/WP]: ID Map collection complete 新的世界
[12二月2026 17:13:39.494] [Render thread/INFO] [com.mojang.authlib.yggdrasil.YggdrasilAuthenticationService/]: Environment: authHost='https://authserver.mojang.com', accountsHost='https://api.mojang.com', sessionHost='https://sessionserver.mojang.com', servicesHost='https://api.minecraftservices.com', name='PROD'
[12二月2026 17:13:39.503] [Render thread/DEBUG] [net.minecraftforge.coremod.transformer.CoreModBaseTransformer/COREMOD]: Transforming respawn with desc (Lnet/minecraft/entity/player/ServerPlayerEntity;Z)Lnet/minecraft/entity/player/ServerPlayerEntity;
[12二月2026 17:13:39.508] [Render thread/ERROR] [net.minecraftforge.coremod.transformer.CoreModBaseTransformer/COREMOD]: Error occurred applying transform of coremod lotr-transformer-respawning.js function PlayerList#func_232644_a_#getCheckedBedRespawnPosition
jdk.nashorn.internal.runtime.ECMAException: TypeError: null has no such function "getNext"
	at jdk.nashorn.internal.runtime.ECMAErrors.error(ECMAErrors.java:57) ~[nashorn.jar:?]
	at jdk.nashorn.internal.runtime.ECMAErrors.typeError(ECMAErrors.java:213) ~[nashorn.jar:?]
	at jdk.nashorn.internal.runtime.ECMAErrors.typeError(ECMAErrors.java:185) ~[nashorn.jar:?]
	at jdk.nashorn.internal.runtime.ECMAErrors.typeError(ECMAErrors.java:172) ~[nashorn.jar:?]
	at jdk.nashorn.internal.runtime.linker.NashornBottomLinker.linkNull(NashornBottomLinker.java:180) ~[nashorn.jar:?]
	at jdk.nashorn.internal.runtime.linker.NashornBottomLinker.getGuardedInvocation(NashornBottomLinker.java:66) ~[nashorn.jar:?]
	at jdk.internal.dynalink.support.CompositeGuardingDynamicLinker.getGuardedInvocation(CompositeGuardingDynamicLinker.java:124) ~[nashorn.jar:?]
	at jdk.internal.dynalink.support.LinkerServicesImpl.getGuardedInvocation(LinkerServicesImpl.java:154) ~[nashorn.jar:?]
	at jdk.internal.dynalink.DynamicLinker.relink(DynamicLinker.java:253) ~[nashorn.jar:?]
	at jdk.nashorn.internal.scripts.Script$Recompilation$39$1595A$\^eval\_.initializeCoreMod#transformer(<eval>:43) ~[?:?]
	at jdk.nashorn.internal.runtime.ScriptFunctionData.invoke(ScriptFunctionData.java:639) ~[nashorn.jar:?]
	at jdk.nashorn.internal.runtime.ScriptFunction.invoke(ScriptFunction.java:494) ~[nashorn.jar:?]
	at jdk.nashorn.internal.runtime.ScriptRuntime.apply(ScriptRuntime.java:393) ~[nashorn.jar:?]
	at jdk.nashorn.api.scripting.ScriptObjectMirror.call(ScriptObjectMirror.java:117) ~[nashorn.jar:?]
	at net.minecraftforge.coremod.NashornFactory.lambda$getFunction$0(NashornFactory.java:18) ~[coremods-4.0.6.jar:4.0.6+14+master.c21a551]
	at net.minecraftforge.coremod.transformer.CoreModMethodTransformer.runCoremod(CoreModMethodTransformer.java:18) ~[coremods-4.0.6.jar:?]
	at net.minecraftforge.coremod.transformer.CoreModMethodTransformer.runCoremod(CoreModMethodTransformer.java:10) ~[coremods-4.0.6.jar:?]
	at net.minecraftforge.coremod.transformer.CoreModBaseTransformer.transform(CoreModBaseTransformer.java:38) ~[coremods-4.0.6.jar:?]
	at cpw.mods.modlauncher.TransformerHolder.transform(TransformerHolder.java:41) ~[modlauncher-8.1.3.jar:?]
	at cpw.mods.modlauncher.ClassTransformer.performVote(ClassTransformer.java:179) ~[modlauncher-8.1.3.jar:?]
	at cpw.mods.modlauncher.ClassTransformer.transform(ClassTransformer.java:111) ~[modlauncher-8.1.3.jar:?]
	at cpw.mods.modlauncher.TransformingClassLoader$DelegatedClassLoader.findClass(TransformingClassLoader.java:265) ~[modlauncher-8.1.3.jar:?]
	at cpw.mods.modlauncher.TransformingClassLoader.loadClass(TransformingClassLoader.java:136) ~[modlauncher-8.1.3.jar:?]
	at cpw.mods.modlauncher.TransformingClassLoader.loadClass(TransformingClassLoader.java:98) ~[modlauncher-8.1.3.jar:?]
	at java.lang.ClassLoader.loadClass(ClassLoader.java:351) ~[?:1.8.0_461]
	at net.minecraft.client.Minecraft.lambda$loadWorld$27(Minecraft.java:1752) ~[forge-1.16.5-36.2.42_mapped_official_1.16.5-recomp.jar:?]
	at net.minecraft.server.MinecraftServer.spin(MinecraftServer.java:237) ~[forge-1.16.5-36.2.42_mapped_official_1.16.5-recomp.jar:?]
	at net.minecraft.client.Minecraft.loadWorld(Minecraft.java:1751) ~[forge-1.16.5-36.2.42_mapped_official_1.16.5-recomp.jar:?]
	at net.minecraft.client.Minecraft.createLevel(Minecraft.java:1687) ~[forge-1.16.5-36.2.42_mapped_official_1.16.5-recomp.jar:?]
	at net.minecraft.client.gui.screen.CreateWorldScreen.onCreate(CreateWorldScreen.java:260) ~[forge-1.16.5-36.2.42_mapped_official_1.16.5-recomp.jar:?]
	at net.minecraft.client.gui.screen.CreateWorldScreen.lambda$init$11(CreateWorldScreen.java:205) ~[forge-1.16.5-36.2.42_mapped_official_1.16.5-recomp.jar:?]
	at net.minecraft.client.gui.widget.button.Button.onPress(Button.java:26) ~[forge-1.16.5-36.2.42_mapped_official_1.16.5-recomp.jar:?]
	at net.minecraft.client.gui.widget.button.AbstractButton.onClick(AbstractButton.java:18) ~[forge-1.16.5-36.2.42_mapped_official_1.16.5-recomp.jar:?]
	at net.minecraft.client.gui.widget.Widget.mouseClicked(Widget.java:136) ~[forge-1.16.5-36.2.42_mapped_official_1.16.5-recomp.jar:?]
	at net.minecraft.client.gui.INestedGuiEventHandler.mouseClicked(INestedGuiEventHandler.java:28) ~[forge-1.16.5-36.2.42_mapped_official_1.16.5-recomp.jar:?]
	at net.minecraft.client.MouseHelper.lambda$onPress$0(MouseHelper.java:87) ~[forge-1.16.5-36.2.42_mapped_official_1.16.5-recomp.jar:?]
	at net.minecraft.client.gui.screen.Screen.wrapScreenError(Screen.java:427) ~[forge-1.16.5-36.2.42_mapped_official_1.16.5-recomp.jar:?]
	at net.minecraft.client.MouseHelper.onPress(MouseHelper.java:85) ~[forge-1.16.5-36.2.42_mapped_official_1.16.5-recomp.jar:?]
	at net.minecraft.client.MouseHelper.lambda$null$4(MouseHelper.java:181) ~[forge-1.16.5-36.2.42_mapped_official_1.16.5-recomp.jar:?]
	at net.minecraft.util.concurrent.ThreadTaskExecutor.execute(ThreadTaskExecutor.java:86) ~[forge-1.16.5-36.2.42_mapped_official_1.16.5-recomp.jar:?]
	at net.minecraft.client.MouseHelper.lambda$setup$5(MouseHelper.java:180) ~[forge-1.16.5-36.2.42_mapped_official_1.16.5-recomp.jar:?]
	at org.lwjgl.glfw.GLFWMouseButtonCallbackI.callback(GLFWMouseButtonCallbackI.java:36) ~[lwjgl-glfw-3.2.2.jar:build 10]
	at org.lwjgl.system.JNI.invokeV(Native Method) ~[lwjgl-3.2.2.jar:build 10]
	at org.lwjgl.glfw.GLFW.glfwWaitEventsTimeout(GLFW.java:3174) ~[lwjgl-glfw-3.2.2.jar:build 10]
	at com.mojang.blaze3d.systems.RenderSystem.limitDisplayFPS(RenderSystem.java:112) ~[forge-1.16.5-36.2.42_mapped_official_1.16.5-recomp.jar:?]
	at net.minecraft.client.Minecraft.runTick(Minecraft.java:1000) ~[forge-1.16.5-36.2.42_mapped_official_1.16.5-recomp.jar:?]
	at net.minecraft.client.Minecraft.run(Minecraft.java:607) ~[forge-1.16.5-36.2.42_mapped_official_1.16.5-recomp.jar:?]
	at net.minecraft.client.main.Main.main(Main.java:184) ~[forge-1.16.5-36.2.42_mapped_official_1.16.5-recomp.jar:?]
	at sun.reflect.NativeMethodAccessorImpl.invoke0(Native Method) ~[?:1.8.0_461]
	at sun.reflect.NativeMethodAccessorImpl.invoke(NativeMethodAccessorImpl.java:62) ~[?:1.8.0_461]
	at sun.reflect.DelegatingMethodAccessorImpl.invoke(DelegatingMethodAccessorImpl.java:43) ~[?:1.8.0_461]
	at java.lang.reflect.Method.invoke(Method.java:498) ~[?:1.8.0_461]
	at net.minecraftforge.userdev.FMLUserdevClientLaunchProvider.lambda$launchService$0(FMLUserdevClientLaunchProvider.java:38) ~[forge-1.16.5-36.2.42_mapped_official_1.16.5-recomp.jar:?]
	at cpw.mods.modlauncher.LaunchServiceHandlerDecorator.launch(LaunchServiceHandlerDecorator.java:37) [modlauncher-8.1.3.jar:?]
	at cpw.mods.modlauncher.LaunchServiceHandler.launch(LaunchServiceHandler.java:54) [modlauncher-8.1.3.jar:?]
	at cpw.mods.modlauncher.LaunchServiceHandler.launch(LaunchServiceHandler.java:72) [modlauncher-8.1.3.jar:?]
	at cpw.mods.modlauncher.Launcher.run(Launcher.java:82) [modlauncher-8.1.3.jar:?]
	at cpw.mods.modlauncher.Launcher.main(Launcher.java:66) [modlauncher-8.1.3.jar:?]
	at net.minecraftforge.userdev.LaunchTesting.main(LaunchTesting.java:94) [forge-1.16.5-36.2.42_mapped_official_1.16.5-recomp.jar:?]
[12二月2026 17:13:39.518] [Render thread/DEBUG] [net.minecraftforge.coremod.transformer.CoreModBaseTransformer/COREMOD]: Transforming respawn with desc (Lnet/minecraft/entity/player/ServerPlayerEntity;Z)Lnet/minecraft/entity/player/ServerPlayerEntity;
[12二月2026 17:13:39.520] [Render thread/ERROR] [net.minecraftforge.coremod.transformer.CoreModBaseTransformer/COREMOD]: Error occurred applying transform of coremod lotr-transformer-respawning.js function PlayerList#func_232644_a_#getDefaultRespawnWorld
java.lang.NullPointerException: null
	at org.objectweb.asm.tree.InsnList.insert(InsnList.java:343) ~[asm-tree-9.6.jar:9.6]
	at jdk.nashorn.internal.scripts.Script$Recompilation$40$3116A$\^eval\_.initializeCoreMod#transformer-1(<eval>:74) ~[?:?]
	at jdk.nashorn.internal.runtime.ScriptFunctionData.invoke(ScriptFunctionData.java:639) ~[nashorn.jar:?]
	at jdk.nashorn.internal.runtime.ScriptFunction.invoke(ScriptFunction.java:494) ~[nashorn.jar:?]
	at jdk.nashorn.internal.runtime.ScriptRuntime.apply(ScriptRuntime.java:393) ~[nashorn.jar:?]
	at jdk.nashorn.api.scripting.ScriptObjectMirror.call(ScriptObjectMirror.java:117) ~[nashorn.jar:?]
	at net.minecraftforge.coremod.NashornFactory.lambda$getFunction$0(NashornFactory.java:18) ~[coremods-4.0.6.jar:4.0.6+14+master.c21a551]
	at net.minecraftforge.coremod.transformer.CoreModMethodTransformer.runCoremod(CoreModMethodTransformer.java:18) ~[coremods-4.0.6.jar:?]
	at net.minecraftforge.coremod.transformer.CoreModMethodTransformer.runCoremod(CoreModMethodTransformer.java:10) ~[coremods-4.0.6.jar:?]
	at net.minecraftforge.coremod.transformer.CoreModBaseTransformer.transform(CoreModBaseTransformer.java:38) ~[coremods-4.0.6.jar:?]
	at cpw.mods.modlauncher.TransformerHolder.transform(TransformerHolder.java:41) ~[modlauncher-8.1.3.jar:?]
	at cpw.mods.modlauncher.ClassTransformer.performVote(ClassTransformer.java:179) ~[modlauncher-8.1.3.jar:?]
	at cpw.mods.modlauncher.ClassTransformer.transform(ClassTransformer.java:111) ~[modlauncher-8.1.3.jar:?]
	at cpw.mods.modlauncher.TransformingClassLoader$DelegatedClassLoader.findClass(TransformingClassLoader.java:265) ~[modlauncher-8.1.3.jar:?]
	at cpw.mods.modlauncher.TransformingClassLoader.loadClass(TransformingClassLoader.java:136) ~[modlauncher-8.1.3.jar:?]
	at cpw.mods.modlauncher.TransformingClassLoader.loadClass(TransformingClassLoader.java:98) ~[modlauncher-8.1.3.jar:?]
	at java.lang.ClassLoader.loadClass(ClassLoader.java:351) ~[?:1.8.0_461]
	at net.minecraft.client.Minecraft.lambda$loadWorld$27(Minecraft.java:1752) ~[forge-1.16.5-36.2.42_mapped_official_1.16.5-recomp.jar:?]
	at net.minecraft.server.MinecraftServer.spin(MinecraftServer.java:237) ~[forge-1.16.5-36.2.42_mapped_official_1.16.5-recomp.jar:?]
	at net.minecraft.client.Minecraft.loadWorld(Minecraft.java:1751) ~[forge-1.16.5-36.2.42_mapped_official_1.16.5-recomp.jar:?]
	at net.minecraft.client.Minecraft.createLevel(Minecraft.java:1687) ~[forge-1.16.5-36.2.42_mapped_official_1.16.5-recomp.jar:?]
	at net.minecraft.client.gui.screen.CreateWorldScreen.onCreate(CreateWorldScreen.java:260) ~[forge-1.16.5-36.2.42_mapped_official_1.16.5-recomp.jar:?]
	at net.minecraft.client.gui.screen.CreateWorldScreen.lambda$init$11(CreateWorldScreen.java:205) ~[forge-1.16.5-36.2.42_mapped_official_1.16.5-recomp.jar:?]
	at net.minecraft.client.gui.widget.button.Button.onPress(Button.java:26) ~[forge-1.16.5-36.2.42_mapped_official_1.16.5-recomp.jar:?]
	at net.minecraft.client.gui.widget.button.AbstractButton.onClick(AbstractButton.java:18) ~[forge-1.16.5-36.2.42_mapped_official_1.16.5-recomp.jar:?]
	at net.minecraft.client.gui.widget.Widget.mouseClicked(Widget.java:136) ~[forge-1.16.5-36.2.42_mapped_official_1.16.5-recomp.jar:?]
	at net.minecraft.client.gui.INestedGuiEventHandler.mouseClicked(INestedGuiEventHandler.java:28) ~[forge-1.16.5-36.2.42_mapped_official_1.16.5-recomp.jar:?]
	at net.minecraft.client.MouseHelper.lambda$onPress$0(MouseHelper.java:87) ~[forge-1.16.5-36.2.42_mapped_official_1.16.5-recomp.jar:?]
	at net.minecraft.client.gui.screen.Screen.wrapScreenError(Screen.java:427) ~[forge-1.16.5-36.2.42_mapped_official_1.16.5-recomp.jar:?]
	at net.minecraft.client.MouseHelper.onPress(MouseHelper.java:85) ~[forge-1.16.5-36.2.42_mapped_official_1.16.5-recomp.jar:?]
	at net.minecraft.client.MouseHelper.lambda$null$4(MouseHelper.java:181) ~[forge-1.16.5-36.2.42_mapped_official_1.16.5-recomp.jar:?]
	at net.minecraft.util.concurrent.ThreadTaskExecutor.execute(ThreadTaskExecutor.java:86) ~[forge-1.16.5-36.2.42_mapped_official_1.16.5-recomp.jar:?]
	at net.minecraft.client.MouseHelper.lambda$setup$5(MouseHelper.java:180) ~[forge-1.16.5-36.2.42_mapped_official_1.16.5-recomp.jar:?]
	at org.lwjgl.glfw.GLFWMouseButtonCallbackI.callback(GLFWMouseButtonCallbackI.java:36) ~[lwjgl-glfw-3.2.2.jar:build 10]
	at org.lwjgl.system.JNI.invokeV(Native Method) ~[lwjgl-3.2.2.jar:build 10]
	at org.lwjgl.glfw.GLFW.glfwWaitEventsTimeout(GLFW.java:3174) ~[lwjgl-glfw-3.2.2.jar:build 10]
	at com.mojang.blaze3d.systems.RenderSystem.limitDisplayFPS(RenderSystem.java:112) ~[forge-1.16.5-36.2.42_mapped_official_1.16.5-recomp.jar:?]
	at net.minecraft.client.Minecraft.runTick(Minecraft.java:1000) ~[forge-1.16.5-36.2.42_mapped_official_1.16.5-recomp.jar:?]
	at net.minecraft.client.Minecraft.run(Minecraft.java:607) ~[forge-1.16.5-36.2.42_mapped_official_1.16.5-recomp.jar:?]
	at net.minecraft.client.main.Main.main(Main.java:184) ~[forge-1.16.5-36.2.42_mapped_official_1.16.5-recomp.jar:?]
	at sun.reflect.NativeMethodAccessorImpl.invoke0(Native Method) ~[?:1.8.0_461]
	at sun.reflect.NativeMethodAccessorImpl.invoke(NativeMethodAccessorImpl.java:62) ~[?:1.8.0_461]
	at sun.reflect.DelegatingMethodAccessorImpl.invoke(DelegatingMethodAccessorImpl.java:43) ~[?:1.8.0_461]
	at java.lang.reflect.Method.invoke(Method.java:498) ~[?:1.8.0_461]
	at net.minecraftforge.userdev.FMLUserdevClientLaunchProvider.lambda$launchService$0(FMLUserdevClientLaunchProvider.java:38) ~[forge-1.16.5-36.2.42_mapped_official_1.16.5-recomp.jar:?]
	at cpw.mods.modlauncher.LaunchServiceHandlerDecorator.launch(LaunchServiceHandlerDecorator.java:37) [modlauncher-8.1.3.jar:?]
	at cpw.mods.modlauncher.LaunchServiceHandler.launch(LaunchServiceHandler.java:54) [modlauncher-8.1.3.jar:?]
	at cpw.mods.modlauncher.LaunchServiceHandler.launch(LaunchServiceHandler.java:72) [modlauncher-8.1.3.jar:?]
	at cpw.mods.modlauncher.Launcher.run(Launcher.java:82) [modlauncher-8.1.3.jar:?]
	at cpw.mods.modlauncher.Launcher.main(Launcher.java:66) [modlauncher-8.1.3.jar:?]
	at net.minecraftforge.userdev.LaunchTesting.main(LaunchTesting.java:94) [forge-1.16.5-36.2.42_mapped_official_1.16.5-recomp.jar:?]
[12二月2026 17:13:39.522] [Render thread/DEBUG] [net.minecraftforge.coremod.transformer.CoreModBaseTransformer/COREMOD]: Transforming respawn with desc (Lnet/minecraft/entity/player/ServerPlayerEntity;Z)Lnet/minecraft/entity/player/ServerPlayerEntity;
[12二月2026 17:13:39.523] [Render thread/ERROR] [net.minecraftforge.coremod.transformer.CoreModBaseTransformer/COREMOD]: Error occurred applying transform of coremod lotr-transformer-respawning.js function PlayerList#func_232644_a_#relocatePlayerIfNeeded
java.lang.ArrayIndexOutOfBoundsException: 484
	at org.objectweb.asm.tree.InsnList.get(InsnList.java:99) ~[asm-tree-9.6.jar:9.6]
	at net.minecraftforge.coremod.api.ASMAPI.findFirstMethodCallAfter(ASMAPI.java:142) ~[coremods-4.0.6.jar:?]
	at net.minecraftforge.coremod.api.ASMAPI.findFirstMethodCall(ASMAPI.java:125) ~[coremods-4.0.6.jar:?]
	at jdk.nashorn.internal.scripts.Script$Recompilation$41$4212A$\^eval\_.initializeCoreMod#transformer-2(<eval>:89) ~[?:?]
	at jdk.nashorn.internal.runtime.ScriptFunctionData.invoke(ScriptFunctionData.java:639) ~[nashorn.jar:?]
	at jdk.nashorn.internal.runtime.ScriptFunction.invoke(ScriptFunction.java:494) ~[nashorn.jar:?]
	at jdk.nashorn.internal.runtime.ScriptRuntime.apply(ScriptRuntime.java:393) ~[nashorn.jar:?]
	at jdk.nashorn.api.scripting.ScriptObjectMirror.call(ScriptObjectMirror.java:117) ~[nashorn.jar:?]
	at net.minecraftforge.coremod.NashornFactory.lambda$getFunction$0(NashornFactory.java:18) ~[coremods-4.0.6.jar:4.0.6+14+master.c21a551]
	at net.minecraftforge.coremod.transformer.CoreModMethodTransformer.runCoremod(CoreModMethodTransformer.java:18) ~[coremods-4.0.6.jar:?]
	at net.minecraftforge.coremod.transformer.CoreModMethodTransformer.runCoremod(CoreModMethodTransformer.java:10) ~[coremods-4.0.6.jar:?]
	at net.minecraftforge.coremod.transformer.CoreModBaseTransformer.transform(CoreModBaseTransformer.java:38) ~[coremods-4.0.6.jar:?]
	at cpw.mods.modlauncher.TransformerHolder.transform(TransformerHolder.java:41) ~[modlauncher-8.1.3.jar:?]
	at cpw.mods.modlauncher.ClassTransformer.performVote(ClassTransformer.java:179) ~[modlauncher-8.1.3.jar:?]
	at cpw.mods.modlauncher.ClassTransformer.transform(ClassTransformer.java:111) ~[modlauncher-8.1.3.jar:?]
	at cpw.mods.modlauncher.TransformingClassLoader$DelegatedClassLoader.findClass(TransformingClassLoader.java:265) ~[modlauncher-8.1.3.jar:?]
	at cpw.mods.modlauncher.TransformingClassLoader.loadClass(TransformingClassLoader.java:136) ~[modlauncher-8.1.3.jar:?]
	at cpw.mods.modlauncher.TransformingClassLoader.loadClass(TransformingClassLoader.java:98) ~[modlauncher-8.1.3.jar:?]
	at java.lang.ClassLoader.loadClass(ClassLoader.java:351) ~[?:1.8.0_461]
	at net.minecraft.client.Minecraft.lambda$loadWorld$27(Minecraft.java:1752) ~[forge-1.16.5-36.2.42_mapped_official_1.16.5-recomp.jar:?]
	at net.minecraft.server.MinecraftServer.spin(MinecraftServer.java:237) ~[forge-1.16.5-36.2.42_mapped_official_1.16.5-recomp.jar:?]
	at net.minecraft.client.Minecraft.loadWorld(Minecraft.java:1751) ~[forge-1.16.5-36.2.42_mapped_official_1.16.5-recomp.jar:?]
	at net.minecraft.client.Minecraft.createLevel(Minecraft.java:1687) ~[forge-1.16.5-36.2.42_mapped_official_1.16.5-recomp.jar:?]
	at net.minecraft.client.gui.screen.CreateWorldScreen.onCreate(CreateWorldScreen.java:260) ~[forge-1.16.5-36.2.42_mapped_official_1.16.5-recomp.jar:?]
	at net.minecraft.client.gui.screen.CreateWorldScreen.lambda$init$11(CreateWorldScreen.java:205) ~[forge-1.16.5-36.2.42_mapped_official_1.16.5-recomp.jar:?]
	at net.minecraft.client.gui.widget.button.Button.onPress(Button.java:26) ~[forge-1.16.5-36.2.42_mapped_official_1.16.5-recomp.jar:?]
	at net.minecraft.client.gui.widget.button.AbstractButton.onClick(AbstractButton.java:18) ~[forge-1.16.5-36.2.42_mapped_official_1.16.5-recomp.jar:?]
	at net.minecraft.client.gui.widget.Widget.mouseClicked(Widget.java:136) ~[forge-1.16.5-36.2.42_mapped_official_1.16.5-recomp.jar:?]
	at net.minecraft.client.gui.INestedGuiEventHandler.mouseClicked(INestedGuiEventHandler.java:28) ~[forge-1.16.5-36.2.42_mapped_official_1.16.5-recomp.jar:?]
	at net.minecraft.client.MouseHelper.lambda$onPress$0(MouseHelper.java:87) ~[forge-1.16.5-36.2.42_mapped_official_1.16.5-recomp.jar:?]
	at net.minecraft.client.gui.screen.Screen.wrapScreenError(Screen.java:427) ~[forge-1.16.5-36.2.42_mapped_official_1.16.5-recomp.jar:?]
	at net.minecraft.client.MouseHelper.onPress(MouseHelper.java:85) ~[forge-1.16.5-36.2.42_mapped_official_1.16.5-recomp.jar:?]
	at net.minecraft.client.MouseHelper.lambda$null$4(MouseHelper.java:181) ~[forge-1.16.5-36.2.42_mapped_official_1.16.5-recomp.jar:?]
	at net.minecraft.util.concurrent.ThreadTaskExecutor.execute(ThreadTaskExecutor.java:86) ~[forge-1.16.5-36.2.42_mapped_official_1.16.5-recomp.jar:?]
	at net.minecraft.client.MouseHelper.lambda$setup$5(MouseHelper.java:180) ~[forge-1.16.5-36.2.42_mapped_official_1.16.5-recomp.jar:?]
	at org.lwjgl.glfw.GLFWMouseButtonCallbackI.callback(GLFWMouseButtonCallbackI.java:36) ~[lwjgl-glfw-3.2.2.jar:build 10]
	at org.lwjgl.system.JNI.invokeV(Native Method) ~[lwjgl-3.2.2.jar:build 10]
	at org.lwjgl.glfw.GLFW.glfwWaitEventsTimeout(GLFW.java:3174) ~[lwjgl-glfw-3.2.2.jar:build 10]
	at com.mojang.blaze3d.systems.RenderSystem.limitDisplayFPS(RenderSystem.java:112) ~[forge-1.16.5-36.2.42_mapped_official_1.16.5-recomp.jar:?]
	at net.minecraft.client.Minecraft.runTick(Minecraft.java:1000) ~[forge-1.16.5-36.2.42_mapped_official_1.16.5-recomp.jar:?]
	at net.minecraft.client.Minecraft.run(Minecraft.java:607) ~[forge-1.16.5-36.2.42_mapped_official_1.16.5-recomp.jar:?]
	at net.minecraft.client.main.Main.main(Main.java:184) ~[forge-1.16.5-36.2.42_mapped_official_1.16.5-recomp.jar:?]
	at sun.reflect.NativeMethodAccessorImpl.invoke0(Native Method) ~[?:1.8.0_461]
	at sun.reflect.NativeMethodAccessorImpl.invoke(NativeMethodAccessorImpl.java:62) ~[?:1.8.0_461]
	at sun.reflect.DelegatingMethodAccessorImpl.invoke(DelegatingMethodAccessorImpl.java:43) ~[?:1.8.0_461]
	at java.lang.reflect.Method.invoke(Method.java:498) ~[?:1.8.0_461]
	at net.minecraftforge.userdev.FMLUserdevClientLaunchProvider.lambda$launchService$0(FMLUserdevClientLaunchProvider.java:38) ~[forge-1.16.5-36.2.42_mapped_official_1.16.5-recomp.jar:?]
	at cpw.mods.modlauncher.LaunchServiceHandlerDecorator.launch(LaunchServiceHandlerDecorator.java:37) [modlauncher-8.1.3.jar:?]
	at cpw.mods.modlauncher.LaunchServiceHandler.launch(LaunchServiceHandler.java:54) [modlauncher-8.1.3.jar:?]
	at cpw.mods.modlauncher.LaunchServiceHandler.launch(LaunchServiceHandler.java:72) [modlauncher-8.1.3.jar:?]
	at cpw.mods.modlauncher.Launcher.run(Launcher.java:82) [modlauncher-8.1.3.jar:?]
	at cpw.mods.modlauncher.Launcher.main(Launcher.java:66) [modlauncher-8.1.3.jar:?]
	at net.minecraftforge.userdev.LaunchTesting.main(LaunchTesting.java:94) [forge-1.16.5-36.2.42_mapped_official_1.16.5-recomp.jar:?]
[12二月2026 17:13:39.549] [Server thread/INFO] [net.minecraft.server.integrated.IntegratedServer/]: Starting integrated minecraft server version 1.16.5
[12二月2026 17:13:39.549] [Server thread/INFO] [net.minecraft.server.MinecraftServer/]: Generating keypair
[12二月2026 17:13:39.597] [Server thread/DEBUG] [net.minecraftforge.fml.loading.FileUtils/CORE]: Making serverconfig directory : .\saves\新的世界\serverconfig
[12二月2026 17:13:39.598] [Server thread/DEBUG] [net.minecraftforge.fml.loading.FileUtils/CORE]: Created serverconfig directory : .\saves\新的世界\serverconfig
[12二月2026 17:13:39.598] [Server thread/DEBUG] [net.minecraftforge.fml.config.ConfigTracker/CONFIG]: Loading configs type SERVER
[12二月2026 17:13:39.598] [Server thread/DEBUG] [net.minecraftforge.fml.config.ConfigFileTypeHandler/CONFIG]: Built TOML config for .\saves\新的世界\serverconfig\forge-server.toml
[12二月2026 17:13:39.600] [Server thread/DEBUG] [net.minecraftforge.fml.config.ConfigFileTypeHandler/CONFIG]: Loaded TOML config file .\saves\新的世界\serverconfig\forge-server.toml
[12二月2026 17:13:39.602] [Server thread/DEBUG] [net.minecraftforge.fml.config.ConfigFileTypeHandler/CONFIG]: Watching TOML config file .\saves\新的世界\serverconfig\forge-server.toml for changes
[12二月2026 17:13:39.602] [Server thread/WARN] [net.minecraftforge.common.ForgeConfigSpec/CORE]: Configuration file .\saves\新的世界\serverconfig\forge-server.toml is not correct. Correcting
[12二月2026 17:13:39.603] [Server thread/WARN] [net.minecraftforge.common.ForgeConfigSpec/CORE]: Incorrect key server was corrected from null to its default, SimpleCommentedConfig:{}. 
[12二月2026 17:13:39.603] [Server thread/WARN] [net.minecraftforge.common.ForgeConfigSpec/CORE]: Incorrect key server.removeErroringEntities was corrected from null to its default, false. 
[12二月2026 17:13:39.603] [Server thread/DEBUG] [net.minecraftforge.common.ForgeConfigSpec/CORE]: The comment on key server.removeErroringEntities does not match the spec. This may create a backup.
[12二月2026 17:13:39.603] [Server thread/WARN] [net.minecraftforge.common.ForgeConfigSpec/CORE]: Incorrect key server.removeErroringTileEntities was corrected from null to its default, false. 
[12二月2026 17:13:39.603] [Server thread/DEBUG] [net.minecraftforge.common.ForgeConfigSpec/CORE]: The comment on key server.removeErroringTileEntities does not match the spec. This may create a backup.
[12二月2026 17:13:39.603] [Server thread/WARN] [net.minecraftforge.common.ForgeConfigSpec/CORE]: Incorrect key server.fullBoundingBoxLadders was corrected from null to its default, false. 
[12二月2026 17:13:39.603] [Server thread/DEBUG] [net.minecraftforge.common.ForgeConfigSpec/CORE]: The comment on key server.fullBoundingBoxLadders does not match the spec. This may create a backup.
[12二月2026 17:13:39.603] [Server thread/WARN] [net.minecraftforge.common.ForgeConfigSpec/CORE]: Incorrect key server.zombieBaseSummonChance was corrected from null to its default, 0.1. 
[12二月2026 17:13:39.603] [Server thread/DEBUG] [net.minecraftforge.common.ForgeConfigSpec/CORE]: The comment on key server.zombieBaseSummonChance does not match the spec. This may create a backup.
[12二月2026 17:13:39.603] [Server thread/WARN] [net.minecraftforge.common.ForgeConfigSpec/CORE]: Incorrect key server.zombieBabyChance was corrected from null to its default, 0.05. 
[12二月2026 17:13:39.603] [Server thread/DEBUG] [net.minecraftforge.common.ForgeConfigSpec/CORE]: The comment on key server.zombieBabyChance does not match the spec. This may create a backup.
[12二月2026 17:13:39.603] [Server thread/WARN] [net.minecraftforge.common.ForgeConfigSpec/CORE]: Incorrect key server.logCascadingWorldGeneration was corrected from null to its default, true. 
[12二月2026 17:13:39.603] [Server thread/DEBUG] [net.minecraftforge.common.ForgeConfigSpec/CORE]: The comment on key server.logCascadingWorldGeneration does not match the spec. This may create a backup.
[12二月2026 17:13:39.603] [Server thread/WARN] [net.minecraftforge.common.ForgeConfigSpec/CORE]: Incorrect key server.fixVanillaCascading was corrected from null to its default, false. 
[12二月2026 17:13:39.603] [Server thread/DEBUG] [net.minecraftforge.common.ForgeConfigSpec/CORE]: The comment on key server.fixVanillaCascading does not match the spec. This may create a backup.
[12二月2026 17:13:39.603] [Server thread/WARN] [net.minecraftforge.common.ForgeConfigSpec/CORE]: Incorrect key server.dimensionUnloadQueueDelay was corrected from null to its default, 0. 
[12二月2026 17:13:39.603] [Server thread/DEBUG] [net.minecraftforge.common.ForgeConfigSpec/CORE]: The comment on key server.dimensionUnloadQueueDelay does not match the spec. This may create a backup.
[12二月2026 17:13:39.603] [Server thread/WARN] [net.minecraftforge.common.ForgeConfigSpec/CORE]: Incorrect key server.treatEmptyTagsAsAir was corrected from null to its default, false. 
[12二月2026 17:13:39.603] [Server thread/DEBUG] [net.minecraftforge.common.ForgeConfigSpec/CORE]: The comment on key server.treatEmptyTagsAsAir does not match the spec. This may create a backup.
[12二月2026 17:13:39.603] [Server thread/WARN] [net.minecraftforge.common.ForgeConfigSpec/CORE]: Incorrect key server.fixAdvancementLoading was corrected from null to its default, true. 
[12二月2026 17:13:39.603] [Server thread/DEBUG] [net.minecraftforge.common.ForgeConfigSpec/CORE]: The comment on key server.fixAdvancementLoading does not match the spec. This may create a backup.
[12二月2026 17:13:39.603] [Server thread/DEBUG] [net.minecraftforge.common.ForgeConfigSpec/CORE]: The comment on key server does not match the spec. This may create a backup.
[12二月2026 17:13:39.604] [Server thread/DEBUG] [net.minecraftforge.common.ForgeConfig/FORGEMOD]: Loaded forge config file forge-server.toml
[12二月2026 17:13:39.604] [Server thread/DEBUG] [net.minecraftforge.fml.config.ConfigFileTypeHandler/CONFIG]: Built TOML config for .\saves\新的世界\serverconfig\lotr-server.toml
[12二月2026 17:13:39.606] [Server thread/DEBUG] [net.minecraftforge.fml.config.ConfigFileTypeHandler/CONFIG]: Loaded TOML config file .\saves\新的世界\serverconfig\lotr-server.toml
[12二月2026 17:13:39.606] [Server thread/DEBUG] [net.minecraftforge.fml.config.ConfigFileTypeHandler/CONFIG]: Watching TOML config file .\saves\新的世界\serverconfig\lotr-server.toml for changes
[12二月2026 17:13:39.606] [Server thread/WARN] [net.minecraftforge.common.ForgeConfigSpec/CORE]: Configuration file .\saves\新的世界\serverconfig\lotr-server.toml is not correct. Correcting
[12二月2026 17:13:39.606] [Server thread/WARN] [net.minecraftforge.common.ForgeConfigSpec/CORE]: Incorrect key admin was corrected from null to its default, SimpleCommentedConfig:{}. 
[12二月2026 17:13:39.607] [Server thread/WARN] [net.minecraftforge.common.ForgeConfigSpec/CORE]: Incorrect key admin.forceMapLocations was corrected from null to its default, 0. 
[12二月2026 17:13:39.607] [Server thread/DEBUG] [net.minecraftforge.common.ForgeConfigSpec/CORE]: The comment on key admin.forceMapLocations does not match the spec. This may create a backup.
[12二月2026 17:13:39.607] [Server thread/WARN] [net.minecraftforge.common.ForgeConfigSpec/CORE]: Incorrect key admin.forceFogOfWar was corrected from null to its default, 0. 
[12二月2026 17:13:39.607] [Server thread/DEBUG] [net.minecraftforge.common.ForgeConfigSpec/CORE]: The comment on key admin.forceFogOfWar does not match the spec. This may create a backup.
[12二月2026 17:13:39.607] [Server thread/WARN] [net.minecraftforge.common.ForgeConfigSpec/CORE]: Incorrect key admin.playerDataClearingInterval was corrected from null to its default, 1200. 
[12二月2026 17:13:39.607] [Server thread/DEBUG] [net.minecraftforge.common.ForgeConfigSpec/CORE]: The comment on key admin.playerDataClearingInterval does not match the spec. This may create a backup.
[12二月2026 17:13:41.318] [Server thread/INFO] [net.minecraft.server.MinecraftServer/]: Preparing start region for dimension minecraft:overworld
[12二月2026 17:13:41.368] [Render thread/INFO] [net.minecraft.world.chunk.listener.LoggingChunkStatusListener/]: 准备生成区域中：0%
[12二月2026 17:13:41.840] [Render thread/INFO] [net.minecraft.world.chunk.listener.LoggingChunkStatusListener/]: 准备生成区域中：3%
[12二月2026 17:13:42.341] [Render thread/INFO] [net.minecraft.world.chunk.listener.LoggingChunkStatusListener/]: 准备生成区域中：10%
[12二月2026 17:13:42.846] [Render thread/INFO] [net.minecraft.world.chunk.listener.LoggingChunkStatusListener/]: 准备生成区域中：22%
[12二月2026 17:13:43.330] [Render thread/INFO] [net.minecraft.world.chunk.listener.LoggingChunkStatusListener/]: 准备生成区域中：32%
[12二月2026 17:13:43.835] [Render thread/INFO] [net.minecraft.world.chunk.listener.LoggingChunkStatusListener/]: 准备生成区域中：41%
[12二月2026 17:13:44.330] [Render thread/INFO] [net.minecraft.world.chunk.listener.LoggingChunkStatusListener/]: 准备生成区域中：50%
[12二月2026 17:13:44.841] [Render thread/INFO] [net.minecraft.world.chunk.listener.LoggingChunkStatusListener/]: 准备生成区域中：58%
[12二月2026 17:13:45.347] [Render thread/INFO] [net.minecraft.world.chunk.listener.LoggingChunkStatusListener/]: 准备生成区域中：71%
[12二月2026 17:13:45.841] [Render thread/INFO] [net.minecraft.world.chunk.listener.LoggingChunkStatusListener/]: 准备生成区域中：81%
[12二月2026 17:13:46.379] [Render thread/INFO] [net.minecraft.world.chunk.listener.LoggingChunkStatusListener/]: 准备生成区域中：87%
[12二月2026 17:13:46.756] [Render thread/INFO] [net.minecraft.world.chunk.listener.LoggingChunkStatusListener/]: Time elapsed: 5432 ms
[12二月2026 17:13:46.876] [Server thread/INFO] [net.minecraft.server.integrated.IntegratedServer/]: Changing view distance to 11, from 10
[12二月2026 17:13:46.890] [Render thread/DEBUG] [io.netty.channel.MultithreadEventLoopGroup/]: -Dio.netty.eventLoopThreads: 48
[12二月2026 17:13:46.906] [Render thread/DEBUG] [io.netty.channel.nio.NioEventLoop/]: -Dio.netty.noKeySetOptimization: false
[12二月2026 17:13:46.906] [Render thread/DEBUG] [io.netty.channel.nio.NioEventLoop/]: -Dio.netty.selectorAutoRebuildThreshold: 512
[12二月2026 17:13:46.911] [Render thread/DEBUG] [io.netty.util.internal.PlatformDependent/]: org.jctools-core.MpscChunkedArrayQueue: available
[12二月2026 17:13:46.939] [Render thread/DEBUG] [io.netty.channel.DefaultChannelId/]: -Dio.netty.processId: 8104 (auto-detected)
[12二月2026 17:13:46.941] [Render thread/DEBUG] [io.netty.util.NetUtil/]: -Djava.net.preferIPv4Stack: false
[12二月2026 17:13:46.941] [Render thread/DEBUG] [io.netty.util.NetUtil/]: -Djava.net.preferIPv6Addresses: false
[12二月2026 17:13:47.086] [Render thread/DEBUG] [io.netty.util.NetUtil/]: Loopback interface: lo (Software Loopback Interface 1, 127.0.0.1)
[12二月2026 17:13:47.086] [Render thread/DEBUG] [io.netty.util.NetUtil/]: Failed to get SOMAXCONN from sysctl and file \proc\sys\net\core\somaxconn. Default: 200
[12二月2026 17:13:47.210] [Render thread/DEBUG] [io.netty.channel.DefaultChannelId/]: -Dio.netty.machineId: 24:b2:b9:ff:fe:55:a8:21 (auto-detected)
[12二月2026 17:13:47.235] [Render thread/DEBUG] [io.netty.buffer.PooledByteBufAllocator/]: -Dio.netty.allocator.numHeapArenas: 48
[12二月2026 17:13:47.235] [Render thread/DEBUG] [io.netty.buffer.PooledByteBufAllocator/]: -Dio.netty.allocator.numDirectArenas: 48
[12二月2026 17:13:47.235] [Render thread/DEBUG] [io.netty.buffer.PooledByteBufAllocator/]: -Dio.netty.allocator.pageSize: 8192
[12二月2026 17:13:47.235] [Render thread/DEBUG] [io.netty.buffer.PooledByteBufAllocator/]: -Dio.netty.allocator.maxOrder: 11
[12二月2026 17:13:47.235] [Render thread/DEBUG] [io.netty.buffer.PooledByteBufAllocator/]: -Dio.netty.allocator.chunkSize: 16777216
[12二月2026 17:13:47.235] [Render thread/DEBUG] [io.netty.buffer.PooledByteBufAllocator/]: -Dio.netty.allocator.tinyCacheSize: 512
[12二月2026 17:13:47.235] [Render thread/DEBUG] [io.netty.buffer.PooledByteBufAllocator/]: -Dio.netty.allocator.smallCacheSize: 256
[12二月2026 17:13:47.235] [Render thread/DEBUG] [io.netty.buffer.PooledByteBufAllocator/]: -Dio.netty.allocator.normalCacheSize: 64
[12二月2026 17:13:47.235] [Render thread/DEBUG] [io.netty.buffer.PooledByteBufAllocator/]: -Dio.netty.allocator.maxCachedBufferCapacity: 32768
[12二月2026 17:13:47.235] [Render thread/DEBUG] [io.netty.buffer.PooledByteBufAllocator/]: -Dio.netty.allocator.cacheTrimInterval: 8192
[12二月2026 17:13:47.235] [Render thread/DEBUG] [io.netty.buffer.PooledByteBufAllocator/]: -Dio.netty.allocator.useCacheForAllThreads: true
[12二月2026 17:13:47.249] [Render thread/DEBUG] [io.netty.buffer.ByteBufUtil/]: -Dio.netty.allocator.type: pooled
[12二月2026 17:13:47.249] [Render thread/DEBUG] [io.netty.buffer.ByteBufUtil/]: -Dio.netty.threadLocalDirectBufferSize: 0
[12二月2026 17:13:47.249] [Render thread/DEBUG] [io.netty.buffer.ByteBufUtil/]: -Dio.netty.maxThreadLocalCharBufferSize: 16384
[12二月2026 17:13:47.279] [Netty Local Client IO #0/DEBUG] [net.minecraftforge.fml.network.FMLHandshakeHandler/FMLHANDSHAKE]: Starting local connection.
[12二月2026 17:13:47.349] [Netty Local Client IO #0/DEBUG] [net.minecraftforge.coremod.transformer.CoreModBaseTransformer/COREMOD]: Transforming net/minecraft/network/play/client/CClientSettingsPacket
[12二月2026 17:13:47.393] [Netty Local Client IO #0/DEBUG] [io.netty.util.Recycler/]: -Dio.netty.recycler.maxCapacityPerThread: 4096
[12二月2026 17:13:47.393] [Netty Local Client IO #0/DEBUG] [io.netty.util.Recycler/]: -Dio.netty.recycler.maxSharedCapacityFactor: 2
[12二月2026 17:13:47.393] [Netty Local Client IO #0/DEBUG] [io.netty.util.Recycler/]: -Dio.netty.recycler.linkCapacity: 16
[12二月2026 17:13:47.393] [Netty Local Client IO #0/DEBUG] [io.netty.util.Recycler/]: -Dio.netty.recycler.ratio: 8
[12二月2026 17:13:47.405] [Netty Server IO #1/DEBUG] [io.netty.buffer.AbstractByteBuf/]: -Dio.netty.buffer.bytebuf.checkAccessible: true
[12二月2026 17:13:47.406] [Netty Server IO #1/DEBUG] [io.netty.util.ResourceLeakDetectorFactory/]: Loaded default ResourceLeakDetector: io.netty.util.ResourceLeakDetector@15be67a6
[12二月2026 17:13:47.410] [Netty Server IO #1/DEBUG] [net.minecraftforge.fml.network.FMLHandshakeHandler/FMLHANDSHAKE]: Starting local connection.
[12二月2026 17:13:48.044] [Server thread/DEBUG] [net.minecraftforge.fml.network.FMLHandshakeHandler/FMLHANDSHAKE]: Sending ticking packet info 'net.minecraftforge.fml.network.FMLHandshakeMessages$S2CModList' to 'fml:handshake' sequence 0
[12二月2026 17:13:48.049] [Netty Local Client IO #0/DEBUG] [net.minecraftforge.fml.network.FMLLoginWrapper/FMLHANDSHAKE]: Recieved login wrapper packet event for channel fml:handshake with index 0
[12二月2026 17:13:48.050] [Netty Local Client IO #0/DEBUG] [net.minecraftforge.fml.network.FMLHandshakeHandler/FMLHANDSHAKE]: Logging into server with mod list [minecraft, lotr, lotrfa, forge]
[12二月2026 17:13:48.051] [Netty Local Client IO #0/DEBUG] [net.minecraftforge.fml.network.NetworkRegistry/NETREGISTRY]: Channel 'fml:loginwrapper' : Version test of 'FML2' from server : ACCEPTED
[12二月2026 17:13:48.051] [Netty Local Client IO #0/DEBUG] [net.minecraftforge.fml.network.NetworkRegistry/NETREGISTRY]: Channel 'lotr:main' : Version test of '11' from server : ACCEPTED
[12二月2026 17:13:48.051] [Netty Local Client IO #0/DEBUG] [net.minecraftforge.fml.network.NetworkRegistry/NETREGISTRY]: Channel 'fml:handshake' : Version test of 'FML2' from server : ACCEPTED
[12二月2026 17:13:48.051] [Netty Local Client IO #0/DEBUG] [net.minecraftforge.fml.network.NetworkRegistry/NETREGISTRY]: Channel 'forge:split_11' : Version test of '1.1' from server : ACCEPTED
[12二月2026 17:13:48.051] [Netty Local Client IO #0/DEBUG] [net.minecraftforge.fml.network.NetworkRegistry/NETREGISTRY]: Channel 'minecraft:unregister' : Version test of 'FML2' from server : ACCEPTED
[12二月2026 17:13:48.051] [Netty Local Client IO #0/DEBUG] [net.minecraftforge.fml.network.NetworkRegistry/NETREGISTRY]: Channel 'fml:play' : Version test of 'FML2' from server : ACCEPTED
[12二月2026 17:13:48.051] [Netty Local Client IO #0/DEBUG] [net.minecraftforge.fml.network.NetworkRegistry/NETREGISTRY]: Channel 'minecraft:register' : Version test of 'FML2' from server : ACCEPTED
[12二月2026 17:13:48.051] [Netty Local Client IO #0/DEBUG] [net.minecraftforge.fml.network.NetworkRegistry/NETREGISTRY]: Channel 'forge:split' : Version test of '1.0' from server : ACCEPTED
[12二月2026 17:13:48.051] [Netty Local Client IO #0/DEBUG] [net.minecraftforge.fml.network.NetworkRegistry/NETREGISTRY]: Accepting channel list from server
[12二月2026 17:13:48.052] [Netty Local Client IO #0/DEBUG] [net.minecraftforge.fml.network.FMLLoginWrapper/FMLHANDSHAKE]: Dispatching wrapped packet reply for channel fml:handshake with index 0
[12二月2026 17:13:48.052] [Netty Local Client IO #0/DEBUG] [net.minecraftforge.fml.network.FMLHandshakeHandler/FMLHANDSHAKE]: Accepted server connection
[12二月2026 17:13:48.052] [Netty Server IO #1/DEBUG] [net.minecraftforge.fml.network.FMLLoginWrapper/FMLHANDSHAKE]: Recieved login wrapper packet event for channel fml:handshake with index 0
[12二月2026 17:13:48.053] [Netty Server IO #1/DEBUG] [net.minecraftforge.fml.network.FMLHandshakeHandler/FMLHANDSHAKE]: Received client indexed reply 0 of type net.minecraftforge.fml.network.FMLHandshakeMessages$C2SModListReply
[12二月2026 17:13:48.053] [Netty Server IO #1/DEBUG] [net.minecraftforge.fml.network.FMLHandshakeHandler/FMLHANDSHAKE]: Received client connection with modlist [minecraft, lotr, lotrfa, forge]
[12二月2026 17:13:48.053] [Netty Server IO #1/DEBUG] [net.minecraftforge.fml.network.NetworkRegistry/NETREGISTRY]: Channel 'fml:loginwrapper' : Version test of 'FML2' from client : ACCEPTED
[12二月2026 17:13:48.053] [Netty Server IO #1/DEBUG] [net.minecraftforge.fml.network.NetworkRegistry/NETREGISTRY]: Channel 'lotr:main' : Version test of '11' from client : ACCEPTED
[12二月2026 17:13:48.053] [Netty Server IO #1/DEBUG] [net.minecraftforge.fml.network.NetworkRegistry/NETREGISTRY]: Channel 'fml:handshake' : Version test of 'FML2' from client : ACCEPTED
[12二月2026 17:13:48.053] [Netty Server IO #1/DEBUG] [net.minecraftforge.fml.network.NetworkRegistry/NETREGISTRY]: Channel 'forge:split_11' : Version test of '1.1' from client : ACCEPTED
[12二月2026 17:13:48.053] [Netty Server IO #1/DEBUG] [net.minecraftforge.fml.network.NetworkRegistry/NETREGISTRY]: Channel 'minecraft:unregister' : Version test of 'FML2' from client : ACCEPTED
[12二月2026 17:13:48.053] [Netty Server IO #1/DEBUG] [net.minecraftforge.fml.network.NetworkRegistry/NETREGISTRY]: Channel 'fml:play' : Version test of 'FML2' from client : ACCEPTED
[12二月2026 17:13:48.053] [Netty Server IO #1/DEBUG] [net.minecraftforge.fml.network.NetworkRegistry/NETREGISTRY]: Channel 'minecraft:register' : Version test of 'FML2' from client : ACCEPTED
[12二月2026 17:13:48.053] [Netty Server IO #1/DEBUG] [net.minecraftforge.fml.network.NetworkRegistry/NETREGISTRY]: Channel 'forge:split' : Version test of '1.0' from client : ACCEPTED
[12二月2026 17:13:48.053] [Netty Server IO #1/DEBUG] [net.minecraftforge.fml.network.NetworkRegistry/NETREGISTRY]: Accepting channel list from client
[12二月2026 17:13:48.053] [Netty Server IO #1/DEBUG] [net.minecraftforge.fml.network.FMLHandshakeHandler/FMLHANDSHAKE]: Accepted client connection mod list
[12二月2026 17:13:48.053] [Netty Local Client IO #0/DEBUG] [net.minecraftforge.fml.network.FMLHandshakeHandler/REGISTRIES]: Expecting 16 registries: [minecraft:recipe_serializer, minecraft:sound_event, minecraft:particle_type, minecraft:villager_profession, minecraft:item, minecraft:potion, minecraft:block_entity_type, minecraft:block, minecraft:data_serializers, minecraft:mob_effect, minecraft:stat_type, minecraft:menu, minecraft:enchantment, minecraft:motive, minecraft:fluid, minecraft:entity_type]
[12二月2026 17:13:48.095] [Server thread/DEBUG] [net.minecraftforge.fml.network.FMLHandshakeHandler/FMLHANDSHAKE]: Sending ticking packet info 'Config lotr-server.toml' to 'fml:handshake' sequence 1
[12二月2026 17:13:48.096] [Netty Local Client IO #0/DEBUG] [net.minecraftforge.fml.network.FMLLoginWrapper/FMLHANDSHAKE]: Recieved login wrapper packet event for channel fml:handshake with index 1
[12二月2026 17:13:48.096] [Netty Local Client IO #0/DEBUG] [net.minecraftforge.fml.network.FMLHandshakeHandler/FMLHANDSHAKE]: Received config sync from server
[12二月2026 17:13:48.096] [Netty Local Client IO #0/DEBUG] [net.minecraftforge.fml.network.FMLLoginWrapper/FMLHANDSHAKE]: Dispatching wrapped packet reply for channel fml:handshake with index 1
[12二月2026 17:13:48.096] [Netty Server IO #1/DEBUG] [net.minecraftforge.fml.network.FMLLoginWrapper/FMLHANDSHAKE]: Recieved login wrapper packet event for channel fml:handshake with index 1
[12二月2026 17:13:48.096] [Netty Server IO #1/DEBUG] [net.minecraftforge.fml.network.FMLHandshakeHandler/FMLHANDSHAKE]: Received client indexed reply 1 of type net.minecraftforge.fml.network.FMLHandshakeMessages$C2SAcknowledge
[12二月2026 17:13:48.096] [Netty Server IO #1/DEBUG] [net.minecraftforge.fml.network.FMLHandshakeHandler/FMLHANDSHAKE]: Received acknowledgement from client
[12二月2026 17:13:48.142] [Server thread/DEBUG] [net.minecraftforge.fml.network.FMLHandshakeHandler/FMLHANDSHAKE]: Sending ticking packet info 'Config forge-server.toml' to 'fml:handshake' sequence 2
[12二月2026 17:13:48.143] [Netty Local Client IO #0/DEBUG] [net.minecraftforge.fml.network.FMLLoginWrapper/FMLHANDSHAKE]: Recieved login wrapper packet event for channel fml:handshake with index 2
[12二月2026 17:13:48.144] [Netty Local Client IO #0/DEBUG] [net.minecraftforge.fml.network.FMLHandshakeHandler/FMLHANDSHAKE]: Received config sync from server
[12二月2026 17:13:48.144] [Netty Local Client IO #0/DEBUG] [net.minecraftforge.fml.network.FMLLoginWrapper/FMLHANDSHAKE]: Dispatching wrapped packet reply for channel fml:handshake with index 2
[12二月2026 17:13:48.144] [Netty Server IO #1/DEBUG] [net.minecraftforge.fml.network.FMLLoginWrapper/FMLHANDSHAKE]: Recieved login wrapper packet event for channel fml:handshake with index 2
[12二月2026 17:13:48.144] [Netty Server IO #1/DEBUG] [net.minecraftforge.fml.network.FMLHandshakeHandler/FMLHANDSHAKE]: Received client indexed reply 2 of type net.minecraftforge.fml.network.FMLHandshakeMessages$C2SAcknowledge
[12二月2026 17:13:48.144] [Netty Server IO #1/DEBUG] [net.minecraftforge.fml.network.FMLHandshakeHandler/FMLHANDSHAKE]: Received acknowledgement from client
[12二月2026 17:13:48.195] [Server thread/DEBUG] [net.minecraftforge.fml.network.FMLHandshakeHandler/FMLHANDSHAKE]: Handshake complete!
[12二月2026 17:13:48.256] [Netty Local Client IO #0/INFO] [net.minecraftforge.fml.network.NetworkHooks/]: Connected to a modded server.
[12二月2026 17:13:48.276] [Server thread/INFO] [net.minecraftforge.common.AdvancementLoadFix/]: Using new advancement loading for net.minecraft.advancements.PlayerAdvancements@3bf5a537
[12二月2026 17:13:48.283] [Server thread/INFO] [net.minecraft.server.management.PlayerList/]: Dev[local:E:712710eb] logged in with entity id 260 at (-239.5, 70.0, -249.5)
[12二月2026 17:13:48.312] [Server thread/INFO] [net.minecraft.server.MinecraftServer/]: Dev加入了游戏
[12二月2026 17:13:48.785] [Render thread/WARN] [net.minecraft.client.util.ClientRecipeBook/]: Unknown recipe category: lotr:wood_elven/lotr:wood_elven_brick_stairs
[12二月2026 17:13:48.786] [Render thread/WARN] [net.minecraft.client.util.ClientRecipeBook/]: Unknown recipe category: lotr:angmar/lotr:angmar_brick_stairs
[12二月2026 17:13:48.786] [Render thread/WARN] [net.minecraft.client.util.ClientRecipeBook/]: Unknown recipe category: lotr:wood_elven/lotr:wood_elven_helmet
[12二月2026 17:13:48.786] [Render thread/WARN] [net.minecraft.client.util.ClientRecipeBook/]: Unknown recipe category: lotr:blue_mountains/lotr:blue_mountains_crafting_table
[12二月2026 17:13:48.786] [Render thread/WARN] [net.minecraft.client.util.ClientRecipeBook/]: Unknown recipe category: lotr:dorwinion/lotr:mossy_dorwinion_brick
[12二月2026 17:13:48.787] [Render thread/WARN] [net.minecraft.client.util.ClientRecipeBook/]: Unknown recipe category: lotr:gondor/lotr:gondor_boots
[12二月2026 17:13:48.787] [Render thread/WARN] [net.minecraft.client.util.ClientRecipeBook/]: Unknown recipe category: lotr:rivendell/lotr:rivendell_chestplate
[12二月2026 17:13:48.787] [Render thread/WARN] [net.minecraft.client.util.ClientRecipeBook/]: Unknown recipe category: lotr:galadhrim/lotr:blue_mallorn_torch
[12二月2026 17:13:48.787] [Render thread/WARN] [net.minecraft.client.util.ClientRecipeBook/]: Unknown recipe category: lotr:uruk/lotr:uruk_shovel
[12二月2026 17:13:48.787] [Render thread/WARN] [net.minecraft.client.util.ClientRecipeBook/]: Unknown recipe category: lotr:mordor/lotr:mordor_shovel
[12二月2026 17:13:48.787] [Render thread/WARN] [net.minecraft.client.util.ClientRecipeBook/]: Unknown recipe category: lotr:gondor/lotr:mossy_gondor_brick_wall
[12二月2026 17:13:48.787] [Render thread/WARN] [net.minecraft.client.util.ClientRecipeBook/]: Unknown recipe category: lotr:gondor/lotr:gondor_gate
[12二月2026 17:13:48.787] [Render thread/WARN] [net.minecraft.client.util.ClientRecipeBook/]: Unknown recipe category: lotr:galadhrim/lotr:mallorn_beam_slab
[12二月2026 17:13:48.787] [Render thread/WARN] [net.minecraft.client.util.ClientRecipeBook/]: Unknown recipe category: lotr:ranger/lotr:arnor_brick
[12二月2026 17:13:48.787] [Render thread/WARN] [net.minecraft.client.util.ClientRecipeBook/]: Unknown recipe category: lotr:dale/lotr:dale_shield
[12二月2026 17:13:48.787] [Render thread/WARN] [net.minecraft.client.util.ClientRecipeBook/]: Unknown recipe category: lotr:uruk/lotr:uruk_axe
[12二月2026 17:13:48.787] [Render thread/WARN] [net.minecraft.client.util.ClientRecipeBook/]: Unknown recipe category: lotr:dale/lotr:dale_boots
[12二月2026 17:13:48.787] [Render thread/WARN] [net.minecraft.client.util.ClientRecipeBook/]: Unknown recipe category: lotr:angmar/lotr:angmar_pillar
[12二月2026 17:13:48.787] [Render thread/WARN] [net.minecraft.client.util.ClientRecipeBook/]: Unknown recipe category: lotr:umbar/lotr:mossy_umbar_brick
[12二月2026 17:13:48.787] [Render thread/WARN] [net.minecraft.client.util.ClientRecipeBook/]: Unknown recipe category: lotr:any_numenorean/lotr:mossy_numenorean_brick_wall
[12二月2026 17:13:48.787] [Render thread/WARN] [net.minecraft.client.util.ClientRecipeBook/]: Unknown recipe category: lotr:gondor/lotr:cracked_gondor_cobblebrick_wall
[12二月2026 17:13:48.787] [Render thread/WARN] [net.minecraft.client.util.ClientRecipeBook/]: Unknown recipe category: lotr:galadhrim/lotr:stripped_mallorn_wood_stairs
[12二月2026 17:13:48.787] [Render thread/WARN] [net.minecraft.client.util.ClientRecipeBook/]: Unknown recipe category: lotr:dale/lotr:dale_paving_alt5
[12二月2026 17:13:48.787] [Render thread/WARN] [net.minecraft.client.util.ClientRecipeBook/]: Unknown recipe category: lotr:uruk/lotr:uruk_bars
[12二月2026 17:13:48.787] [Render thread/WARN] [net.minecraft.client.util.ClientRecipeBook/]: Unknown recipe category: lotr:galadhrim/lotr:cracked_galadhrim_brick_wall
[12二月2026 17:13:48.787] [Render thread/WARN] [net.minecraft.client.util.ClientRecipeBook/]: Unknown recipe category: lotr:galadhrim/lotr:mallorn_ladder
[12二月2026 17:13:48.787] [Render thread/WARN] [net.minecraft.client.util.ClientRecipeBook/]: Unknown recipe category: lotr:galadhrim/lotr:mallorn_planks_from_mallorn_wood_slab
[12二月2026 17:13:48.787] [Render thread/WARN] [net.minecraft.client.util.ClientRecipeBook/]: Unknown recipe category: lotr:angmar/lotr:cracked_angmar_brick_stairs
[12二月2026 17:13:48.787] [Render thread/WARN] [net.minecraft.client.util.ClientRecipeBook/]: Unknown recipe category: lotr:gondor/lotr:gondor_rock_button
[12二月2026 17:13:48.787] [Render thread/WARN] [net.minecraft.client.util.ClientRecipeBook/]: Unknown recipe category: lotr:dale/lotr:dale_paving_alt9
[12二月2026 17:13:48.787] [Render thread/WARN] [net.minecraft.client.util.ClientRecipeBook/]: Unknown recipe category: lotr:any_high_elven/lotr:cracked_high_elven_brick_stairs
[12二月2026 17:13:48.787] [Render thread/WARN] [net.minecraft.client.util.ClientRecipeBook/]: Unknown recipe category: lotr:orc_forge_alloy/lotr:uruk_steel_ingot
[12二月2026 17:13:48.787] [Render thread/WARN] [net.minecraft.client.util.ClientRecipeBook/]: Unknown recipe category: lotr:wood_elven/lotr:wood_elven_pillar
[12二月2026 17:13:48.787] [Render thread/WARN] [net.minecraft.client.util.ClientRecipeBook/]: Unknown recipe category: lotr:blue_mountains/lotr:blue_dwarven_sword
[12二月2026 17:13:48.787] [Render thread/WARN] [net.minecraft.client.util.ClientRecipeBook/]: Unknown recipe category: lotr:rivendell/lotr:rivendell_dagger
[12二月2026 17:13:48.787] [Render thread/WARN] [net.minecraft.client.util.ClientRecipeBook/]: Unknown recipe category: lotr:rivendell/lotr:rivendell_hoe
[12二月2026 17:13:48.787] [Render thread/WARN] [net.minecraft.client.util.ClientRecipeBook/]: Unknown recipe category: lotr:dale/lotr:dale_brick_slab
[12二月2026 17:13:48.787] [Render thread/WARN] [net.minecraft.client.util.ClientRecipeBook/]: Unknown recipe category: lotr:any_high_elven/lotr:cracked_high_elven_brick_wall
[12二月2026 17:13:48.787] [Render thread/WARN] [net.minecraft.client.util.ClientRecipeBook/]: Unknown recipe category: lotr:galadhrim/lotr:mallorn_planks_from_mallorn_wood_stairs
[12二月2026 17:13:48.787] [Render thread/WARN] [net.minecraft.client.util.ClientRecipeBook/]: Unknown recipe category: lotr:blue_mountains/lotr:blue_dwarven_shovel
[12二月2026 17:13:48.787] [Render thread/WARN] [net.minecraft.client.util.ClientRecipeBook/]: Unknown recipe category: lotr:mordor/lotr:orc_forge_mordor
[12二月2026 17:13:48.787] [Render thread/WARN] [net.minecraft.client.util.ClientRecipeBook/]: Unknown recipe category: lotr:any_dwarven/lotr:mossy_dwarven_brick_stairs
[12二月2026 17:13:48.787] [Render thread/WARN] [net.minecraft.client.util.ClientRecipeBook/]: Unknown recipe category: lotr:gondor/lotr:gondor_cobblebrick_wall
[12二月2026 17:13:48.787] [Render thread/WARN] [net.minecraft.client.util.ClientRecipeBook/]: Unknown recipe category: lotr:dwarven/lotr:mithril_trimmed_dwarven_boots
[12二月2026 17:13:48.788] [Render thread/WARN] [net.minecraft.client.util.ClientRecipeBook/]: Unknown recipe category: lotr:blue_mountains/lotr:blue_dwarven_boots
[12二月2026 17:13:48.788] [Render thread/WARN] [net.minecraft.client.util.ClientRecipeBook/]: Unknown recipe category: lotr:galadhrim/lotr:galadhrim_sword
[12二月2026 17:13:48.788] [Render thread/WARN] [net.minecraft.client.util.ClientRecipeBook/]: Unknown recipe category: lotr:dwarven/lotr:mithril_trimmed_dwarven_leggings
[12二月2026 17:13:48.788] [Render thread/WARN] [net.minecraft.client.util.ClientRecipeBook/]: Unknown recipe category: lotr:any_numenorean/lotr:numenorean_pillar
[12二月2026 17:13:48.788] [Render thread/WARN] [net.minecraft.client.util.ClientRecipeBook/]: Unknown recipe category: lotr:rohan/lotr:rohan_crafting_table
[12二月2026 17:13:48.788] [Render thread/WARN] [net.minecraft.client.util.ClientRecipeBook/]: Unknown recipe category: lotr:any_numenorean/lotr:mossy_numenorean_brick_slab
[12二月2026 17:13:48.788] [Render thread/WARN] [net.minecraft.client.util.ClientRecipeBook/]: Unknown recipe category: lotr:rohan/lotr:rohan_brick_stairs
[12二月2026 17:13:48.788] [Render thread/WARN] [net.minecraft.client.util.ClientRecipeBook/]: Unknown recipe category: lotr:dorwinion/lotr:cracked_dorwinion_brick_slab
[12二月2026 17:13:48.788] [Render thread/WARN] [net.minecraft.client.util.ClientRecipeBook/]: Unknown recipe category: lotr:lossoth/lotr:blubber_torch
[12二月2026 17:13:48.788] [Render thread/WARN] [net.minecraft.client.util.ClientRecipeBook/]: Unknown recipe category: lotr:any_dwarven/lotr:carved_dwarven_brick
[12二月2026 17:13:48.788] [Render thread/WARN] [net.minecraft.client.util.ClientRecipeBook/]: Unknown recipe category: lotr:mordor/lotr:mordor_axe
[12二月2026 17:13:48.788] [Render thread/WARN] [net.minecraft.client.util.ClientRecipeBook/]: Unknown recipe category: lotr:uruk/lotr:uruk_dagger
[12二月2026 17:13:48.788] [Render thread/WARN] [net.minecraft.client.util.ClientRecipeBook/]: Unknown recipe category: lotr:lindon/lotr:lindon_pickaxe
[12二月2026 17:13:48.788] [Render thread/WARN] [net.minecraft.client.util.ClientRecipeBook/]: Unknown recipe category: lotr:gondor/lotr:gondor_pillar
[12二月2026 17:13:48.788] [Render thread/WARN] [net.minecraft.client.util.ClientRecipeBook/]: Unknown recipe category: lotr:lindon/lotr:lindon_shovel
[12二月2026 17:13:48.788] [Render thread/WARN] [net.minecraft.client.util.ClientRecipeBook/]: Unknown recipe category: lotr:any_dwarven/lotr:dwarven_pillar
[12二月2026 17:13:48.788] [Render thread/WARN] [net.minecraft.client.util.ClientRecipeBook/]: Unknown recipe category: lotr:gondor/lotr:gondor_cobblebrick_slab
[12二月2026 17:13:48.788] [Render thread/WARN] [net.minecraft.client.util.ClientRecipeBook/]: Unknown recipe category: lotr:angmar/lotr:snowy_angmar_brick_slab
[12二月2026 17:13:48.788] [Render thread/WARN] [net.minecraft.client.util.ClientRecipeBook/]: Unknown recipe category: lotr:galadhrim/lotr:mallorn_pickaxe
[12二月2026 17:13:48.788] [Render thread/WARN] [net.minecraft.client.util.ClientRecipeBook/]: Unknown recipe category: lotr:brewing/lotr:rum
[12二月2026 17:13:48.788] [Render thread/WARN] [net.minecraft.client.util.ClientRecipeBook/]: Unknown recipe category: lotr:rohan/lotr:smooth_rohan_rock_slab
[12二月2026 17:13:48.788] [Render thread/WARN] [net.minecraft.client.util.ClientRecipeBook/]: Unknown recipe category: lotr:lossoth/lotr:lossoth_crafting_table
[12二月2026 17:13:48.788] [Render thread/WARN] [net.minecraft.client.util.ClientRecipeBook/]: Unknown recipe category: lotr:mordor/lotr:mordor_brick_slab
[12二月2026 17:13:48.788] [Render thread/WARN] [net.minecraft.client.util.ClientRecipeBook/]: Unknown recipe category: lotr:rohan/lotr:rohan_boots
[12二月2026 17:13:48.788] [Render thread/WARN] [net.minecraft.client.util.ClientRecipeBook/]: Unknown recipe category: lotr:wood_elven/lotr:mossy_wood_elven_brick_wall
[12二月2026 17:13:48.788] [Render thread/WARN] [net.minecraft.client.util.ClientRecipeBook/]: Unknown recipe category: lotr:dale/lotr:carved_dale_brick
[12二月2026 17:13:48.788] [Render thread/WARN] [net.minecraft.client.util.ClientRecipeBook/]: Unknown recipe category: lotr:galadhrim/lotr:cracked_galadhrim_brick_slab
[12二月2026 17:13:48.788] [Render thread/WARN] [net.minecraft.client.util.ClientRecipeBook/]: Unknown recipe category: lotr:harad/lotr:coast_southron_shield
[12二月2026 17:13:48.788] [Render thread/WARN] [net.minecraft.client.util.ClientRecipeBook/]: Unknown recipe category: lotr:any_hobbit/lotr:hobbit_oven
[12二月2026 17:13:48.788] [Render thread/WARN] [net.minecraft.client.util.ClientRecipeBook/]: Unknown recipe category: lotr:blue_mountains/lotr:gold_trimmed_blue_dwarven_helmet
[12二月2026 17:13:48.788] [Render thread/WARN] [net.minecraft.client.util.ClientRecipeBook/]: Unknown recipe category: lotr:any_high_elven/lotr:high_elven_brick_stairs
[12二月2026 17:13:48.788] [Render thread/WARN] [net.minecraft.client.util.ClientRecipeBook/]: Unknown recipe category: lotr:mordor/lotr:mordor_basalt_brick_slab
[12二月2026 17:13:48.788] [Render thread/WARN] [net.minecraft.client.util.ClientRecipeBook/]: Unknown recipe category: lotr:galadhrim/lotr:mallorn_slab
[12二月2026 17:13:48.788] [Render thread/WARN] [net.minecraft.client.util.ClientRecipeBook/]: Unknown recipe category: lotr:harad/lotr:harad_spear
[12二月2026 17:13:48.789] [Render thread/WARN] [net.minecraft.client.util.ClientRecipeBook/]: Unknown recipe category: lotr:lossoth/lotr:leather_from_leather_bundle
[12二月2026 17:13:48.789] [Render thread/WARN] [net.minecraft.client.util.ClientRecipeBook/]: Unknown recipe category: lotr:dorwinion/lotr:dorwinion_elven_helmet
[12二月2026 17:13:48.789] [Render thread/WARN] [net.minecraft.client.util.ClientRecipeBook/]: Unknown recipe category: lotr:mordor/lotr:mordor_basalt_brick
[12二月2026 17:13:48.789] [Render thread/WARN] [net.minecraft.client.util.ClientRecipeBook/]: Unknown recipe category: lotr:angmar/lotr:mossy_angmar_brick
[12二月2026 17:13:48.789] [Render thread/WARN] [net.minecraft.client.util.ClientRecipeBook/]: Unknown recipe category: lotr:wood_elven/lotr:elven_forge_wood_elven
[12二月2026 17:13:48.789] [Render thread/WARN] [net.minecraft.client.util.ClientRecipeBook/]: Unknown recipe category: lotr:galadhrim/lotr:galadhrim_hoe
[12二月2026 17:13:48.789] [Render thread/WARN] [net.minecraft.client.util.ClientRecipeBook/]: Unknown recipe category: lotr:dorwinion/lotr:mossy_dorwinion_brick_slab
[12二月2026 17:13:48.789] [Render thread/WARN] [net.minecraft.client.util.ClientRecipeBook/]: Unknown recipe category: lotr:dol_amroth/lotr:dol_amroth_brick_stairs
[12二月2026 17:13:48.789] [Render thread/WARN] [net.minecraft.client.util.ClientRecipeBook/]: Unknown recipe category: lotr:harad/lotr:harad_crafting_table
[12二月2026 17:13:48.789] [Render thread/WARN] [net.minecraft.client.util.ClientRecipeBook/]: Unknown recipe category: lotr:mordor/lotr:mordor_leggings
[12二月2026 17:13:48.789] [Render thread/WARN] [net.minecraft.client.util.ClientRecipeBook/]: Unknown recipe category: lotr:galadhrim/lotr:mallorn_trapdoor
[12二月2026 17:13:48.789] [Render thread/WARN] [net.minecraft.client.util.ClientRecipeBook/]: Unknown recipe category: lotr:blue_mountains/lotr:silver_trimmed_blue_dwarven_leggings
[12二月2026 17:13:48.789] [Render thread/WARN] [net.minecraft.client.util.ClientRecipeBook/]: Unknown recipe category: lotr:gondor/lotr:gondor_rock_wall
[12二月2026 17:13:48.789] [Render thread/WARN] [net.minecraft.client.util.ClientRecipeBook/]: Unknown recipe category: lotr:gondor/lotr:smooth_gondor_rock_slab
[12二月2026 17:13:48.789] [Render thread/WARN] [net.minecraft.client.util.ClientRecipeBook/]: Unknown recipe category: lotr:dwarven/lotr:dwarven_leggings
[12二月2026 17:13:48.789] [Render thread/WARN] [net.minecraft.client.util.ClientRecipeBook/]: Unknown recipe category: lotr:galadhrim/lotr:galadhrim_bars
[12二月2026 17:13:48.789] [Render thread/WARN] [net.minecraft.client.util.ClientRecipeBook/]: Unknown recipe category: lotr:dale/lotr:dale_pillar
[12二月2026 17:13:48.789] [Render thread/WARN] [net.minecraft.client.util.ClientRecipeBook/]: Unknown recipe category: lotr:any_dwarven/lotr:dwarven_brick_slab
[12二月2026 17:13:48.789] [Render thread/WARN] [net.minecraft.client.util.ClientRecipeBook/]: Unknown recipe category: lotr:ranger/lotr:mossy_arnor_brick_slab
[12二月2026 17:13:48.789] [Render thread/WARN] [net.minecraft.client.util.ClientRecipeBook/]: Unknown recipe category: lotr:blue_mountains/lotr:blue_dwarven_helmet
[12二月2026 17:13:48.789] [Render thread/WARN] [net.minecraft.client.util.ClientRecipeBook/]: Unknown recipe category: lotr:rivendell/lotr:rivendell_crafting_table
[12二月2026 17:13:48.789] [Render thread/WARN] [net.minecraft.client.util.ClientRecipeBook/]: Unknown recipe category: lotr:hobbit/lotr:shire_pine_trapdoor
[12二月2026 17:13:48.789] [Render thread/WARN] [net.minecraft.client.util.ClientRecipeBook/]: Unknown recipe category: lotr:galadhrim/lotr:galadhrim_dagger
[12二月2026 17:13:48.789] [Render thread/WARN] [net.minecraft.client.util.ClientRecipeBook/]: Unknown recipe category: lotr:dwarven/lotr:dwarven_dagger
[12二月2026 17:13:48.789] [Render thread/WARN] [net.minecraft.client.util.ClientRecipeBook/]: Unknown recipe category: lotr:any_dwarven/lotr:mossy_dwarven_brick_wall
[12二月2026 17:13:48.789] [Render thread/WARN] [net.minecraft.client.util.ClientRecipeBook/]: Unknown recipe category: lotr:gondor/lotr:cracked_gondor_cobblebrick_stairs
[12二月2026 17:13:48.789] [Render thread/WARN] [net.minecraft.client.util.ClientRecipeBook/]: Unknown recipe category: lotr:gondor/lotr:ranger_ithilien_chestplate
[12二月2026 17:13:48.789] [Render thread/WARN] [net.minecraft.client.util.ClientRecipeBook/]: Unknown recipe category: lotr:dwarven/lotr:silver_trimmed_dwarven_leggings
[12二月2026 17:13:48.789] [Render thread/WARN] [net.minecraft.client.util.ClientRecipeBook/]: Unknown recipe category: lotr:dorwinion/lotr:dorwinion_pillar_slab
[12二月2026 17:13:48.789] [Render thread/WARN] [net.minecraft.client.util.ClientRecipeBook/]: Unknown recipe category: lotr:wood_elven/lotr:wood_elven_axe
[12二月2026 17:13:48.789] [Render thread/WARN] [net.minecraft.client.util.ClientRecipeBook/]: Unknown recipe category: lotr:any_orc/lotr:orc_plating_stairs
[12二月2026 17:13:48.789] [Render thread/WARN] [net.minecraft.client.util.ClientRecipeBook/]: Unknown recipe category: lotr:galadhrim/lotr:mallorn_sign
[12二月2026 17:13:48.790] [Render thread/WARN] [net.minecraft.client.util.ClientRecipeBook/]: Unknown recipe category: lotr:uruk/lotr:uruk_berserker_cleaver
[12二月2026 17:13:48.790] [Render thread/WARN] [net.minecraft.client.util.ClientRecipeBook/]: Unknown recipe category: lotr:dale/lotr:mossy_dale_paving_stairs
[12二月2026 17:13:48.790] [Render thread/WARN] [net.minecraft.client.util.ClientRecipeBook/]: Unknown recipe category: lotr:ranger/lotr:arnor_pillar_slab
[12二月2026 17:13:48.790] [Render thread/WARN] [net.minecraft.client.util.ClientRecipeBook/]: Unknown recipe category: lotr:mordor/lotr:mossy_mordor_brick_wall
[12二月2026 17:13:48.790] [Render thread/WARN] [net.minecraft.client.util.ClientRecipeBook/]: Unknown recipe category: lotr:dol_amroth/lotr:dol_amroth_brick
[12二月2026 17:13:48.790] [Render thread/WARN] [net.minecraft.client.util.ClientRecipeBook/]: Unknown recipe category: lotr:angmar/lotr:cracked_angmar_brick_slab
[12二月2026 17:13:48.790] [Render thread/WARN] [net.minecraft.client.util.ClientRecipeBook/]: Unknown recipe category: lotr:dwarven/lotr:mithril_trimmed_dwarven_chestplate
[12二月2026 17:13:48.790] [Render thread/WARN] [net.minecraft.client.util.ClientRecipeBook/]: Unknown recipe category: lotr:orc_forge/lotr:rotten_flesh_orc_forge
[12二月2026 17:13:48.790] [Render thread/WARN] [net.minecraft.client.util.ClientRecipeBook/]: Unknown recipe category: lotr:any_numenorean/lotr:numenorean_brick_wall
[12二月2026 17:13:48.791] [Render thread/WARN] [net.minecraft.client.util.ClientRecipeBook/]: Unknown recipe category: lotr:galadhrim/lotr:mallorn_wood_stairs
[12二月2026 17:13:48.791] [Render thread/WARN] [net.minecraft.client.util.ClientRecipeBook/]: Unknown recipe category: lotr:dwarven/lotr:gold_trimmed_dwarven_boots
[12二月2026 17:13:48.791] [Render thread/WARN] [net.minecraft.client.util.ClientRecipeBook/]: Unknown recipe category: lotr:dol_amroth/lotr:dol_amroth_helmet
[12二月2026 17:13:48.791] [Render thread/WARN] [net.minecraft.client.util.ClientRecipeBook/]: Unknown recipe category: lotr:dale/lotr:dale_paving_alt6
[12二月2026 17:13:48.791] [Render thread/WARN] [net.minecraft.client.util.ClientRecipeBook/]: Unknown recipe category: lotr:dwarven/lotr:silver_trimmed_dwarven_boots
[12二月2026 17:13:48.791] [Render thread/WARN] [net.minecraft.client.util.ClientRecipeBook/]: Unknown recipe category: lotr:rohan/lotr:cracked_rohan_brick_stairs
[12二月2026 17:13:48.791] [Render thread/WARN] [net.minecraft.client.util.ClientRecipeBook/]: Unknown recipe category: lotr:orc_forge_alloy/lotr:blue_vitriol_orc_forge
[12二月2026 17:13:48.792] [Render thread/WARN] [net.minecraft.client.util.ClientRecipeBook/]: Unknown recipe category: lotr:harad/lotr:harad_helmet
[12二月2026 17:13:48.792] [Render thread/WARN] [net.minecraft.client.util.ClientRecipeBook/]: Unknown recipe category: lotr:gondor/lotr:mossy_gondor_brick_stairs
[12二月2026 17:13:48.792] [Render thread/WARN] [net.minecraft.client.util.ClientRecipeBook/]: Unknown recipe category: lotr:dale/lotr:mossy_dale_paving
[12二月2026 17:13:48.792] [Render thread/WARN] [net.minecraft.client.util.ClientRecipeBook/]: Unknown recipe category: lotr:any_high_elven/lotr:high_elven_pillar
[12二月2026 17:13:48.792] [Render thread/WARN] [net.minecraft.client.util.ClientRecipeBook/]: Unknown recipe category: lotr:rohan/lotr:carved_rohan_brick
[12二月2026 17:13:48.792] [Render thread/WARN] [net.minecraft.client.util.ClientRecipeBook/]: Unknown recipe category: lotr:any_numenorean/lotr:numenorean_brick
[12二月2026 17:13:48.792] [Render thread/WARN] [net.minecraft.client.util.ClientRecipeBook/]: Unknown recipe category: lotr:brewing/lotr:dwarven_ale
[12二月2026 17:13:48.792] [Render thread/WARN] [net.minecraft.client.util.ClientRecipeBook/]: Unknown recipe category: lotr:gondor/lotr:mossy_gondor_cobblebrick_slab
[12二月2026 17:13:48.792] [Render thread/WARN] [net.minecraft.client.util.ClientRecipeBook/]: Unknown recipe category: lotr:umbar/lotr:umbar_pillar_slab
[12二月2026 17:13:48.792] [Render thread/WARN] [net.minecraft.client.util.ClientRecipeBook/]: Unknown recipe category: lotr:harad/lotr:harnennor_leggings
[12二月2026 17:13:48.792] [Render thread/WARN] [net.minecraft.client.util.ClientRecipeBook/]: Unknown recipe category: lotr:uruk/lotr:uruk_pickaxe
[12二月2026 17:13:48.792] [Render thread/WARN] [net.minecraft.client.util.ClientRecipeBook/]: Unknown recipe category: lotr:gondor/lotr:winged_gondor_helmet
[12二月2026 17:13:48.792] [Render thread/WARN] [net.minecraft.client.util.ClientRecipeBook/]: Unknown recipe category: lotr:dol_amroth/lotr:dol_amroth_dagger
[12二月2026 17:13:48.792] [Render thread/WARN] [net.minecraft.client.util.ClientRecipeBook/]: Unknown recipe category: lotr:dwarven/lotr:dwarven_helmet
[12二月2026 17:13:48.792] [Render thread/WARN] [net.minecraft.client.util.ClientRecipeBook/]: Unknown recipe category: lotr:umbar/lotr:umbar_pillar
[12二月2026 17:13:48.792] [Render thread/WARN] [net.minecraft.client.util.ClientRecipeBook/]: Unknown recipe category: lotr:dol_amroth/lotr:dol_amroth_leggings
[12二月2026 17:13:48.792] [Render thread/WARN] [net.minecraft.client.util.ClientRecipeBook/]: Unknown recipe category: lotr:ranger/lotr:ranger_north_boots
[12二月2026 17:13:48.792] [Render thread/WARN] [net.minecraft.client.util.ClientRecipeBook/]: Unknown recipe category: lotr:dorwinion/lotr:red_dorwinion_brick_stairs
[12二月2026 17:13:48.792] [Render thread/WARN] [net.minecraft.client.util.ClientRecipeBook/]: Unknown recipe category: lotr:any_numenorean/lotr:mossy_numenorean_brick
[12二月2026 17:13:48.792] [Render thread/WARN] [net.minecraft.client.util.ClientRecipeBook/]: Unknown recipe category: lotr:galadhrim/lotr:mallorn_branch
[12二月2026 17:13:48.792] [Render thread/WARN] [net.minecraft.client.util.ClientRecipeBook/]: Unknown recipe category: lotr:any_high_elven/lotr:high_elven_bars
[12二月2026 17:13:48.792] [Render thread/WARN] [net.minecraft.client.util.ClientRecipeBook/]: Unknown recipe category: lotr:any_high_elven/lotr:high_elven_torch
[12二月2026 17:13:48.792] [Render thread/WARN] [net.minecraft.client.util.ClientRecipeBook/]: Unknown recipe category: lotr:angmar/lotr:mossy_angmar_brick_slab
[12二月2026 17:13:48.792] [Render thread/WARN] [net.minecraft.client.util.ClientRecipeBook/]: Unknown recipe category: lotr:angmar/lotr:carved_angmar_brick
[12二月2026 17:13:48.792] [Render thread/WARN] [net.minecraft.client.util.ClientRecipeBook/]: Unknown recipe category: lotr:mordor/lotr:mordor_rock_wall
[12二月2026 17:13:48.792] [Render thread/WARN] [net.minecraft.client.util.ClientRecipeBook/]: Unknown recipe category: lotr:mordor/lotr:smooth_mordor_rock_slab
[12二月2026 17:13:48.792] [Render thread/WARN] [net.minecraft.client.util.ClientRecipeBook/]: Unknown recipe category: lotr:gondor/lotr:gondor_brick_wall
[12二月2026 17:13:48.792] [Render thread/WARN] [net.minecraft.client.util.ClientRecipeBook/]: Unknown recipe category: lotr:any_high_elven/lotr:high_elven_brick
[12二月2026 17:13:48.792] [Render thread/WARN] [net.minecraft.client.util.ClientRecipeBook/]: Unknown recipe category: lotr:gondor/lotr:gondor_cobblebrick
[12二月2026 17:13:48.792] [Render thread/WARN] [net.minecraft.client.util.ClientRecipeBook/]: Unknown recipe category: lotr:galadhrim/lotr:mallorn_door
[12二月2026 17:13:48.792] [Render thread/WARN] [net.minecraft.client.util.ClientRecipeBook/]: Unknown recipe category: lotr:mordor/lotr:mordor_boots
[12二月2026 17:13:48.792] [Render thread/WARN] [net.minecraft.client.util.ClientRecipeBook/]: Unknown recipe category: lotr:mordor/lotr:mordor_rock_stairs
[12二月2026 17:13:48.793] [Render thread/WARN] [net.minecraft.client.util.ClientRecipeBook/]: Unknown recipe category: lotr:dale/lotr:mossy_dale_brick_stairs
[12二月2026 17:13:48.793] [Render thread/WARN] [net.minecraft.client.util.ClientRecipeBook/]: Unknown recipe category: lotr:umbar/lotr:cracked_umbar_brick_slab
[12二月2026 17:13:48.793] [Render thread/WARN] [net.minecraft.client.util.ClientRecipeBook/]: Unknown recipe category: lotr:dale/lotr:mossy_dale_brick_slab
[12二月2026 17:13:48.793] [Render thread/WARN] [net.minecraft.client.util.ClientRecipeBook/]: Unknown recipe category: lotr:gondor/lotr:ranger_ithilien_boots
[12二月2026 17:13:48.793] [Render thread/WARN] [net.minecraft.client.util.ClientRecipeBook/]: Unknown recipe category: lotr:mordor/lotr:mordor_shield
[12二月2026 17:13:48.793] [Render thread/WARN] [net.minecraft.client.util.ClientRecipeBook/]: Unknown recipe category: lotr:umbar/lotr:cracked_umbar_brick_stairs
[12二月2026 17:13:48.793] [Render thread/WARN] [net.minecraft.client.util.ClientRecipeBook/]: Unknown recipe category: lotr:any_dwarven/lotr:dwarven_brick
[12二月2026 17:13:48.793] [Render thread/WARN] [net.minecraft.client.util.ClientRecipeBook/]: Unknown recipe category: lotr:any_dwarven/lotr:cracked_dwarven_brick_wall
[12二月2026 17:13:48.793] [Render thread/WARN] [net.minecraft.client.util.ClientRecipeBook/]: Unknown recipe category: lotr:brewing/lotr:ale
[12二月2026 17:13:48.793] [Render thread/WARN] [net.minecraft.client.util.ClientRecipeBook/]: Unknown recipe category: lotr:blue_mountains/lotr:blue_dwarven_chestplate
[12二月2026 17:13:48.793] [Render thread/WARN] [net.minecraft.client.util.ClientRecipeBook/]: Unknown recipe category: lotr:ranger/lotr:arnor_brick_slab
[12二月2026 17:13:48.793] [Render thread/WARN] [net.minecraft.client.util.ClientRecipeBook/]: Unknown recipe category: lotr:galadhrim/lotr:green_mallorn_torch
[12二月2026 17:13:48.793] [Render thread/WARN] [net.minecraft.client.util.ClientRecipeBook/]: Unknown recipe category: lotr:umbar/lotr:umbar_scimitar
[12二月2026 17:13:48.793] [Render thread/WARN] [net.minecraft.client.util.ClientRecipeBook/]: Unknown recipe category: lotr:dorwinion/lotr:mossy_dorwinion_brick_wall
[12二月2026 17:13:48.794] [Render thread/WARN] [net.minecraft.client.util.ClientRecipeBook/]: Unknown recipe category: lotr:dol_amroth/lotr:mossy_dol_amroth_brick_slab
[12二月2026 17:13:48.794] [Render thread/WARN] [net.minecraft.client.util.ClientRecipeBook/]: Unknown recipe category: lotr:rivendell/lotr:rivendell_sword
[12二月2026 17:13:48.794] [Render thread/WARN] [net.minecraft.client.util.ClientRecipeBook/]: Unknown recipe category: lotr:mordor/lotr:mordor_spear
[12二月2026 17:13:48.794] [Render thread/WARN] [net.minecraft.client.util.ClientRecipeBook/]: Unknown recipe category: lotr:dorwinion/lotr:dorwinion_brick_wall
[12二月2026 17:13:48.794] [Render thread/WARN] [net.minecraft.client.util.ClientRecipeBook/]: Unknown recipe category: lotr:blue_mountains/lotr:silver_trimmed_blue_dwarven_chestplate
[12二月2026 17:13:48.794] [Render thread/WARN] [net.minecraft.client.util.ClientRecipeBook/]: Unknown recipe category: lotr:dwarven_forge/lotr:mithril_ingot
[12二月2026 17:13:48.794] [Render thread/WARN] [net.minecraft.client.util.ClientRecipeBook/]: Unknown recipe category: lotr:uruk/lotr:uruk_berserker_helmet
[12二月2026 17:13:48.794] [Render thread/WARN] [net.minecraft.client.util.ClientRecipeBook/]: Unknown recipe category: lotr:dale/lotr:mossy_dale_paving_slab
[12二月2026 17:13:48.794] [Render thread/WARN] [net.minecraft.client.util.ClientRecipeBook/]: Unknown recipe category: lotr:galadhrim/lotr:gold_mallorn_torch
[12二月2026 17:13:48.794] [Render thread/WARN] [net.minecraft.client.util.ClientRecipeBook/]: Unknown recipe category: lotr:dale/lotr:dale_paving_alt4
[12二月2026 17:13:48.794] [Render thread/WARN] [net.minecraft.client.util.ClientRecipeBook/]: Unknown recipe category: lotr:any_harad/lotr:harad_pillar_slab
[12二月2026 17:13:48.794] [Render thread/WARN] [net.minecraft.client.util.ClientRecipeBook/]: Unknown recipe category: lotr:any_dwarven/lotr:snowy_dwarven_brick_stairs
[12二月2026 17:13:48.794] [Render thread/WARN] [net.minecraft.client.util.ClientRecipeBook/]: Unknown recipe category: lotr:gondor/lotr:gondor_shield
[12二月2026 17:13:48.794] [Render thread/WARN] [net.minecraft.client.util.ClientRecipeBook/]: Unknown recipe category: lotr:rohan/lotr:rohan_dagger
[12二月2026 17:13:48.794] [Render thread/WARN] [net.minecraft.client.util.ClientRecipeBook/]: Unknown recipe category: lotr:galadhrim/lotr:mallorn_planks_from_mallorn_log_slab
[12二月2026 17:13:48.794] [Render thread/WARN] [net.minecraft.client.util.ClientRecipeBook/]: Unknown recipe category: lotr:uruk/lotr:orc_forge_uruk
[12二月2026 17:13:48.794] [Render thread/WARN] [net.minecraft.client.util.ClientRecipeBook/]: Unknown recipe category: lotr:dorwinion/lotr:mossy_dorwinion_brick_stairs
[12二月2026 17:13:48.794] [Render thread/WARN] [net.minecraft.client.util.ClientRecipeBook/]: Unknown recipe category: lotr:uruk/lotr:uruk_boots
[12二月2026 17:13:48.794] [Render thread/WARN] [net.minecraft.client.util.ClientRecipeBook/]: Unknown recipe category: lotr:blue_mountains/lotr:blue_dwarven_bars
[12二月2026 17:13:48.794] [Render thread/WARN] [net.minecraft.client.util.ClientRecipeBook/]: Unknown recipe category: lotr:any_high_elven/lotr:elven_forge_high_elven
[12二月2026 17:13:48.794] [Render thread/WARN] [net.minecraft.client.util.ClientRecipeBook/]: Unknown recipe category: lotr:lindon/lotr:lindon_spear
[12二月2026 17:13:48.794] [Render thread/WARN] [net.minecraft.client.util.ClientRecipeBook/]: Unknown recipe category: lotr:rohan/lotr:mossy_rohan_brick_stairs
[12二月2026 17:13:48.794] [Render thread/WARN] [net.minecraft.client.util.ClientRecipeBook/]: Unknown recipe category: lotr:galadhrim/lotr:galadhrim_shovel
[12二月2026 17:13:48.794] [Render thread/WARN] [net.minecraft.client.util.ClientRecipeBook/]: Unknown recipe category: lotr:umbar/lotr:umbar_brick
[12二月2026 17:13:48.794] [Render thread/WARN] [net.minecraft.client.util.ClientRecipeBook/]: Unknown recipe category: lotr:lossoth/lotr:ice_brick_stairs
[12二月2026 17:13:48.794] [Render thread/WARN] [net.minecraft.client.util.ClientRecipeBook/]: Unknown recipe category: lotr:galadhrim/lotr:galadhrim_spear
[12二月2026 17:13:48.794] [Render thread/WARN] [net.minecraft.client.util.ClientRecipeBook/]: Unknown recipe category: lotr:umbar/lotr:umbar_leggings
[12二月2026 17:13:48.794] [Render thread/WARN] [net.minecraft.client.util.ClientRecipeBook/]: Unknown recipe category: lotr:gondor/lotr:gondor_crafting_table
[12二月2026 17:13:48.794] [Render thread/WARN] [net.minecraft.client.util.ClientRecipeBook/]: Unknown recipe category: lotr:brewing/lotr:carrot_wine
[12二月2026 17:13:48.794] [Render thread/WARN] [net.minecraft.client.util.ClientRecipeBook/]: Unknown recipe category: lotr:angmar/lotr:cracked_angmar_brick_wall
[12二月2026 17:13:48.794] [Render thread/WARN] [net.minecraft.client.util.ClientRecipeBook/]: Unknown recipe category: lotr:rohan/lotr:rohan_marshal_chestplate
[12二月2026 17:13:48.794] [Render thread/WARN] [net.minecraft.client.util.ClientRecipeBook/]: Unknown recipe category: lotr:mordor/lotr:mordor_pillar
[12二月2026 17:13:48.794] [Render thread/WARN] [net.minecraft.client.util.ClientRecipeBook/]: Unknown recipe category: lotr:dorwinion/lotr:cracked_red_dorwinion_brick_slab
[12二月2026 17:13:48.794] [Render thread/WARN] [net.minecraft.client.util.ClientRecipeBook/]: Unknown recipe category: lotr:dorwinion/lotr:red_dorwinion_brick
[12二月2026 17:13:48.794] [Render thread/WARN] [net.minecraft.client.util.ClientRecipeBook/]: Unknown recipe category: lotr:any_numenorean/lotr:numenorean_brick_stairs
[12二月2026 17:13:48.794] [Render thread/WARN] [net.minecraft.client.util.ClientRecipeBook/]: Unknown recipe category: lotr:dorwinion/lotr:dorwinion_brick_stairs
[12二月2026 17:13:48.794] [Render thread/WARN] [net.minecraft.client.util.ClientRecipeBook/]: Unknown recipe category: lotr:dorwinion/lotr:mossy_red_dorwinion_brick_stairs
[12二月2026 17:13:48.794] [Render thread/WARN] [net.minecraft.client.util.ClientRecipeBook/]: Unknown recipe category: lotr:dale/lotr:dale_spear
[12二月2026 17:13:48.794] [Render thread/WARN] [net.minecraft.client.util.ClientRecipeBook/]: Unknown recipe category: lotr:lindon/lotr:lindon_boots
[12二月2026 17:13:48.794] [Render thread/WARN] [net.minecraft.client.util.ClientRecipeBook/]: Unknown recipe category: lotr:wood_elven/lotr:mossy_wood_elven_brick_slab
[12二月2026 17:13:48.794] [Render thread/WARN] [net.minecraft.client.util.ClientRecipeBook/]: Unknown recipe category: lotr:wood_elven/lotr:carved_wood_elven_brick
[12二月2026 17:13:48.794] [Render thread/WARN] [net.minecraft.client.util.ClientRecipeBook/]: Unknown recipe category: lotr:gondor/lotr:gondor_sword
[12二月2026 17:13:48.794] [Render thread/WARN] [net.minecraft.client.util.ClientRecipeBook/]: Unknown recipe category: lotr:any_numenorean/lotr:cracked_numenorean_brick_slab
[12二月2026 17:13:48.794] [Render thread/WARN] [net.minecraft.client.util.ClientRecipeBook/]: Unknown recipe category: lotr:dorwinion/lotr:red_dorwinion_brick_slab
[12二月2026 17:13:48.794] [Render thread/WARN] [net.minecraft.client.util.ClientRecipeBook/]: Unknown recipe category: lotr:ranger/lotr:cracked_arnor_brick_slab
[12二月2026 17:13:48.795] [Render thread/WARN] [net.minecraft.client.util.ClientRecipeBook/]: Unknown recipe category: lotr:any_harad/lotr:harad_brick_stairs
[12二月2026 17:13:48.795] [Render thread/WARN] [net.minecraft.client.util.ClientRecipeBook/]: Unknown recipe category: lotr:dorwinion/lotr:dorwinion_crafting_table
[12二月2026 17:13:48.795] [Render thread/WARN] [net.minecraft.client.util.ClientRecipeBook/]: Unknown recipe category: lotr:dale/lotr:dale_brick_stairs
[12二月2026 17:13:48.795] [Render thread/WARN] [net.minecraft.client.util.ClientRecipeBook/]: Unknown recipe category: lotr:gondor/lotr:mossy_gondor_cobblebrick_wall
[12二月2026 17:13:48.795] [Render thread/WARN] [net.minecraft.client.util.ClientRecipeBook/]: Unknown recipe category: lotr:hobbit/lotr:yellow_hobbit_gate
[12二月2026 17:13:48.795] [Render thread/WARN] [net.minecraft.client.util.ClientRecipeBook/]: Unknown recipe category: lotr:gondor/lotr:gondor_rock_pressure_plate
[12二月2026 17:13:48.795] [Render thread/WARN] [net.minecraft.client.util.ClientRecipeBook/]: Unknown recipe category: lotr:galadhrim/lotr:galadhrim_gate
[12二月2026 17:13:48.795] [Render thread/WARN] [net.minecraft.client.util.ClientRecipeBook/]: Unknown recipe category: lotr:any_dwarven/lotr:cracked_dwarven_brick_slab
[12二月2026 17:13:48.795] [Render thread/WARN] [net.minecraft.client.util.ClientRecipeBook/]: Unknown recipe category: lotr:any_dwarven/lotr:mithril_trimmed_dwarven_brick
[12二月2026 17:13:48.795] [Render thread/WARN] [net.minecraft.client.util.ClientRecipeBook/]: Unknown recipe category: lotr:uruk/lotr:uruk_brick_wall
[12二月2026 17:13:48.795] [Render thread/WARN] [net.minecraft.client.util.ClientRecipeBook/]: Unknown recipe category: lotr:brewing/lotr:dwarven_tonic
[12二月2026 17:13:48.795] [Render thread/WARN] [net.minecraft.client.util.ClientRecipeBook/]: Unknown recipe category: lotr:ranger/lotr:carved_arnor_brick
[12二月2026 17:13:48.795] [Render thread/WARN] [net.minecraft.client.util.ClientRecipeBook/]: Unknown recipe category: lotr:dorwinion/lotr:dorwinion_boots
[12二月2026 17:13:48.795] [Render thread/WARN] [net.minecraft.client.util.ClientRecipeBook/]: Unknown recipe category: lotr:ranger/lotr:arnor_pillar
[12二月2026 17:13:48.795] [Render thread/WARN] [net.minecraft.client.util.ClientRecipeBook/]: Unknown recipe category: lotr:rohan/lotr:rohan_helmet
[12二月2026 17:13:48.795] [Render thread/WARN] [net.minecraft.client.util.ClientRecipeBook/]: Unknown recipe category: lotr:blue_mountains/lotr:gold_trimmed_blue_dwarven_chestplate
[12二月2026 17:13:48.795] [Render thread/WARN] [net.minecraft.client.util.ClientRecipeBook/]: Unknown recipe category: lotr:uruk/lotr:uruk_pillar_slab
[12二月2026 17:13:48.795] [Render thread/WARN] [net.minecraft.client.util.ClientRecipeBook/]: Unknown recipe category: lotr:rohan/lotr:rohan_brick_wall
[12二月2026 17:13:48.795] [Render thread/WARN] [net.minecraft.client.util.ClientRecipeBook/]: Unknown recipe category: lotr:wood_elven/lotr:wood_elven_chestplate
[12二月2026 17:13:48.795] [Render thread/WARN] [net.minecraft.client.util.ClientRecipeBook/]: Unknown recipe category: lotr:any_numenorean/lotr:numenorean_pillar_slab
[12二月2026 17:13:48.795] [Render thread/WARN] [net.minecraft.client.util.ClientRecipeBook/]: Unknown recipe category: lotr:galadhrim/lotr:silver_mallorn_torch
[12二月2026 17:13:48.795] [Render thread/WARN] [net.minecraft.client.util.ClientRecipeBook/]: Unknown recipe category: lotr:lindon/lotr:lindon_hoe
[12二月2026 17:13:48.795] [Render thread/WARN] [net.minecraft.client.util.ClientRecipeBook/]: Unknown recipe category: lotr:gondor/lotr:mossy_gondor_cobblebrick_stairs
[12二月2026 17:13:48.795] [Render thread/WARN] [net.minecraft.client.util.ClientRecipeBook/]: Unknown recipe category: lotr:angmar/lotr:snowy_angmar_brick_stairs
[12二月2026 17:13:48.795] [Render thread/WARN] [net.minecraft.client.util.ClientRecipeBook/]: Unknown recipe category: lotr:rohan/lotr:rohan_marshal_leggings
[12二月2026 17:13:48.795] [Render thread/WARN] [net.minecraft.client.util.ClientRecipeBook/]: Unknown recipe category: lotr:galadhrim/lotr:mallorn_fence
[12二月2026 17:13:48.795] [Render thread/WARN] [net.minecraft.client.util.ClientRecipeBook/]: Unknown recipe category: lotr:dorwinion/lotr:dorwinion_brick_slab
[12二月2026 17:13:48.795] [Render thread/WARN] [net.minecraft.client.util.ClientRecipeBook/]: Unknown recipe category: lotr:uruk/lotr:uruk_brick
[12二月2026 17:13:48.795] [Render thread/WARN] [net.minecraft.client.util.ClientRecipeBook/]: Unknown recipe category: lotr:umbar/lotr:umbar_brick_wall
[12二月2026 17:13:48.795] [Render thread/WARN] [net.minecraft.client.util.ClientRecipeBook/]: Unknown recipe category: lotr:dunlending/lotr:dunlending_boots
[12二月2026 17:13:48.795] [Render thread/WARN] [net.minecraft.client.util.ClientRecipeBook/]: Unknown recipe category: lotr:orc_forge/lotr:charred_wood_orc_forge
[12二月2026 17:13:48.795] [Render thread/WARN] [net.minecraft.client.util.ClientRecipeBook/]: Unknown recipe category: lotr:brewing/lotr:miruvor
[12二月2026 17:13:48.795] [Render thread/WARN] [net.minecraft.client.util.ClientRecipeBook/]: Unknown recipe category: lotr:dorwinion/lotr:mossy_red_dorwinion_brick
[12二月2026 17:13:48.796] [Render thread/WARN] [net.minecraft.client.util.ClientRecipeBook/]: Unknown recipe category: lotr:galadhrim/lotr:mallorn_beam
[12二月2026 17:13:48.796] [Render thread/WARN] [net.minecraft.client.util.ClientRecipeBook/]: Unknown recipe category: lotr:any_harad/lotr:harad_brick_wall
[12二月2026 17:13:48.796] [Render thread/WARN] [net.minecraft.client.util.ClientRecipeBook/]: Unknown recipe category: lotr:mordor/lotr:mordor_rock_slab
[12二月2026 17:13:48.796] [Render thread/WARN] [net.minecraft.client.util.ClientRecipeBook/]: Unknown recipe category: lotr:any_harad/lotr:red_harad_brick_wall
[12二月2026 17:13:48.796] [Render thread/WARN] [net.minecraft.client.util.ClientRecipeBook/]: Unknown recipe category: lotr:dorwinion/lotr:red_dorwinion_brick_wall
[12二月2026 17:13:48.796] [Render thread/WARN] [net.minecraft.client.util.ClientRecipeBook/]: Unknown recipe category: lotr:angmar/lotr:angmar_brick
[12二月2026 17:13:48.796] [Render thread/WARN] [net.minecraft.client.util.ClientRecipeBook/]: Unknown recipe category: lotr:hobbit/lotr:fish_and_chips
[12二月2026 17:13:48.796] [Render thread/WARN] [net.minecraft.client.util.ClientRecipeBook/]: Unknown recipe category: lotr:ranger/lotr:mossy_arnor_brick_wall
[12二月2026 17:13:48.796] [Render thread/WARN] [net.minecraft.client.util.ClientRecipeBook/]: Unknown recipe category: lotr:rohan/lotr:rohan_rock_stairs
[12二月2026 17:13:48.796] [Render thread/WARN] [net.minecraft.client.util.ClientRecipeBook/]: Unknown recipe category: lotr:umbar/lotr:umbar_brick_stairs
[12二月2026 17:13:48.796] [Render thread/WARN] [net.minecraft.client.util.ClientRecipeBook/]: Unknown recipe category: lotr:dol_amroth/lotr:cracked_dol_amroth_brick_wall
[12二月2026 17:13:48.796] [Render thread/WARN] [net.minecraft.client.util.ClientRecipeBook/]: Unknown recipe category: lotr:hobbit/lotr:red_hobbit_gate
[12二月2026 17:13:48.796] [Render thread/WARN] [net.minecraft.client.util.ClientRecipeBook/]: Unknown recipe category: lotr:any_harad/lotr:harad_brick_slab
[12二月2026 17:13:48.796] [Render thread/WARN] [net.minecraft.client.util.ClientRecipeBook/]: Unknown recipe category: lotr:mordor/lotr:mordor_crafting_table
[12二月2026 17:13:48.796] [Render thread/WARN] [net.minecraft.client.util.ClientRecipeBook/]: Unknown recipe category: lotr:rohan/lotr:rohan_chestplate
[12二月2026 17:13:48.796] [Render thread/WARN] [net.minecraft.client.util.ClientRecipeBook/]: Unknown recipe category: lotr:any_dwarven/lotr:mossy_dwarven_brick_slab
[12二月2026 17:13:48.797] [Render thread/WARN] [net.minecraft.client.util.ClientRecipeBook/]: Unknown recipe category: lotr:uruk/lotr:uruk_crafting_table
[12二月2026 17:13:48.797] [Render thread/WARN] [net.minecraft.client.util.ClientRecipeBook/]: Unknown recipe category: lotr:dol_amroth/lotr:dol_amroth_gate
[12二月2026 17:13:48.797] [Render thread/WARN] [net.minecraft.client.util.ClientRecipeBook/]: Unknown recipe category: lotr:galadhrim/lotr:mallorn_button
[12二月2026 17:13:48.797] [Render thread/WARN] [net.minecraft.client.util.ClientRecipeBook/]: Unknown recipe category: lotr:umbar/lotr:umbar_shield
[12二月2026 17:13:48.797] [Render thread/WARN] [net.minecraft.client.util.ClientRecipeBook/]: Unknown recipe category: lotr:lossoth/lotr:snow_brick
[12二月2026 17:13:48.797] [Render thread/WARN] [net.minecraft.client.util.ClientRecipeBook/]: Unknown recipe category: lotr:blue_mountains/lotr:gold_trimmed_blue_dwarven_leggings
[12二月2026 17:13:48.797] [Render thread/WARN] [net.minecraft.client.util.ClientRecipeBook/]: Unknown recipe category: lotr:uruk/lotr:uruk_brick_stairs
[12二月2026 17:13:48.797] [Render thread/WARN] [net.minecraft.client.util.ClientRecipeBook/]: Unknown recipe category: lotr:angmar/lotr:mossy_angmar_brick_wall
[12二月2026 17:13:48.797] [Render thread/WARN] [net.minecraft.client.util.ClientRecipeBook/]: Unknown recipe category: lotr:ranger/lotr:mossy_arnor_brick_stairs
[12二月2026 17:13:48.797] [Render thread/WARN] [net.minecraft.client.util.ClientRecipeBook/]: Unknown recipe category: lotr:any_orc/lotr:orc_gate
[12二月2026 17:13:48.797] [Render thread/WARN] [net.minecraft.client.util.ClientRecipeBook/]: Unknown recipe category: lotr:dorwinion/lotr:cracked_red_dorwinion_brick_wall
[12二月2026 17:13:48.797] [Render thread/WARN] [net.minecraft.client.util.ClientRecipeBook/]: Unknown recipe category: lotr:any_dwarven/lotr:dwarven_brick_stairs
[12二月2026 17:13:48.797] [Render thread/WARN] [net.minecraft.client.util.ClientRecipeBook/]: Unknown recipe category: lotr:any_high_elven/lotr:mossy_high_elven_brick_wall
[12二月2026 17:13:48.797] [Render thread/WARN] [net.minecraft.client.util.ClientRecipeBook/]: Unknown recipe category: lotr:any_dwarven/lotr:cracked_dwarven_brick_stairs
[12二月2026 17:13:48.797] [Render thread/WARN] [net.minecraft.client.util.ClientRecipeBook/]: Unknown recipe category: lotr:any_orc/lotr:rusted_orc_plating_slab
[12二月2026 17:13:48.797] [Render thread/WARN] [net.minecraft.client.util.ClientRecipeBook/]: Unknown recipe category: lotr:mordor/lotr:mordor_hoe
[12二月2026 17:13:48.797] [Render thread/WARN] [net.minecraft.client.util.ClientRecipeBook/]: Unknown recipe category: lotr:rohan/lotr:mossy_rohan_brick_slab
[12二月2026 17:13:48.797] [Render thread/WARN] [net.minecraft.client.util.ClientRecipeBook/]: Unknown recipe category: lotr:mordor/lotr:mordor_brick
[12二月2026 17:13:48.797] [Render thread/WARN] [net.minecraft.client.util.ClientRecipeBook/]: Unknown recipe category: lotr:gondor/lotr:gondor_dagger
[12二月2026 17:13:48.797] [Render thread/WARN] [net.minecraft.client.util.ClientRecipeBook/]: Unknown recipe category: lotr:dunlending/lotr:dunlending_crafting_table
[12二月2026 17:13:48.797] [Render thread/WARN] [net.minecraft.client.util.ClientRecipeBook/]: Unknown recipe category: lotr:galadhrim/lotr:mallorn_boat
[12二月2026 17:13:48.797] [Render thread/WARN] [net.minecraft.client.util.ClientRecipeBook/]: Unknown recipe category: lotr:rohan/lotr:rohan_shield
[12二月2026 17:13:48.797] [Render thread/WARN] [net.minecraft.client.util.ClientRecipeBook/]: Unknown recipe category: lotr:lossoth/lotr:ice_brick
[12二月2026 17:13:48.797] [Render thread/WARN] [net.minecraft.client.util.ClientRecipeBook/]: Unknown recipe category: lotr:bree/lotr:bree_crafting_table
[12二月2026 17:13:48.797] [Render thread/WARN] [net.minecraft.client.util.ClientRecipeBook/]: Unknown recipe category: lotr:mordor/lotr:cracked_mordor_brick_stairs
[12二月2026 17:13:48.797] [Render thread/WARN] [net.minecraft.client.util.ClientRecipeBook/]: Unknown recipe category: lotr:galadhrim/lotr:mallorn_stairs
[12二月2026 17:13:48.797] [Render thread/WARN] [net.minecraft.client.util.ClientRecipeBook/]: Unknown recipe category: lotr:dwarven/lotr:dwarven_pickaxe
[12二月2026 17:13:48.797] [Render thread/WARN] [net.minecraft.client.util.ClientRecipeBook/]: Unknown recipe category: lotr:galadhrim/lotr:mallorn_wood
[12二月2026 17:13:48.797] [Render thread/WARN] [net.minecraft.client.util.ClientRecipeBook/]: Unknown recipe category: lotr:wood_elven/lotr:cracked_wood_elven_brick_slab
[12二月2026 17:13:48.797] [Render thread/WARN] [net.minecraft.client.util.ClientRecipeBook/]: Unknown recipe category: lotr:dorwinion/lotr:dorwinion_leggings
[12二月2026 17:13:48.797] [Render thread/WARN] [net.minecraft.client.util.ClientRecipeBook/]: Unknown recipe category: lotr:galadhrim/lotr:mallorn_sword
[12二月2026 17:13:48.798] [Render thread/WARN] [net.minecraft.client.util.ClientRecipeBook/]: Unknown recipe category: lotr:dorwinion/lotr:dorwinion_elven_sword
[12二月2026 17:13:48.798] [Render thread/WARN] [net.minecraft.client.util.ClientRecipeBook/]: Unknown recipe category: lotr:any_dwarven/lotr:dwarven_forge
[12二月2026 17:13:48.798] [Render thread/WARN] [net.minecraft.client.util.ClientRecipeBook/]: Unknown recipe category: lotr:any_numenorean/lotr:numenorean_brick_slab
[12二月2026 17:13:48.798] [Render thread/WARN] [net.minecraft.client.util.ClientRecipeBook/]: Unknown recipe category: lotr:umbar/lotr:umbar_crafting_table
[12二月2026 17:13:48.798] [Render thread/WARN] [net.minecraft.client.util.ClientRecipeBook/]: Unknown recipe category: lotr:brewing/lotr:cherry_liqueur
[12二月2026 17:13:48.798] [Render thread/WARN] [net.minecraft.client.util.ClientRecipeBook/]: Unknown recipe category: lotr:dorwinion/lotr:cracked_dorwinion_brick_wall
[12二月2026 17:13:48.798] [Render thread/WARN] [net.minecraft.client.util.ClientRecipeBook/]: Unknown recipe category: lotr:gondor/lotr:gondor_beacon
[12二月2026 17:13:48.798] [Render thread/WARN] [net.minecraft.client.util.ClientRecipeBook/]: Unknown recipe category: lotr:harad/lotr:harad_chestplate
[12二月2026 17:13:48.798] [Render thread/WARN] [net.minecraft.client.util.ClientRecipeBook/]: Unknown recipe category: lotr:any_dwarven/lotr:snowy_dwarven_brick_wall
[12二月2026 17:13:48.798] [Render thread/WARN] [net.minecraft.client.util.ClientRecipeBook/]: Unknown recipe category: lotr:orc_forge/lotr:stripped_charred_wood_orc_forge
[12二月2026 17:13:48.798] [Render thread/WARN] [net.minecraft.client.util.ClientRecipeBook/]: Unknown recipe category: lotr:dwarven/lotr:dwarven_axe
[12二月2026 17:13:48.798] [Render thread/WARN] [net.minecraft.client.util.ClientRecipeBook/]: Unknown recipe category: lotr:dale/lotr:dale_sword
[12二月2026 17:13:48.798] [Render thread/WARN] [net.minecraft.client.util.ClientRecipeBook/]: Unknown recipe category: lotr:wood_elven/lotr:wood_elven_brick_slab
[12二月2026 17:13:48.798] [Render thread/WARN] [net.minecraft.client.util.ClientRecipeBook/]: Unknown recipe category: lotr:dol_amroth/lotr:dol_amroth_brick_wall
[12二月2026 17:13:48.798] [Render thread/WARN] [net.minecraft.client.util.ClientRecipeBook/]: Unknown recipe category: lotr:dorwinion/lotr:cracked_red_dorwinion_brick_stairs
[12二月2026 17:13:48.798] [Render thread/WARN] [net.minecraft.client.util.ClientRecipeBook/]: Unknown recipe category: lotr:dale/lotr:cracked_dale_brick_stairs
[12二月2026 17:13:48.798] [Render thread/WARN] [net.minecraft.client.util.ClientRecipeBook/]: Unknown recipe category: lotr:blue_mountains/lotr:silver_trimmed_blue_dwarven_boots
[12二月2026 17:13:48.798] [Render thread/WARN] [net.minecraft.client.util.ClientRecipeBook/]: Unknown recipe category: lotr:dwarven_forge_alloy/lotr:blue_vitriol_dwarven_forge
[12二月2026 17:13:48.798] [Render thread/WARN] [net.minecraft.client.util.ClientRecipeBook/]: Unknown recipe category: lotr:dale/lotr:dale_paving_alt11
[12二月2026 17:13:48.798] [Render thread/WARN] [net.minecraft.client.util.ClientRecipeBook/]: Unknown recipe category: lotr:dol_amroth/lotr:cracked_dol_amroth_brick_stairs
[12二月2026 17:13:48.798] [Render thread/WARN] [net.minecraft.client.util.ClientRecipeBook/]: Unknown recipe category: lotr:gondor/lotr:cracked_gondor_brick_stairs
[12二月2026 17:13:48.798] [Render thread/WARN] [net.minecraft.client.util.ClientRecipeBook/]: Unknown recipe category: lotr:dorwinion/lotr:dorwinion_pillar
[12二月2026 17:13:48.798] [Render thread/WARN] [net.minecraft.client.util.ClientRecipeBook/]: Unknown recipe category: lotr:gondor/lotr:gondor_brick_slab
[12二月2026 17:13:48.798] [Render thread/WARN] [net.minecraft.client.util.ClientRecipeBook/]: Unknown recipe category: lotr:dale/lotr:dale_brick
[12二月2026 17:13:48.798] [Render thread/WARN] [net.minecraft.client.util.ClientRecipeBook/]: Unknown recipe category: lotr:angmar/lotr:angmar_pillar_slab
[12二月2026 17:13:48.798] [Render thread/WARN] [net.minecraft.client.util.ClientRecipeBook/]: Unknown recipe category: lotr:rohan/lotr:cracked_rohan_brick_wall
[12二月2026 17:13:48.798] [Render thread/WARN] [net.minecraft.client.util.ClientRecipeBook/]: Unknown recipe category: lotr:hobbit/lotr:hobbit_crafting_table
[12二月2026 17:13:48.798] [Render thread/WARN] [net.minecraft.client.util.ClientRecipeBook/]: Unknown recipe category: lotr:dol_amroth/lotr:cracked_dol_amroth_brick_slab
[12二月2026 17:13:48.798] [Render thread/WARN] [net.minecraft.client.util.ClientRecipeBook/]: Unknown recipe category: lotr:ranger/lotr:arnor_brick_stairs
[12二月2026 17:13:48.798] [Render thread/WARN] [net.minecraft.client.util.ClientRecipeBook/]: Unknown recipe category: lotr:wood_elven/lotr:wood_elven_hoe
[12二月2026 17:13:48.798] [Render thread/WARN] [net.minecraft.client.util.ClientRecipeBook/]: Unknown recipe category: lotr:rohan/lotr:rohan_sword
[12二月2026 17:13:48.799] [Render thread/WARN] [net.minecraft.client.util.ClientRecipeBook/]: Unknown recipe category: lotr:rohan/lotr:cracked_rohan_brick_slab
[12二月2026 17:13:48.799] [Render thread/WARN] [net.minecraft.client.util.ClientRecipeBook/]: Unknown recipe category: lotr:dwarven/lotr:dwarven_bars
[12二月2026 17:13:48.799] [Render thread/WARN] [net.minecraft.client.util.ClientRecipeBook/]: Unknown recipe category: lotr:wood_elven/lotr:wood_elven_brick_wall
[12二月2026 17:13:48.799] [Render thread/WARN] [net.minecraft.client.util.ClientRecipeBook/]: Unknown recipe category: lotr:gondor/lotr:cracked_gondor_cobblebrick_slab
[12二月2026 17:13:48.799] [Render thread/WARN] [net.minecraft.client.util.ClientRecipeBook/]: Unknown recipe category: lotr:rivendell/lotr:rivendell_spear
[12二月2026 17:13:48.799] [Render thread/WARN] [net.minecraft.client.util.ClientRecipeBook/]: Unknown recipe category: lotr:brewing/lotr:mead
[12二月2026 17:13:48.799] [Render thread/WARN] [net.minecraft.client.util.ClientRecipeBook/]: Unknown recipe category: lotr:galadhrim/lotr:galadhrim_boots
[12二月2026 17:13:48.799] [Render thread/WARN] [net.minecraft.client.util.ClientRecipeBook/]: Unknown recipe category: lotr:lossoth/lotr:ice_brick_wall
[12二月2026 17:13:48.799] [Render thread/WARN] [net.minecraft.client.util.ClientRecipeBook/]: Unknown recipe category: lotr:lossoth/lotr:snow_brick_stairs
[12二月2026 17:13:48.799] [Render thread/WARN] [net.minecraft.client.util.ClientRecipeBook/]: Unknown recipe category: lotr:dwarven/lotr:dwarven_spear
[12二月2026 17:13:48.799] [Render thread/WARN] [net.minecraft.client.util.ClientRecipeBook/]: Unknown recipe category: lotr:any_high_elven/lotr:cracked_high_elven_brick_slab
[12二月2026 17:13:48.799] [Render thread/WARN] [net.minecraft.client.util.ClientRecipeBook/]: Unknown recipe category: lotr:angmar/lotr:mossy_angmar_brick_stairs
[12二月2026 17:13:48.799] [Render thread/WARN] [net.minecraft.client.util.ClientRecipeBook/]: Unknown recipe category: lotr:dale/lotr:dale_paving_slab
[12二月2026 17:13:48.799] [Render thread/WARN] [net.minecraft.client.util.ClientRecipeBook/]: Unknown recipe category: lotr:uruk/lotr:uruk_brick_slab
[12二月2026 17:13:48.799] [Render thread/WARN] [net.minecraft.client.util.ClientRecipeBook/]: Unknown recipe category: lotr:any_dwarven/lotr:dwarven_torch
[12二月2026 17:13:48.799] [Render thread/WARN] [net.minecraft.client.util.ClientRecipeBook/]: Unknown recipe category: lotr:galadhrim/lotr:elven_forge_galadhrim
[12二月2026 17:13:48.799] [Render thread/WARN] [net.minecraft.client.util.ClientRecipeBook/]: Unknown recipe category: lotr:harad/lotr:harad_dagger
[12二月2026 17:13:48.799] [Render thread/WARN] [net.minecraft.client.util.ClientRecipeBook/]: Unknown recipe category: lotr:any_numenorean/lotr:carved_numenorean_brick
[12二月2026 17:13:48.799] [Render thread/WARN] [net.minecraft.client.util.ClientRecipeBook/]: Unknown recipe category: lotr:any_high_elven/lotr:carved_high_elven_brick
[12二月2026 17:13:48.800] [Render thread/WARN] [net.minecraft.client.util.ClientRecipeBook/]: Unknown recipe category: lotr:any_high_elven/lotr:mossy_high_elven_brick_slab
[12二月2026 17:13:48.800] [Render thread/WARN] [net.minecraft.client.util.ClientRecipeBook/]: Unknown recipe category: lotr:any_numenorean/lotr:cracked_numenorean_brick_wall
[12二月2026 17:13:48.800] [Render thread/WARN] [net.minecraft.client.util.ClientRecipeBook/]: Unknown recipe category: lotr:any_high_elven/lotr:mossy_high_elven_brick
[12二月2026 17:13:48.800] [Render thread/WARN] [net.minecraft.client.util.ClientRecipeBook/]: Unknown recipe category: lotr:mordor/lotr:mordor_pillar_slab
[12二月2026 17:13:48.800] [Render thread/WARN] [net.minecraft.client.util.ClientRecipeBook/]: Unknown recipe category: lotr:rohan/lotr:rohan_marshal_helmet
[12二月2026 17:13:48.800] [Render thread/WARN] [net.minecraft.client.util.ClientRecipeBook/]: Unknown recipe category: lotr:orc_forge/lotr:orc_steel_ingot
[12二月2026 17:13:48.800] [Render thread/WARN] [net.minecraft.client.util.ClientRecipeBook/]: Unknown recipe category: lotr:dwarven/lotr:silver_trimmed_dwarven_chestplate
[12二月2026 17:13:48.800] [Render thread/WARN] [net.minecraft.client.util.ClientRecipeBook/]: Unknown recipe category: lotr:gondor/lotr:mossy_gondor_brick
[12二月2026 17:13:48.800] [Render thread/WARN] [net.minecraft.client.util.ClientRecipeBook/]: Unknown recipe category: lotr:orc_forge/lotr:stripped_charred_log_orc_forge
[12二月2026 17:13:48.800] [Render thread/WARN] [net.minecraft.client.util.ClientRecipeBook/]: Unknown recipe category: lotr:galadhrim/lotr:galadhrim_crafting_table
[12二月2026 17:13:48.800] [Render thread/WARN] [net.minecraft.client.util.ClientRecipeBook/]: Unknown recipe category: lotr:blue_mountains/lotr:blue_dwarven_dagger
[12二月2026 17:13:48.800] [Render thread/WARN] [net.minecraft.client.util.ClientRecipeBook/]: Unknown recipe category: lotr:any_orc/lotr:maggoty_bread
[12二月2026 17:13:48.800] [Render thread/WARN] [net.minecraft.client.util.ClientRecipeBook/]: Unknown recipe category: lotr:galadhrim/lotr:stripped_mallorn_wood_slab
[12二月2026 17:13:48.800] [Render thread/WARN] [net.minecraft.client.util.ClientRecipeBook/]: Unknown recipe category: lotr:lossoth/lotr:fur_bundle
[12二月2026 17:13:48.800] [Render thread/WARN] [net.minecraft.client.util.ClientRecipeBook/]: Unknown recipe category: lotr:galadhrim/lotr:stripped_mallorn_log_slab
[12二月2026 17:13:48.800] [Render thread/WARN] [net.minecraft.client.util.ClientRecipeBook/]: Unknown recipe category: lotr:mordor/lotr:mordor_basalt_brick_stairs
[12二月2026 17:13:48.800] [Render thread/WARN] [net.minecraft.client.util.ClientRecipeBook/]: Unknown recipe category: lotr:dale/lotr:dale_paving_alt7
[12二月2026 17:13:48.800] [Render thread/WARN] [net.minecraft.client.util.ClientRecipeBook/]: Unknown recipe category: lotr:uruk/lotr:uruk_spear
[12二月2026 17:13:48.800] [Render thread/WARN] [net.minecraft.client.util.ClientRecipeBook/]: Unknown recipe category: lotr:galadhrim/lotr:mallorn_log_slab
[12二月2026 17:13:48.800] [Render thread/WARN] [net.minecraft.client.util.ClientRecipeBook/]: Unknown recipe category: lotr:mordor/lotr:mordor_basalt_brick_wall
[12二月2026 17:13:48.800] [Render thread/WARN] [net.minecraft.client.util.ClientRecipeBook/]: Unknown recipe category: lotr:gondor/lotr:cracked_gondor_brick_slab
[12二月2026 17:13:48.800] [Render thread/WARN] [net.minecraft.client.util.ClientRecipeBook/]: Unknown recipe category: lotr:brewing/lotr:maple_beer
[12二月2026 17:13:48.800] [Render thread/WARN] [net.minecraft.client.util.ClientRecipeBook/]: Unknown recipe category: lotr:hobbit_oven_alloy/lotr:gammon_hobbit_oven
[12二月2026 17:13:48.800] [Render thread/WARN] [net.minecraft.client.util.ClientRecipeBook/]: Unknown recipe category: lotr:any_dwarven/lotr:snowy_dwarven_brick
[12二月2026 17:13:48.800] [Render thread/WARN] [net.minecraft.client.util.ClientRecipeBook/]: Unknown recipe category: lotr:galadhrim/lotr:galadhrim_helmet
[12二月2026 17:13:48.800] [Render thread/WARN] [net.minecraft.client.util.ClientRecipeBook/]: Unknown recipe category: lotr:any_dwarven/lotr:gold_trimmed_dwarven_brick
[12二月2026 17:13:48.801] [Render thread/WARN] [net.minecraft.client.util.ClientRecipeBook/]: Unknown recipe category: lotr:galadhrim/lotr:galadhrim_axe
[12二月2026 17:13:48.801] [Render thread/WARN] [net.minecraft.client.util.ClientRecipeBook/]: Unknown recipe category: lotr:umbar/lotr:umbar_boots
[12二月2026 17:13:48.801] [Render thread/WARN] [net.minecraft.client.util.ClientRecipeBook/]: Unknown recipe category: lotr:blue_mountains/lotr:blue_dwarven_spear
[12二月2026 17:13:48.801] [Render thread/WARN] [net.minecraft.client.util.ClientRecipeBook/]: Unknown recipe category: lotr:wood_elven/lotr:wood_elven_leggings
[12二月2026 17:13:48.801] [Render thread/WARN] [net.minecraft.client.util.ClientRecipeBook/]: Unknown recipe category: lotr:any_high_elven/lotr:high_elven_brick_wall
[12二月2026 17:13:48.801] [Render thread/WARN] [net.minecraft.client.util.ClientRecipeBook/]: Unknown recipe category: lotr:umbar/lotr:mossy_umbar_brick_stairs
[12二月2026 17:13:48.801] [Render thread/WARN] [net.minecraft.client.util.ClientRecipeBook/]: Unknown recipe category: lotr:brewing/lotr:morgul_draught
[12二月2026 17:13:48.801] [Render thread/WARN] [net.minecraft.client.util.ClientRecipeBook/]: Unknown recipe category: lotr:rohan/lotr:rohan_spear
[12二月2026 17:13:48.801] [Render thread/WARN] [net.minecraft.client.util.ClientRecipeBook/]: Unknown recipe category: lotr:any_high_elven/lotr:high_elven_wood_bars
[12二月2026 17:13:48.801] [Render thread/WARN] [net.minecraft.client.util.ClientRecipeBook/]: Unknown recipe category: lotr:hobbit/lotr:blue_hobbit_gate
[12二月2026 17:13:48.801] [Render thread/WARN] [net.minecraft.client.util.ClientRecipeBook/]: Unknown recipe category: lotr:wood_elven/lotr:wood_elven_boots
[12二月2026 17:13:48.801] [Render thread/WARN] [net.minecraft.client.util.ClientRecipeBook/]: Unknown recipe category: lotr:wood_elven/lotr:wood_elven_spear
[12二月2026 17:13:48.801] [Render thread/WARN] [net.minecraft.client.util.ClientRecipeBook/]: Unknown recipe category: lotr:dale/lotr:dale_helmet
[12二月2026 17:13:48.801] [Render thread/WARN] [net.minecraft.client.util.ClientRecipeBook/]: Unknown recipe category: lotr:gondor/lotr:gondor_brick_stairs
[12二月2026 17:13:48.801] [Render thread/WARN] [net.minecraft.client.util.ClientRecipeBook/]: Unknown recipe category: lotr:harad/lotr:harad_warlord_helmet
[12二月2026 17:13:48.801] [Render thread/WARN] [net.minecraft.client.util.ClientRecipeBook/]: Unknown recipe category: lotr:umbar/lotr:umbar_helmet
[12二月2026 17:13:48.801] [Render thread/WARN] [net.minecraft.client.util.ClientRecipeBook/]: Unknown recipe category: lotr:uruk/lotr:uruk_chestplate
[12二月2026 17:13:48.801] [Render thread/WARN] [net.minecraft.client.util.ClientRecipeBook/]: Unknown recipe category: lotr:mordor/lotr:carved_mordor_basalt_brick
[12二月2026 17:13:48.801] [Render thread/WARN] [net.minecraft.client.util.ClientRecipeBook/]: Unknown recipe category: lotr:dorwinion/lotr:mossy_red_dorwinion_brick_wall
[12二月2026 17:13:48.801] [Render thread/WARN] [net.minecraft.client.util.ClientRecipeBook/]: Unknown recipe category: lotr:dol_amroth/lotr:dol_amroth_crafting_table
[12二月2026 17:13:48.801] [Render thread/WARN] [net.minecraft.client.util.ClientRecipeBook/]: Unknown recipe category: lotr:galadhrim/lotr:carved_galadhrim_brick
[12二月2026 17:13:48.801] [Render thread/WARN] [net.minecraft.client.util.ClientRecipeBook/]: Unknown recipe category: lotr:lossoth/lotr:ice_brick_slab
[12二月2026 17:13:48.801] [Render thread/WARN] [net.minecraft.client.util.ClientRecipeBook/]: Unknown recipe category: lotr:dunlending/lotr:dunlending_club
[12二月2026 17:13:48.803] [Render thread/WARN] [net.minecraft.client.util.ClientRecipeBook/]: Unknown recipe category: lotr:lindon/lotr:lindon_dagger
[12二月2026 17:13:48.803] [Render thread/WARN] [net.minecraft.client.util.ClientRecipeBook/]: Unknown recipe category: lotr:umbar/lotr:umbar_chestplate
[12二月2026 17:13:48.803] [Render thread/WARN] [net.minecraft.client.util.ClientRecipeBook/]: Unknown recipe category: lotr:wood_elven/lotr:wood_elven_wood_bars
[12二月2026 17:13:48.803] [Render thread/WARN] [net.minecraft.client.util.ClientRecipeBook/]: Unknown recipe category: lotr:wood_elven/lotr:mossy_wood_elven_brick
[12二月2026 17:13:48.803] [Render thread/WARN] [net.minecraft.client.util.ClientRecipeBook/]: Unknown recipe category: lotr:rivendell/lotr:rivendell_boots
[12二月2026 17:13:48.803] [Render thread/WARN] [net.minecraft.client.util.ClientRecipeBook/]: Unknown recipe category: lotr:wood_elven/lotr:wood_elven_brick
[12二月2026 17:13:48.803] [Render thread/WARN] [net.minecraft.client.util.ClientRecipeBook/]: Unknown recipe category: lotr:mordor/lotr:cracked_mordor_brick_slab
[12二月2026 17:13:48.803] [Render thread/WARN] [net.minecraft.client.util.ClientRecipeBook/]: Unknown recipe category: lotr:gondor/lotr:mossy_gondor_brick_slab
[12二月2026 17:13:48.803] [Render thread/WARN] [net.minecraft.client.util.ClientRecipeBook/]: Unknown recipe category: lotr:mordor/lotr:mossy_mordor_brick_stairs
[12二月2026 17:13:48.803] [Render thread/WARN] [net.minecraft.client.util.ClientRecipeBook/]: Unknown recipe category: lotr:galadhrim/lotr:galadhrim_brick_slab
[12二月2026 17:13:48.803] [Render thread/WARN] [net.minecraft.client.util.ClientRecipeBook/]: Unknown recipe category: lotr:galadhrim/lotr:galadhrim_brick_wall
[12二月2026 17:13:48.803] [Render thread/WARN] [net.minecraft.client.util.ClientRecipeBook/]: Unknown recipe category: lotr:ranger/lotr:cracked_arnor_brick_stairs
[12二月2026 17:13:48.803] [Render thread/WARN] [net.minecraft.client.util.ClientRecipeBook/]: Unknown recipe category: lotr:brewing/lotr:orc_draught
[12二月2026 17:13:48.803] [Render thread/WARN] [net.minecraft.client.util.ClientRecipeBook/]: Unknown recipe category: lotr:brewing/lotr:soured_milk
[12二月2026 17:13:48.803] [Render thread/WARN] [net.minecraft.client.util.ClientRecipeBook/]: Unknown recipe category: lotr:galadhrim/lotr:stripped_mallorn_wood
[12二月2026 17:13:48.803] [Render thread/WARN] [net.minecraft.client.util.ClientRecipeBook/]: Unknown recipe category: lotr:dorwinion/lotr:dorwinion_elven_boots
[12二月2026 17:13:48.803] [Render thread/WARN] [net.minecraft.client.util.ClientRecipeBook/]: Unknown recipe category: lotr:mordor/lotr:mordor_dagger
[12二月2026 17:13:48.803] [Render thread/WARN] [net.minecraft.client.util.ClientRecipeBook/]: Unknown recipe category: lotr:any_orc/lotr:orc_torch_with_durnor
[12二月2026 17:13:48.803] [Render thread/WARN] [net.minecraft.client.util.ClientRecipeBook/]: Unknown recipe category: lotr:dwarven/lotr:dwarven_hoe
[12二月2026 17:13:48.803] [Render thread/WARN] [net.minecraft.client.util.ClientRecipeBook/]: Unknown recipe category: lotr:any_harad/lotr:red_harad_pillar
[12二月2026 17:13:48.803] [Render thread/WARN] [net.minecraft.client.util.ClientRecipeBook/]: Unknown recipe category: lotr:ranger/lotr:ranger_north_helmet
[12二月2026 17:13:48.803] [Render thread/WARN] [net.minecraft.client.util.ClientRecipeBook/]: Unknown recipe category: lotr:dale/lotr:dale_crafting_table
[12二月2026 17:13:48.803] [Render thread/WARN] [net.minecraft.client.util.ClientRecipeBook/]: Unknown recipe category: lotr:any_dwarven/lotr:snowy_dwarven_brick_slab
[12二月2026 17:13:48.803] [Render thread/WARN] [net.minecraft.client.util.ClientRecipeBook/]: Unknown recipe category: lotr:dol_amroth/lotr:dol_amroth_sword
[12二月2026 17:13:48.803] [Render thread/WARN] [net.minecraft.client.util.ClientRecipeBook/]: Unknown recipe category: lotr:mordor/lotr:mordor_chestplate
[12二月2026 17:13:48.803] [Render thread/WARN] [net.minecraft.client.util.ClientRecipeBook/]: Unknown recipe category: lotr:dorwinion/lotr:dorwinion_elven_dagger
[12二月2026 17:13:48.803] [Render thread/WARN] [net.minecraft.client.util.ClientRecipeBook/]: Unknown recipe category: lotr:brewing/lotr:cider
[12二月2026 17:13:48.803] [Render thread/WARN] [net.minecraft.client.util.ClientRecipeBook/]: Unknown recipe category: lotr:wood_elven/lotr:cracked_wood_elven_brick_wall
[12二月2026 17:13:48.803] [Render thread/WARN] [net.minecraft.client.util.ClientRecipeBook/]: Unknown recipe category: lotr:mordor/lotr:cracked_mordor_brick_wall
[12二月2026 17:13:48.803] [Render thread/WARN] [net.minecraft.client.util.ClientRecipeBook/]: Unknown recipe category: lotr:dol_amroth/lotr:mossy_dol_amroth_brick
[12二月2026 17:13:48.803] [Render thread/WARN] [net.minecraft.client.util.ClientRecipeBook/]: Unknown recipe category: lotr:mordor/lotr:mossy_mordor_brick
[12二月2026 17:13:48.803] [Render thread/WARN] [net.minecraft.client.util.ClientRecipeBook/]: Unknown recipe category: lotr:wood_elven/lotr:wood_elven_sword
[12二月2026 17:13:48.803] [Render thread/WARN] [net.minecraft.client.util.ClientRecipeBook/]: Unknown recipe category: lotr:galadhrim/lotr:mallorn_fence_gate
[12二月2026 17:13:48.804] [Render thread/WARN] [net.minecraft.client.util.ClientRecipeBook/]: Unknown recipe category: lotr:galadhrim/lotr:mossy_galadhrim_brick_slab
[12二月2026 17:13:48.804] [Render thread/WARN] [net.minecraft.client.util.ClientRecipeBook/]: Unknown recipe category: lotr:rohan/lotr:rohan_pillar
[12二月2026 17:13:48.804] [Render thread/WARN] [net.minecraft.client.util.ClientRecipeBook/]: Unknown recipe category: lotr:dwarven/lotr:gold_trimmed_dwarven_leggings
[12二月2026 17:13:48.804] [Render thread/WARN] [net.minecraft.client.util.ClientRecipeBook/]: Unknown recipe category: lotr:angmar/lotr:snowy_angmar_brick
[12二月2026 17:13:48.804] [Render thread/WARN] [net.minecraft.client.util.ClientRecipeBook/]: Unknown recipe category: lotr:dale/lotr:dale_paving_alt2
[12二月2026 17:13:48.804] [Render thread/WARN] [net.minecraft.client.util.ClientRecipeBook/]: Unknown recipe category: lotr:any_dwarven/lotr:dwarven_gate
[12二月2026 17:13:48.804] [Render thread/WARN] [net.minecraft.client.util.ClientRecipeBook/]: Unknown recipe category: lotr:any_orc/lotr:rusted_orc_plating_stairs
[12二月2026 17:13:48.804] [Render thread/WARN] [net.minecraft.client.util.ClientRecipeBook/]: Unknown recipe category: lotr:any_harad/lotr:harad_pillar
[12二月2026 17:13:48.804] [Render thread/WARN] [net.minecraft.client.util.ClientRecipeBook/]: Unknown recipe category: lotr:mordor/lotr:mordor_rock_pressure_plate
[12二月2026 17:13:48.804] [Render thread/WARN] [net.minecraft.client.util.ClientRecipeBook/]: Unknown recipe category: lotr:umbar/lotr:umbar_dagger
[12二月2026 17:13:48.804] [Render thread/WARN] [net.minecraft.client.util.ClientRecipeBook/]: Unknown recipe category: lotr:lindon/lotr:lindon_axe
[12二月2026 17:13:48.804] [Render thread/WARN] [net.minecraft.client.util.ClientRecipeBook/]: Unknown recipe category: lotr:dwarven/lotr:dwarven_sword
[12二月2026 17:13:48.804] [Render thread/WARN] [net.minecraft.client.util.ClientRecipeBook/]: Unknown recipe category: lotr:wood_elven/lotr:wood_elven_bars
[12二月2026 17:13:48.804] [Render thread/WARN] [net.minecraft.client.util.ClientRecipeBook/]: Unknown recipe category: lotr:lossoth/lotr:snow_brick_wall
[12二月2026 17:13:48.804] [Render thread/WARN] [net.minecraft.client.util.ClientRecipeBook/]: Unknown recipe category: lotr:gondor/lotr:gondor_cobblebrick_stairs
[12二月2026 17:13:48.804] [Render thread/WARN] [net.minecraft.client.util.ClientRecipeBook/]: Unknown recipe category: lotr:lossoth/lotr:fur_from_fur_bundle
[12二月2026 17:13:48.804] [Render thread/WARN] [net.minecraft.client.util.ClientRecipeBook/]: Unknown recipe category: lotr:dol_amroth/lotr:mossy_dol_amroth_brick_wall
[12二月2026 17:13:48.804] [Render thread/WARN] [net.minecraft.client.util.ClientRecipeBook/]: Unknown recipe category: lotr:lindon/lotr:lindon_helmet
[12二月2026 17:13:48.804] [Render thread/WARN] [net.minecraft.client.util.ClientRecipeBook/]: Unknown recipe category: lotr:dorwinion/lotr:cracked_dorwinion_brick_stairs
[12二月2026 17:13:48.804] [Render thread/WARN] [net.minecraft.client.util.ClientRecipeBook/]: Unknown recipe category: lotr:dale/lotr:dale_paving_stairs
[12二月2026 17:13:48.804] [Render thread/WARN] [net.minecraft.client.util.ClientRecipeBook/]: Unknown recipe category: lotr:ranger/lotr:arnor_brick_wall
[12二月2026 17:13:48.804] [Render thread/WARN] [net.minecraft.client.util.ClientRecipeBook/]: Unknown recipe category: lotr:dol_amroth/lotr:dol_amroth_brick_slab
[12二月2026 17:13:48.804] [Render thread/WARN] [net.minecraft.client.util.ClientRecipeBook/]: Unknown recipe category: lotr:dwarven/lotr:dwarven_chestplate
[12二月2026 17:13:48.804] [Render thread/WARN] [net.minecraft.client.util.ClientRecipeBook/]: Unknown recipe category: lotr:any_harad/lotr:red_harad_brick_slab
[12二月2026 17:13:48.804] [Render thread/WARN] [net.minecraft.client.util.ClientRecipeBook/]: Unknown recipe category: lotr:any_dwarven/lotr:glowing_dwarven_brick
[12二月2026 17:13:48.804] [Render thread/WARN] [net.minecraft.client.util.ClientRecipeBook/]: Unknown recipe category: lotr:wood_elven/lotr:wood_elven_pillar_slab
[12二月2026 17:13:48.804] [Render thread/WARN] [net.minecraft.client.util.ClientRecipeBook/]: Unknown recipe category: lotr:rivendell/lotr:rivendell_shovel
[12二月2026 17:13:48.804] [Render thread/WARN] [net.minecraft.client.util.ClientRecipeBook/]: Unknown recipe category: lotr:dunlending/lotr:dunlending_helmet
[12二月2026 17:13:48.804] [Render thread/WARN] [net.minecraft.client.util.ClientRecipeBook/]: Unknown recipe category: lotr:galadhrim/lotr:mallorn_stick
[12二月2026 17:13:48.804] [Render thread/WARN] [net.minecraft.client.util.ClientRecipeBook/]: Unknown recipe category: lotr:dwarven/lotr:dwarven_crafting_table
[12二月2026 17:13:48.804] [Render thread/WARN] [net.minecraft.client.util.ClientRecipeBook/]: Unknown recipe category: lotr:ranger/lotr:ranger_north_chestplate
[12二月2026 17:13:48.805] [Render thread/WARN] [net.minecraft.client.util.ClientRecipeBook/]: Unknown recipe category: lotr:rohan/lotr:rohan_rock_pressure_plate
[12二月2026 17:13:48.805] [Render thread/WARN] [net.minecraft.client.util.ClientRecipeBook/]: Unknown recipe category: lotr:brewing/lotr:vodka
[12二月2026 17:13:48.805] [Render thread/WARN] [net.minecraft.client.util.ClientRecipeBook/]: Unknown recipe category: lotr:galadhrim/lotr:mallorn_hoe
[12二月2026 17:13:48.805] [Render thread/WARN] [net.minecraft.client.util.ClientRecipeBook/]: Unknown recipe category: lotr:umbar/lotr:cracked_umbar_brick_wall
[12二月2026 17:13:48.805] [Render thread/WARN] [net.minecraft.client.util.ClientRecipeBook/]: Unknown recipe category: lotr:dale/lotr:dale_pillar_slab
[12二月2026 17:13:48.805] [Render thread/WARN] [net.minecraft.client.util.ClientRecipeBook/]: Unknown recipe category: lotr:dunlending/lotr:dunlending_chestplate
[12二月2026 17:13:48.805] [Render thread/WARN] [net.minecraft.client.util.ClientRecipeBook/]: Unknown recipe category: lotr:wood_elven/lotr:wood_elven_pickaxe
[12二月2026 17:13:48.805] [Render thread/WARN] [net.minecraft.client.util.ClientRecipeBook/]: Unknown recipe category: lotr:any_dwarven/lotr:silver_trimmed_dwarven_brick
[12二月2026 17:13:48.805] [Render thread/WARN] [net.minecraft.client.util.ClientRecipeBook/]: Unknown recipe category: lotr:blue_mountains/lotr:gold_trimmed_blue_dwarven_boots
[12二月2026 17:13:48.805] [Render thread/WARN] [net.minecraft.client.util.ClientRecipeBook/]: Unknown recipe category: lotr:dwarven/lotr:dwarven_boots
[12二月2026 17:13:48.805] [Render thread/WARN] [net.minecraft.client.util.ClientRecipeBook/]: Unknown recipe category: lotr:dale/lotr:cram
[12二月2026 17:13:48.805] [Render thread/WARN] [net.minecraft.client.util.ClientRecipeBook/]: Unknown recipe category: lotr:umbar/lotr:umbar_spear
[12二月2026 17:13:48.805] [Render thread/WARN] [net.minecraft.client.util.ClientRecipeBook/]: Unknown recipe category: lotr:galadhrim/lotr:galadhrim_pickaxe
[12二月2026 17:13:48.805] [Render thread/WARN] [net.minecraft.client.util.ClientRecipeBook/]: Unknown recipe category: lotr:uruk/lotr:uruk_leggings
[12二月2026 17:13:48.805] [Render thread/WARN] [net.minecraft.client.util.ClientRecipeBook/]: Unknown recipe category: lotr:angmar/lotr:angmar_brick_wall
[12二月2026 17:13:48.805] [Render thread/WARN] [net.minecraft.client.util.ClientRecipeBook/]: Unknown recipe category: lotr:ranger/lotr:cracked_arnor_brick_wall
[12二月2026 17:13:48.805] [Render thread/WARN] [net.minecraft.client.util.ClientRecipeBook/]: Unknown recipe category: lotr:dunlending/lotr:dunlending_leggings
[12二月2026 17:13:48.805] [Render thread/WARN] [net.minecraft.client.util.ClientRecipeBook/]: Unknown recipe category: lotr:harad/lotr:harad_leggings
[12二月2026 17:13:48.805] [Render thread/WARN] [net.minecraft.client.util.ClientRecipeBook/]: Unknown recipe category: lotr:rohan/lotr:mossy_rohan_brick
[12二月2026 17:13:48.805] [Render thread/WARN] [net.minecraft.client.util.ClientRecipeBook/]: Unknown recipe category: lotr:dorwinion/lotr:dorwinion_brick
[12二月2026 17:13:48.805] [Render thread/WARN] [net.minecraft.client.util.ClientRecipeBook/]: Unknown recipe category: lotr:galadhrim/lotr:mallorn_axe
[12二月2026 17:13:48.805] [Render thread/WARN] [net.minecraft.client.util.ClientRecipeBook/]: Unknown recipe category: lotr:dale/lotr:dale_brick_wall
[12二月2026 17:13:48.805] [Render thread/WARN] [net.minecraft.client.util.ClientRecipeBook/]: Unknown recipe category: lotr:dale/lotr:mossy_dale_brick
[12二月2026 17:13:48.805] [Render thread/WARN] [net.minecraft.client.util.ClientRecipeBook/]: Unknown recipe category: lotr:dale/lotr:dale_leggings
[12二月2026 17:13:48.805] [Render thread/WARN] [net.minecraft.client.util.ClientRecipeBook/]: Unknown recipe category: lotr:dale/lotr:dale_paving_alt8
[12二月2026 17:13:48.805] [Render thread/WARN] [net.minecraft.client.util.ClientRecipeBook/]: Unknown recipe category: lotr:rohan/lotr:rohan_gate
[12二月2026 17:13:48.806] [Render thread/WARN] [net.minecraft.client.util.ClientRecipeBook/]: Unknown recipe category: lotr:alloy_forge/lotr:bronze_ingot_alloy
[12二月2026 17:13:48.806] [Render thread/WARN] [net.minecraft.client.util.ClientRecipeBook/]: Unknown recipe category: lotr:uruk/lotr:uruk_gate
[12二月2026 17:13:48.806] [Render thread/WARN] [net.minecraft.client.util.ClientRecipeBook/]: Unknown recipe category: lotr:uruk/lotr:uruk_cleaver
[12二月2026 17:13:48.806] [Render thread/WARN] [net.minecraft.client.util.ClientRecipeBook/]: Unknown recipe category: lotr:gondor/lotr:gondor_spear
[12二月2026 17:13:48.806] [Render thread/WARN] [net.minecraft.client.util.ClientRecipeBook/]: Unknown recipe category: lotr:dol_amroth/lotr:mossy_dol_amroth_brick_stairs
[12二月2026 17:13:48.806] [Render thread/WARN] [net.minecraft.client.util.ClientRecipeBook/]: Unknown recipe category: lotr:dale/lotr:dale_dagger
[12二月2026 17:13:48.806] [Render thread/WARN] [net.minecraft.client.util.ClientRecipeBook/]: Unknown recipe category: lotr:dale/lotr:dale_paving
[12二月2026 17:13:48.806] [Render thread/WARN] [net.minecraft.client.util.ClientRecipeBook/]: Unknown recipe category: lotr:galadhrim/lotr:mossy_galadhrim_brick_wall
[12二月2026 17:13:48.806] [Render thread/WARN] [net.minecraft.client.util.ClientRecipeBook/]: Unknown recipe category: lotr:uruk/lotr:uruk_pillar
[12二月2026 17:13:48.806] [Render thread/WARN] [net.minecraft.client.util.ClientRecipeBook/]: Unknown recipe category: lotr:galadhrim/lotr:mossy_galadhrim_brick_stairs
[12二月2026 17:13:48.806] [Render thread/WARN] [net.minecraft.client.util.ClientRecipeBook/]: Unknown recipe category: lotr:galadhrim/lotr:galadhrim_leggings
[12二月2026 17:13:48.806] [Render thread/WARN] [net.minecraft.client.util.ClientRecipeBook/]: Unknown recipe category: lotr:gondor/lotr:ranger_ithilien_helmet
[12二月2026 17:13:48.806] [Render thread/WARN] [net.minecraft.client.util.ClientRecipeBook/]: Unknown recipe category: lotr:rohan/lotr:rohan_rock_slab
[12二月2026 17:13:48.806] [Render thread/WARN] [net.minecraft.client.util.ClientRecipeBook/]: Unknown recipe category: lotr:angmar/lotr:snowy_angmar_brick_wall
[12二月2026 17:13:48.806] [Render thread/WARN] [net.minecraft.client.util.ClientRecipeBook/]: Unknown recipe category: lotr:uruk/lotr:uruk_helmet
[12二月2026 17:13:48.806] [Render thread/WARN] [net.minecraft.client.util.ClientRecipeBook/]: Unknown recipe category: lotr:dwarven_forge_alloy/lotr:dwarven_steel_ingot
[12二月2026 17:13:48.806] [Render thread/WARN] [net.minecraft.client.util.ClientRecipeBook/]: Unknown recipe category: lotr:dorwinion/lotr:dorwinion_chestplate
[12二月2026 17:13:48.806] [Render thread/WARN] [net.minecraft.client.util.ClientRecipeBook/]: Unknown recipe category: lotr:any_orc/lotr:orc_plating
[12二月2026 17:13:48.806] [Render thread/WARN] [net.minecraft.client.util.ClientRecipeBook/]: Unknown recipe category: lotr:galadhrim/lotr:galadhrim_brick
[12二月2026 17:13:48.806] [Render thread/WARN] [net.minecraft.client.util.ClientRecipeBook/]: Unknown recipe category: lotr:gondor/lotr:gondor_rock_slab
[12二月2026 17:13:48.806] [Render thread/WARN] [net.minecraft.client.util.ClientRecipeBook/]: Unknown recipe category: lotr:galadhrim/lotr:galadhrim_pillar_slab
[12二月2026 17:13:48.806] [Render thread/WARN] [net.minecraft.client.util.ClientRecipeBook/]: Unknown recipe category: lotr:lindon/lotr:lindon_crafting_table
[12二月2026 17:13:48.806] [Render thread/WARN] [net.minecraft.client.util.ClientRecipeBook/]: Unknown recipe category: lotr:mordor/lotr:mordor_brick_wall
[12二月2026 17:13:48.806] [Render thread/WARN] [net.minecraft.client.util.ClientRecipeBook/]: Unknown recipe category: lotr:galadhrim/lotr:mallorn_pressure_plate
[12二月2026 17:13:48.806] [Render thread/WARN] [net.minecraft.client.util.ClientRecipeBook/]: Unknown recipe category: lotr:mordor/lotr:mordor_rock_button
[12二月2026 17:13:48.806] [Render thread/WARN] [net.minecraft.client.util.ClientRecipeBook/]: Unknown recipe category: lotr:any_dwarven/lotr:dwarven_brick_wall
[12二月2026 17:13:48.806] [Render thread/WARN] [net.minecraft.client.util.ClientRecipeBook/]: Unknown recipe category: lotr:rohan/lotr:rohan_brick
[12二月2026 17:13:48.807] [Render thread/WARN] [net.minecraft.client.util.ClientRecipeBook/]: Unknown recipe category: lotr:gondor/lotr:gondor_rock_stairs
[12二月2026 17:13:48.807] [Render thread/WARN] [net.minecraft.client.util.ClientRecipeBook/]: Unknown recipe category: lotr:rohan/lotr:rohan_pillar_slab
[12二月2026 17:13:48.807] [Render thread/WARN] [net.minecraft.client.util.ClientRecipeBook/]: Unknown recipe category: lotr:galadhrim/lotr:mallorn_planks
[12二月2026 17:13:48.807] [Render thread/WARN] [net.minecraft.client.util.ClientRecipeBook/]: Unknown recipe category: lotr:any_high_elven/lotr:mossy_high_elven_brick_stairs
[12二月2026 17:13:48.807] [Render thread/WARN] [net.minecraft.client.util.ClientRecipeBook/]: Unknown recipe category: lotr:dwarven/lotr:mithril_trimmed_dwarven_helmet
[12二月2026 17:13:48.807] [Render thread/WARN] [net.minecraft.client.util.ClientRecipeBook/]: Unknown recipe category: lotr:any_orc/lotr:orc_torch_with_coal
[12二月2026 17:13:48.807] [Render thread/WARN] [net.minecraft.client.util.ClientRecipeBook/]: Unknown recipe category: lotr:brewing/lotr:perry
[12二月2026 17:13:48.807] [Render thread/WARN] [net.minecraft.client.util.ClientRecipeBook/]: Unknown recipe category: lotr:dale/lotr:dale_paving_alt10
[12二月2026 17:13:48.807] [Render thread/WARN] [net.minecraft.client.util.ClientRecipeBook/]: Unknown recipe category: lotr:blue_mountains/lotr:blue_dwarven_pickaxe
[12二月2026 17:13:48.807] [Render thread/WARN] [net.minecraft.client.util.ClientRecipeBook/]: Unknown recipe category: lotr:mordor/lotr:mordor_scimitar
[12二月2026 17:13:48.807] [Render thread/WARN] [net.minecraft.client.util.ClientRecipeBook/]: Unknown recipe category: lotr:elven_forge_alloy/lotr:elven_steel_ingot
[12二月2026 17:13:48.807] [Render thread/WARN] [net.minecraft.client.util.ClientRecipeBook/]: Unknown recipe category: lotr:dale/lotr:mossy_dale_brick_wall
[12二月2026 17:13:48.807] [Render thread/WARN] [net.minecraft.client.util.ClientRecipeBook/]: Unknown recipe category: lotr:dorwinion/lotr:dorwinion_helmet
[12二月2026 17:13:48.807] [Render thread/WARN] [net.minecraft.client.util.ClientRecipeBook/]: Unknown recipe category: lotr:dwarven/lotr:dwarven_shovel
[12二月2026 17:13:48.807] [Render thread/WARN] [net.minecraft.client.util.ClientRecipeBook/]: Unknown recipe category: lotr:dol_amroth/lotr:dol_amroth_chestplate
[12二月2026 17:13:48.807] [Render thread/WARN] [net.minecraft.client.util.ClientRecipeBook/]: Unknown recipe category: lotr:any_high_elven/lotr:high_elven_gate
[12二月2026 17:13:48.807] [Render thread/WARN] [net.minecraft.client.util.ClientRecipeBook/]: Unknown recipe category: lotr:galadhrim/lotr:mallorn_shovel
[12二月2026 17:13:48.807] [Render thread/WARN] [net.minecraft.client.util.ClientRecipeBook/]: Unknown recipe category: lotr:any_dwarven/lotr:mossy_dwarven_brick
[12二月2026 17:13:48.807] [Render thread/WARN] [net.minecraft.client.util.ClientRecipeBook/]: Unknown recipe category: lotr:galadhrim/lotr:galadhrim_pillar
[12二月2026 17:13:48.807] [Render thread/WARN] [net.minecraft.client.util.ClientRecipeBook/]: Unknown recipe category: lotr:orc_forge/lotr:charred_log_orc_forge
[12二月2026 17:13:48.807] [Render thread/WARN] [net.minecraft.client.util.ClientRecipeBook/]: Unknown recipe category: lotr:any_numenorean/lotr:cracked_numenorean_brick_stairs
[12二月2026 17:13:48.807] [Render thread/WARN] [net.minecraft.client.util.ClientRecipeBook/]: Unknown recipe category: lotr:rohan/lotr:rohan_leggings
[12二月2026 17:13:48.807] [Render thread/WARN] [net.minecraft.client.util.ClientRecipeBook/]: Unknown recipe category: lotr:blue_mountains/lotr:blue_dwarven_leggings
[12二月2026 17:13:48.807] [Render thread/WARN] [net.minecraft.client.util.ClientRecipeBook/]: Unknown recipe category: lotr:rivendell/lotr:rivendell_leggings
[12二月2026 17:13:48.807] [Render thread/WARN] [net.minecraft.client.util.ClientRecipeBook/]: Unknown recipe category: lotr:dwarven/lotr:gold_trimmed_dwarven_chestplate
[12二月2026 17:13:48.808] [Render thread/WARN] [net.minecraft.client.util.ClientRecipeBook/]: Unknown recipe category: lotr:dale/lotr:cracked_dale_brick_wall
[12二月2026 17:13:48.808] [Render thread/WARN] [net.minecraft.client.util.ClientRecipeBook/]: Unknown recipe category: lotr:wood_elven/lotr:wood_elven_dagger
[12二月2026 17:13:48.808] [Render thread/WARN] [net.minecraft.client.util.ClientRecipeBook/]: Unknown recipe category: lotr:gondor/lotr:carved_gondor_brick
[12二月2026 17:13:48.808] [Render thread/WARN] [net.minecraft.client.util.ClientRecipeBook/]: Unknown recipe category: lotr:lindon/lotr:lindon_leggings
[12二月2026 17:13:48.808] [Render thread/WARN] [net.minecraft.client.util.ClientRecipeBook/]: Unknown recipe category: lotr:harad/lotr:harnennor_helmet
[12二月2026 17:13:48.808] [Render thread/WARN] [net.minecraft.client.util.ClientRecipeBook/]: Unknown recipe category: lotr:galadhrim/lotr:galadhrim_brick_stairs
[12二月2026 17:13:48.808] [Render thread/WARN] [net.minecraft.client.util.ClientRecipeBook/]: Unknown recipe category: lotr:lossoth/lotr:snow_brick_slab
[12二月2026 17:13:48.808] [Render thread/WARN] [net.minecraft.client.util.ClientRecipeBook/]: Unknown recipe category: lotr:dale/lotr:cracked_dale_brick_slab
[12二月2026 17:13:48.808] [Render thread/WARN] [net.minecraft.client.util.ClientRecipeBook/]: Unknown recipe category: lotr:blue_mountains/lotr:blue_dwarven_hoe
[12二月2026 17:13:48.808] [Render thread/WARN] [net.minecraft.client.util.ClientRecipeBook/]: Unknown recipe category: lotr:galadhrim/lotr:mallorn_wood_slab
[12二月2026 17:13:48.808] [Render thread/WARN] [net.minecraft.client.util.ClientRecipeBook/]: Unknown recipe category: lotr:dorwinion/lotr:mossy_red_dorwinion_brick_slab
[12二月2026 17:13:48.808] [Render thread/WARN] [net.minecraft.client.util.ClientRecipeBook/]: Unknown recipe category: lotr:wood_elven/lotr:wood_elven_shovel
[12二月2026 17:13:48.808] [Render thread/WARN] [net.minecraft.client.util.ClientRecipeBook/]: Unknown recipe category: lotr:gondor/lotr:gondor_pillar_slab
[12二月2026 17:13:48.808] [Render thread/WARN] [net.minecraft.client.util.ClientRecipeBook/]: Unknown recipe category: lotr:any_orc/lotr:orc_bars
[12二月2026 17:13:48.808] [Render thread/WARN] [net.minecraft.client.util.ClientRecipeBook/]: Unknown recipe category: lotr:any_harad/lotr:red_harad_brick
[12二月2026 17:13:48.808] [Render thread/WARN] [net.minecraft.client.util.ClientRecipeBook/]: Unknown recipe category: lotr:any_orc/lotr:rusted_orc_plating
[12二月2026 17:13:48.808] [Render thread/WARN] [net.minecraft.client.util.ClientRecipeBook/]: Unknown recipe category: lotr:ranger/lotr:ranger_north_leggings
[12二月2026 17:13:48.808] [Render thread/WARN] [net.minecraft.client.util.ClientRecipeBook/]: Unknown recipe category: lotr:mordor/lotr:mordor_pickaxe
[12二月2026 17:13:48.808] [Render thread/WARN] [net.minecraft.client.util.ClientRecipeBook/]: Unknown recipe category: lotr:gondor/lotr:mossy_gondor_cobblebrick
[12二月2026 17:13:48.808] [Render thread/WARN] [net.minecraft.client.util.ClientRecipeBook/]: Unknown recipe category: lotr:harad/lotr:harad_boots
[12二月2026 17:13:48.808] [Render thread/WARN] [net.minecraft.client.util.ClientRecipeBook/]: Unknown recipe category: lotr:umbar/lotr:mossy_umbar_brick_wall
[12二月2026 17:13:48.808] [Render thread/WARN] [net.minecraft.client.util.ClientRecipeBook/]: Unknown recipe category: lotr:rivendell/lotr:rivendell_axe
[12二月2026 17:13:48.808] [Render thread/WARN] [net.minecraft.client.util.ClientRecipeBook/]: Unknown recipe category: lotr:wood_elven/lotr:cracked_wood_elven_brick_stairs
[12二月2026 17:13:48.808] [Render thread/WARN] [net.minecraft.client.util.ClientRecipeBook/]: Unknown recipe category: lotr:any_harad/lotr:red_harad_pillar_slab
[12二月2026 17:13:48.808] [Render thread/WARN] [net.minecraft.client.util.ClientRecipeBook/]: Unknown recipe category: lotr:gondor/lotr:gondor_helmet
[12二月2026 17:13:48.808] [Render thread/WARN] [net.minecraft.client.util.ClientRecipeBook/]: Unknown recipe category: lotr:mordor/lotr:mordor_helmet
[12二月2026 17:13:48.808] [Render thread/WARN] [net.minecraft.client.util.ClientRecipeBook/]: Unknown recipe category: lotr:angmar/lotr:angmar_crafting_table
[12二月2026 17:13:48.808] [Render thread/WARN] [net.minecraft.client.util.ClientRecipeBook/]: Unknown recipe category: lotr:rohan/lotr:rohan_rock_wall
[12二月2026 17:13:48.808] [Render thread/WARN] [net.minecraft.client.util.ClientRecipeBook/]: Unknown recipe category: lotr:ranger/lotr:ranger_crafting_table
[12二月2026 17:13:48.808] [Render thread/WARN] [net.minecraft.client.util.ClientRecipeBook/]: Unknown recipe category: lotr:brewing/lotr:cactus_liqueur
[12二月2026 17:13:48.808] [Render thread/WARN] [net.minecraft.client.util.ClientRecipeBook/]: Unknown recipe category: lotr:hobbit/lotr:green_hobbit_gate
[12二月2026 17:13:48.809] [Render thread/WARN] [net.minecraft.client.util.ClientRecipeBook/]: Unknown recipe category: lotr:rivendell/lotr:rivendell_helmet
[12二月2026 17:13:48.809] [Render thread/WARN] [net.minecraft.client.util.ClientRecipeBook/]: Unknown recipe category: lotr:gondor/lotr:gondor_leggings
[12二月2026 17:13:48.809] [Render thread/WARN] [net.minecraft.client.util.ClientRecipeBook/]: Unknown recipe category: lotr:dwarven/lotr:silver_trimmed_dwarven_helmet
[12二月2026 17:13:48.809] [Render thread/WARN] [net.minecraft.client.util.ClientRecipeBook/]: Unknown recipe category: lotr:dorwinion/lotr:dorwinion_elven_leggings
[12二月2026 17:13:48.809] [Render thread/WARN] [net.minecraft.client.util.ClientRecipeBook/]: Unknown recipe category: lotr:harad/lotr:harnennor_shield
[12二月2026 17:13:48.809] [Render thread/WARN] [net.minecraft.client.util.ClientRecipeBook/]: Unknown recipe category: lotr:mordor/lotr:mordor_brick_stairs
[12二月2026 17:13:48.809] [Render thread/WARN] [net.minecraft.client.util.ClientRecipeBook/]: Unknown recipe category: lotr:lindon/lotr:lindon_chestplate
[12二月2026 17:13:48.809] [Render thread/WARN] [net.minecraft.client.util.ClientRecipeBook/]: Unknown recipe category: lotr:brewing/lotr:melon_liqueur
[12二月2026 17:13:48.809] [Render thread/WARN] [net.minecraft.client.util.ClientRecipeBook/]: Unknown recipe category: lotr:harad/lotr:harnennor_chestplate
[12二月2026 17:13:48.809] [Render thread/WARN] [net.minecraft.client.util.ClientRecipeBook/]: Unknown recipe category: lotr:galadhrim/lotr:mallorn_planks_from_mallorn_branch
[12二月2026 17:13:48.809] [Render thread/WARN] [net.minecraft.client.util.ClientRecipeBook/]: Unknown recipe category: lotr:any_high_elven/lotr:high_elven_brick_slab
[12二月2026 17:13:48.809] [Render thread/WARN] [net.minecraft.client.util.ClientRecipeBook/]: Unknown recipe category: lotr:dale/lotr:dale_paving_alt3
[12二月2026 17:13:48.809] [Render thread/WARN] [net.minecraft.client.util.ClientRecipeBook/]: Unknown recipe category: lotr:any_numenorean/lotr:mossy_numenorean_brick_stairs
[12二月2026 17:13:48.809] [Render thread/WARN] [net.minecraft.client.util.ClientRecipeBook/]: Unknown recipe category: lotr:ranger/lotr:mossy_arnor_brick
[12二月2026 17:13:48.809] [Render thread/WARN] [net.minecraft.client.util.ClientRecipeBook/]: Unknown recipe category: lotr:rohan/lotr:rohan_brick_slab
[12二月2026 17:13:48.809] [Render thread/WARN] [net.minecraft.client.util.ClientRecipeBook/]: Unknown recipe category: lotr:harad/lotr:harnennor_boots
[12二月2026 17:13:48.809] [Render thread/WARN] [net.minecraft.client.util.ClientRecipeBook/]: Unknown recipe category: lotr:umbar/lotr:mossy_umbar_brick_slab
[12二月2026 17:13:48.809] [Render thread/WARN] [net.minecraft.client.util.ClientRecipeBook/]: Unknown recipe category: lotr:any_high_elven/lotr:high_elven_pillar_slab
[12二月2026 17:13:48.809] [Render thread/WARN] [net.minecraft.client.util.ClientRecipeBook/]: Unknown recipe category: lotr:any_orc/lotr:orc_plating_slab
[12二月2026 17:13:48.809] [Render thread/WARN] [net.minecraft.client.util.ClientRecipeBook/]: Unknown recipe category: lotr:any_harad/lotr:red_harad_brick_stairs
[12二月2026 17:13:48.809] [Render thread/WARN] [net.minecraft.client.util.ClientRecipeBook/]: Unknown recipe category: lotr:gondor/lotr:gondor_brick
[12二月2026 17:13:48.809] [Render thread/WARN] [net.minecraft.client.util.ClientRecipeBook/]: Unknown recipe category: lotr:gondor/lotr:gondor_chestplate
[12二月2026 17:13:48.809] [Render thread/WARN] [net.minecraft.client.util.ClientRecipeBook/]: Unknown recipe category: lotr:dale/lotr:dale_chestplate
[12二月2026 17:13:48.809] [Render thread/WARN] [net.minecraft.client.util.ClientRecipeBook/]: Unknown recipe category: lotr:galadhrim/lotr:mossy_galadhrim_brick
[12二月2026 17:13:48.809] [Render thread/WARN] [net.minecraft.client.util.ClientRecipeBook/]: Unknown recipe category: lotr:uruk/lotr:uruk_hoe
[12二月2026 17:13:48.809] [Render thread/WARN] [net.minecraft.client.util.ClientRecipeBook/]: Unknown recipe category: lotr:lossoth/lotr:leather_bundle
[12二月2026 17:13:48.809] [Render thread/WARN] [net.minecraft.client.util.ClientRecipeBook/]: Unknown recipe category: lotr:blue_mountains/lotr:silver_trimmed_blue_dwarven_helmet
[12二月2026 17:13:48.809] [Render thread/WARN] [net.minecraft.client.util.ClientRecipeBook/]: Unknown recipe category: lotr:brewing/lotr:athelas_brew
[12二月2026 17:13:48.809] [Render thread/WARN] [net.minecraft.client.util.ClientRecipeBook/]: Unknown recipe category: lotr:lindon/lotr:lindon_sword
[12二月2026 17:13:48.809] [Render thread/WARN] [net.minecraft.client.util.ClientRecipeBook/]: Unknown recipe category: lotr:dol_amroth/lotr:dol_amroth_boots
[12二月2026 17:13:48.809] [Render thread/WARN] [net.minecraft.client.util.ClientRecipeBook/]: Unknown recipe category: lotr:rivendell/lotr:rivendell_pickaxe
[12二月2026 17:13:48.809] [Render thread/WARN] [net.minecraft.client.util.ClientRecipeBook/]: Unknown recipe category: lotr:blue_mountains/lotr:blue_dwarven_axe
[12二月2026 17:13:48.810] [Render thread/WARN] [net.minecraft.client.util.ClientRecipeBook/]: Unknown recipe category: lotr:any_harad/lotr:harad_brick
[12二月2026 17:13:48.810] [Render thread/WARN] [net.minecraft.client.util.ClientRecipeBook/]: Unknown recipe category: lotr:galadhrim/lotr:galadhrim_wood_bars
[12二月2026 17:13:48.810] [Render thread/WARN] [net.minecraft.client.util.ClientRecipeBook/]: Unknown recipe category: lotr:wood_elven/lotr:wood_elven_gate
[12二月2026 17:13:48.810] [Render thread/WARN] [net.minecraft.client.util.ClientRecipeBook/]: Unknown recipe category: lotr:umbar/lotr:umbar_brick_slab
[12二月2026 17:13:48.810] [Render thread/WARN] [net.minecraft.client.util.ClientRecipeBook/]: Unknown recipe category: lotr:rohan/lotr:rohan_marshal_boots
[12二月2026 17:13:48.810] [Render thread/WARN] [net.minecraft.client.util.ClientRecipeBook/]: Unknown recipe category: lotr:galadhrim/lotr:cracked_galadhrim_brick_stairs
[12二月2026 17:13:48.810] [Render thread/WARN] [net.minecraft.client.util.ClientRecipeBook/]: Unknown recipe category: lotr:any_harad/lotr:harad_gate
[12二月2026 17:13:48.810] [Render thread/WARN] [net.minecraft.client.util.ClientRecipeBook/]: Unknown recipe category: lotr:angmar/lotr:angmar_brick_slab
[12二月2026 17:13:48.810] [Render thread/WARN] [net.minecraft.client.util.ClientRecipeBook/]: Unknown recipe category: lotr:mordor/lotr:mossy_mordor_brick_slab
[12二月2026 17:13:48.810] [Render thread/WARN] [net.minecraft.client.util.ClientRecipeBook/]: Unknown recipe category: lotr:galadhrim/lotr:galadhrim_chestplate
[12二月2026 17:13:48.810] [Render thread/WARN] [net.minecraft.client.util.ClientRecipeBook/]: Unknown recipe category: lotr:dwarven/lotr:gold_trimmed_dwarven_helmet
[12二月2026 17:13:48.810] [Render thread/WARN] [net.minecraft.client.util.ClientRecipeBook/]: Unknown recipe category: lotr:gondor/lotr:cracked_gondor_brick_wall
[12二月2026 17:13:48.810] [Render thread/WARN] [net.minecraft.client.util.ClientRecipeBook/]: Unknown recipe category: lotr:wood_elven/lotr:mossy_wood_elven_brick_stairs
[12二月2026 17:13:48.810] [Render thread/WARN] [net.minecraft.client.util.ClientRecipeBook/]: Unknown recipe category: lotr:dorwinion/lotr:dorwinion_elven_chestplate
[12二月2026 17:13:48.810] [Render thread/WARN] [net.minecraft.client.util.ClientRecipeBook/]: Unknown recipe category: lotr:mordor/lotr:carved_mordor_brick
[12二月2026 17:13:48.810] [Render thread/WARN] [net.minecraft.client.util.ClientRecipeBook/]: Unknown recipe category: lotr:wood_elven/lotr:wood_elven_crafting_table
[12二月2026 17:13:48.810] [Render thread/WARN] [net.minecraft.client.util.ClientRecipeBook/]: Unknown recipe category: lotr:harad/lotr:harad_sword
[12二月2026 17:13:48.810] [Render thread/WARN] [net.minecraft.client.util.ClientRecipeBook/]: Unknown recipe category: lotr:dale/lotr:dale_paving_alt12
[12二月2026 17:13:48.810] [Render thread/WARN] [net.minecraft.client.util.ClientRecipeBook/]: Unknown recipe category: lotr:hobbit/lotr:shire_pine_door
[12二月2026 17:13:48.810] [Render thread/WARN] [net.minecraft.client.util.ClientRecipeBook/]: Unknown recipe category: lotr:any_dwarven/lotr:dwarven_pillar_slab
[12二月2026 17:13:48.810] [Render thread/WARN] [net.minecraft.client.util.ClientRecipeBook/]: Unknown recipe category: lotr:rohan/lotr:mossy_rohan_brick_wall
[12二月2026 17:13:48.810] [Render thread/WARN] [net.minecraft.client.util.ClientRecipeBook/]: Unknown recipe category: lotr:rohan/lotr:rohan_rock_button
[12二月2026 17:13:48.810] [Render thread/WARN] [net.minecraft.client.util.ClientRecipeBook/]: Unknown recipe category: lotr:gondor/lotr:ranger_ithilien_leggings
[12二月2026 17:13:49.026] [Server thread/INFO] [net.minecraft.server.integrated.IntegratedServer/]: Saving and pausing game...
[12二月2026 17:13:49.036] [Server thread/INFO] [net.minecraft.server.MinecraftServer/]: Saving chunks for level 'ServerLevel[新的世界]'/minecraft:overworld
[12二月2026 17:13:49.043] [Render thread/INFO] [lotr.common.LOTRLog/]: lotr: Loaded clientside map settings from server - image lotr:map/middle_earth.png, 124 biome-color mappings (combined from 1 files), 59 waypoint regions encompassing 113 biomes, 198 waypoints, 57 roads, 91 labels
[12二月2026 17:13:49.045] [Render thread/INFO] [lotr.common.LOTRLog/]: lotr: Loaded clientside faction settings from server - 27 factions in 3 regions, with 160 relations (combined from 1 relations lists)
[12二月2026 17:13:49.045] [Render thread/INFO] [lotr.common.LOTRLog/]: lotr: Loaded clientside NPC entity settings from server - 50 entity type settings
[12二月2026 17:13:49.049] [Render thread/INFO] [net.minecraft.advancements.AdvancementList/]: Loaded 0 advancements
[12二月2026 17:13:49.550] [Server thread/INFO] [net.minecraft.server.MinecraftServer/]: Saving chunks for level 'ServerLevel[新的世界]'/minecraft:the_nether
[12二月2026 17:13:49.552] [Server thread/INFO] [net.minecraft.server.MinecraftServer/]: Saving chunks for level 'ServerLevel[新的世界]'/minecraft:the_end
[12二月2026 17:13:49.554] [Server thread/INFO] [net.minecraft.server.MinecraftServer/]: Saving chunks for level 'ServerLevel[新的世界]'/lotr:middle_earth
[12二月2026 17:13:49.556] [Server thread/DEBUG] [net.minecraftforge.fml.FMLWorldPersistenceHook/WP]: Gathering id map for writing to world save 新的世界
[12二月2026 17:13:49.561] [Server thread/DEBUG] [net.minecraftforge.fml.FMLWorldPersistenceHook/WP]: ID Map collection complete 新的世界
[12二月2026 17:14:48.373] [Server thread/DEBUG] [lotr.common.LOTRLog/]: lotr: Sending speechbank lotr:hobbits/hobbit for NPC Filibert Longhole,霍比特人 to player Dev with context SpeechbankContext: conditions = [align=0.0, biome=BiomeWithTags[biomeName=lotr:shire, isFactionHomeBiome=true], can_trade=true, day_or_night=DAY, daytime=MORNING, daytime_phase=0.31073856, drunk=false, fleeing=false, gender=M, health=FULL, hired=NONE, hour=7.4577255, in_combat=false, in_conversation=NONE, lunar_eclipse=false, moon_phase=FULL, mounted=false, personality=PersonalityTraits[proud, brave, calm, polite, rude, strange, loud, clever, wise, dull], player_drunk=false, player_gender_pref=M, player_health=FULL, player_hunger=FULL, player_mounted=false, pledge=null, pledge_relation=NONE, rank=lotr.rank.neutral, relation=FRIENDLY, stargazing=false, sun_admiring=false, thunder=false, underground=false, weather=CLEAR], replaceable variables = [player=Dev]
[12二月2026 17:14:48.380] [Render thread/DEBUG] [lotr.common.LOTRLog/]: lotr: Received speechbank lotr:hobbits/hobbit for NPC Filibert Longhole,霍比特人 with context SpeechbankContext: conditions = [align=0.0, biome=BiomeWithTags[biomeName=lotr:shire, isFactionHomeBiome=true], can_trade=true, day_or_night=DAY, daytime=MORNING, daytime_phase=0.31073856, drunk=false, fleeing=false, gender=M, health=FULL, hired=NONE, hour=7.4577255, in_combat=false, in_conversation=NONE, lunar_eclipse=false, moon_phase=FULL, mounted=false, personality=PersonalityTraits[proud, brave, calm, polite, rude, strange, loud, clever, wise, dull], player_drunk=false, player_gender_pref=M, player_health=FULL, player_hunger=FULL, player_mounted=false, pledge=null, pledge_relation=NONE, rank=lotr.rank.neutral, relation=FRIENDLY, stargazing=false, sun_admiring=false, thunder=false, underground=false, weather=CLEAR], replaceable variables = [player=Dev]
[12二月2026 17:14:48.385] [Render thread/ERROR] [lotr.common.LOTRLog/]: lotr: Found duplicate line in speechbank lotr:speech/hobbits/hobbit/zh_cn.json - line duplicated is '今儿天气真不错，#p！'. Speechbanks should not have duplicate lines!
[12二月2026 17:14:53.219] [Server thread/DEBUG] [lotr.common.LOTRLog/]: lotr: Sending speechbank lotr:hobbits/hobbit for NPC Primrose Gammidge,霍比特人 to player Dev with context SpeechbankContext: conditions = [align=0.0, biome=BiomeWithTags[biomeName=lotr:shire, isFactionHomeBiome=true], can_trade=true, day_or_night=DAY, daytime=MORNING, daytime_phase=0.3127687, drunk=false, fleeing=false, gender=F, health=FULL, hired=NONE, hour=7.5064487, in_combat=false, in_conversation=NONE, lunar_eclipse=false, moon_phase=FULL, mounted=false, personality=PersonalityTraits[proud, nervous, calm, polite, rude, strange, loud, clever, insane, dull], player_drunk=false, player_gender_pref=M, player_health=FULL, player_hunger=FULL, player_mounted=false, pledge=null, pledge_relation=NONE, rank=lotr.rank.neutral, relation=FRIENDLY, stargazing=false, sun_admiring=false, thunder=false, underground=false, weather=CLEAR], replaceable variables = [player=Dev]
[12二月2026 17:14:53.229] [Render thread/DEBUG] [lotr.common.LOTRLog/]: lotr: Received speechbank lotr:hobbits/hobbit for NPC Primrose Gammidge,霍比特人 with context SpeechbankContext: conditions = [align=0.0, biome=BiomeWithTags[biomeName=lotr:shire, isFactionHomeBiome=true], can_trade=true, day_or_night=DAY, daytime=MORNING, daytime_phase=0.3127687, drunk=false, fleeing=false, gender=F, health=FULL, hired=NONE, hour=7.5064487, in_combat=false, in_conversation=NONE, lunar_eclipse=false, moon_phase=FULL, mounted=false, personality=PersonalityTraits[proud, nervous, calm, polite, rude, strange, loud, clever, insane, dull], player_drunk=false, player_gender_pref=M, player_health=FULL, player_hunger=FULL, player_mounted=false, pledge=null, pledge_relation=NONE, rank=lotr.rank.neutral, relation=FRIENDLY, stargazing=false, sun_admiring=false, thunder=false, underground=false, weather=CLEAR], replaceable variables = [player=Dev]
[12二月2026 17:15:08.077] [Server thread/INFO] [net.minecraft.server.MinecraftServer/]: [Dev: 已将Dev传送到 78240.5, 71.0, 42679.5]
[12二月2026 17:15:08.082] [Render thread/INFO] [net.minecraft.client.gui.NewChatGui/]: [CHAT] 已将Dev传送到 78240.5, 71.0, 42679.5
[12二月2026 17:15:23.569] [Server thread/INFO] [net.minecraft.server.MinecraftServer/]: [Dev: 已将Dev传送到 81913.5, 63.0, 60760.5]
[12二月2026 17:15:23.574] [Render thread/INFO] [net.minecraft.client.gui.NewChatGui/]: [CHAT] 已将Dev传送到 81913.5, 63.0, 60760.5
[12二月2026 17:15:23.644] [Render thread/INFO] [net.minecraft.advancements.AdvancementList/]: Loaded 7 advancements
[12二月2026 17:15:34.486] [Server thread/INFO] [net.minecraft.server.MinecraftServer/]: [Dev: 已将Dev传送到 84015.5, 73.0, 64997.5]
[12二月2026 17:15:34.490] [Render thread/INFO] [net.minecraft.client.gui.NewChatGui/]: [CHAT] 已将Dev传送到 84015.5, 73.0, 64997.5
[12二月2026 17:16:17.918] [Server thread/DEBUG] [lotr.common.LOTRLog/]: lotr: Sending speechbank lotr:mordor/orc for NPC Baghook,魔多奥克 to player Dev with context SpeechbankContext: conditions = [align=0.0, biome=BiomeWithTags[biomeName=lotr:morgul_vale, isFactionHomeBiome=true], can_trade=true, day_or_night=DAY, daytime=MORNING, daytime_phase=0.3473704, drunk=false, fleeing=false, gender=M, health=HIGH, hired=NONE, hour=8.336889, in_combat=false, in_conversation=NONE, lunar_eclipse=false, moon_phase=FULL, mounted=false, personality=PersonalityTraits[proud, nervous, anxious, rough, rude, normal, loud, clever, insane, excitable], player_drunk=false, player_gender_pref=M, player_health=FULL, player_hunger=FULL, player_mounted=false, pledge=null, pledge_relation=NONE, rank=lotr.rank.neutral, relation=FRIENDLY, stargazing=false, sun_admiring=false, thunder=false, underground=false, weather=CLEAR], replaceable variables = [player=Dev]
[12二月2026 17:16:17.929] [Render thread/DEBUG] [lotr.common.LOTRLog/]: lotr: Received speechbank lotr:mordor/orc for NPC Baghook,魔多奥克 with context SpeechbankContext: conditions = [align=0.0, biome=BiomeWithTags[biomeName=lotr:morgul_vale, isFactionHomeBiome=true], can_trade=true, day_or_night=DAY, daytime=MORNING, daytime_phase=0.3473704, drunk=false, fleeing=false, gender=M, health=HIGH, hired=NONE, hour=8.336889, in_combat=false, in_conversation=NONE, lunar_eclipse=false, moon_phase=FULL, mounted=false, personality=PersonalityTraits[proud, nervous, anxious, rough, rude, normal, loud, clever, insane, excitable], player_drunk=false, player_gender_pref=M, player_health=FULL, player_hunger=FULL, player_mounted=false, pledge=null, pledge_relation=NONE, rank=lotr.rank.neutral, relation=FRIENDLY, stargazing=false, sun_admiring=false, thunder=false, underground=false, weather=CLEAR], replaceable variables = [player=Dev]
[12二月2026 17:16:58.395] [Server thread/INFO] [net.minecraft.server.MinecraftServer/]: [Dev: 将Dev的魔多结盟值设置为1000.0]
[12二月2026 17:16:58.403] [Render thread/INFO] [net.minecraft.client.gui.NewChatGui/]: [CHAT] 将Dev的魔多结盟值设置为1000.0
[12二月2026 17:16:58.744] [Server thread/DEBUG] [lotr.common.LOTRLog/]: lotr: Player {} is evil due to high evil alignment: {}
[12二月2026 17:16:59.744] [Server thread/DEBUG] [lotr.common.LOTRLog/]: lotr: Player {} is evil due to high evil alignment: {}
[12二月2026 17:17:00.742] [Server thread/DEBUG] [lotr.common.LOTRLog/]: lotr: Player {} is evil due to high evil alignment: {}
[12二月2026 17:17:01.742] [Server thread/DEBUG] [lotr.common.LOTRLog/]: lotr: Player {} is evil due to high evil alignment: {}
[12二月2026 17:17:02.743] [Server thread/DEBUG] [lotr.common.LOTRLog/]: lotr: Player {} is evil due to high evil alignment: {}
[12二月2026 17:17:03.742] [Server thread/DEBUG] [lotr.common.LOTRLog/]: lotr: Player {} is evil due to high evil alignment: {}
[12二月2026 17:17:04.742] [Server thread/DEBUG] [lotr.common.LOTRLog/]: lotr: Player {} is evil due to high evil alignment: {}
[12二月2026 17:17:05.743] [Server thread/DEBUG] [lotr.common.LOTRLog/]: lotr: Player {} is evil due to high evil alignment: {}
[12二月2026 17:17:06.569] [Server thread/DEBUG] [lotr.common.LOTRLog/]: lotr: Sending speechbank lotr:mordor/orc for NPC Baghook,魔多奥克 to player Dev with context SpeechbankContext: conditions = [align=1000.0, biome=BiomeWithTags[biomeName=lotr:morgul_vale, isFactionHomeBiome=true], can_trade=true, day_or_night=DAY, daytime=MORNING, daytime_phase=0.3664825, drunk=false, fleeing=false, gender=M, health=HIGH, hired=NONE, hour=8.79558, in_combat=false, in_conversation=NONE, lunar_eclipse=false, moon_phase=FULL, mounted=false, personality=PersonalityTraits[proud, nervous, anxious, rough, rude, normal, loud, clever, insane, excitable], player_drunk=false, player_gender_pref=M, player_health=FULL, player_hunger=FULL, player_mounted=false, pledge=null, pledge_relation=NONE, rank=lotr.mordor.rank.captain, relation=FRIENDLY, stargazing=false, sun_admiring=false, thunder=false, underground=false, weather=CLEAR], replaceable variables = [player=Dev]
[12二月2026 17:17:06.579] [Render thread/DEBUG] [lotr.common.LOTRLog/]: lotr: Received speechbank lotr:mordor/orc for NPC Baghook,魔多奥克 with context SpeechbankContext: conditions = [align=1000.0, biome=BiomeWithTags[biomeName=lotr:morgul_vale, isFactionHomeBiome=true], can_trade=true, day_or_night=DAY, daytime=MORNING, daytime_phase=0.3664825, drunk=false, fleeing=false, gender=M, health=HIGH, hired=NONE, hour=8.79558, in_combat=false, in_conversation=NONE, lunar_eclipse=false, moon_phase=FULL, mounted=false, personality=PersonalityTraits[proud, nervous, anxious, rough, rude, normal, loud, clever, insane, excitable], player_drunk=false, player_gender_pref=M, player_health=FULL, player_hunger=FULL, player_mounted=false, pledge=null, pledge_relation=NONE, rank=lotr.mordor.rank.captain, relation=FRIENDLY, stargazing=false, sun_admiring=false, thunder=false, underground=false, weather=CLEAR], replaceable variables = [player=Dev]
[12二月2026 17:17:06.742] [Server thread/DEBUG] [lotr.common.LOTRLog/]: lotr: Player {} is evil due to high evil alignment: {}
[12二月2026 17:17:07.742] [Server thread/DEBUG] [lotr.common.LOTRLog/]: lotr: Player {} is evil due to high evil alignment: {}
[12二月2026 17:17:08.742] [Server thread/DEBUG] [lotr.common.LOTRLog/]: lotr: Player {} is evil due to high evil alignment: {}
[12二月2026 17:17:09.743] [Server thread/DEBUG] [lotr.common.LOTRLog/]: lotr: Player {} is evil due to high evil alignment: {}
[12二月2026 17:17:10.742] [Server thread/DEBUG] [lotr.common.LOTRLog/]: lotr: Player {} is evil due to high evil alignment: {}
[12二月2026 17:17:11.742] [Server thread/DEBUG] [lotr.common.LOTRLog/]: lotr: Player {} is evil due to high evil alignment: {}
[12二月2026 17:17:17.744] [Server thread/DEBUG] [lotr.common.LOTRLog/]: lotr: Player {} is evil due to high evil alignment: {}
[12二月2026 17:17:18.742] [Server thread/DEBUG] [lotr.common.LOTRLog/]: lotr: Player {} is evil due to high evil alignment: {}
[12二月2026 17:17:19.743] [Server thread/DEBUG] [lotr.common.LOTRLog/]: lotr: Player {} is evil due to high evil alignment: {}
[12二月2026 17:17:20.743] [Server thread/DEBUG] [lotr.common.LOTRLog/]: lotr: Player {} is evil due to high evil alignment: {}
[12二月2026 17:17:21.744] [Server thread/DEBUG] [lotr.common.LOTRLog/]: lotr: Player {} is evil due to high evil alignment: {}
[12二月2026 17:17:22.742] [Server thread/DEBUG] [lotr.common.LOTRLog/]: lotr: Player {} is evil due to high evil alignment: {}
[12二月2026 17:17:22.804] [Server thread/INFO] [net.minecraft.server.MinecraftServer/]: [Dev: 游戏规则keepInventory已被设为：true]
[12二月2026 17:17:22.806] [Render thread/INFO] [net.minecraft.client.gui.NewChatGui/]: [CHAT] 游戏规则keepInventory已被设为：true
[12二月2026 17:17:23.742] [Server thread/DEBUG] [lotr.common.LOTRLog/]: lotr: Player {} is evil due to high evil alignment: {}
[12二月2026 17:17:24.742] [Server thread/DEBUG] [lotr.common.LOTRLog/]: lotr: Player {} is evil due to high evil alignment: {}
[12二月2026 17:17:25.744] [Server thread/DEBUG] [lotr.common.LOTRLog/]: lotr: Player {} is evil due to high evil alignment: {}
[12二月2026 17:17:26.743] [Server thread/DEBUG] [lotr.common.LOTRLog/]: lotr: Player {} is evil due to high evil alignment: {}
[12二月2026 17:17:27.742] [Server thread/DEBUG] [lotr.common.LOTRLog/]: lotr: Player {} is evil due to high evil alignment: {}
[12二月2026 17:17:28.196] [Server thread/INFO] [net.minecraft.server.MinecraftServer/]: [Dev: 你的游戏模式已被设置为生存模式 ]
[12二月2026 17:17:28.200] [Render thread/INFO] [net.minecraft.client.gui.NewChatGui/]: [CHAT] 你的游戏模式已被设置为生存模式 
[12二月2026 17:17:28.743] [Server thread/DEBUG] [lotr.common.LOTRLog/]: lotr: Player {} is evil due to high evil alignment: {}
[12二月2026 17:17:29.742] [Server thread/DEBUG] [lotr.common.LOTRLog/]: lotr: Player {} is evil due to high evil alignment: {}
[12二月2026 17:17:30.743] [Server thread/DEBUG] [lotr.common.LOTRLog/]: lotr: Player {} is evil due to high evil alignment: {}
[12二月2026 17:17:31.742] [Server thread/DEBUG] [lotr.common.LOTRLog/]: lotr: Player {} is evil due to high evil alignment: {}
[12二月2026 17:17:32.743] [Server thread/DEBUG] [lotr.common.LOTRLog/]: lotr: Player {} is evil due to high evil alignment: {}
[12二月2026 17:17:33.742] [Server thread/DEBUG] [lotr.common.LOTRLog/]: lotr: Player {} is evil due to high evil alignment: {}
[12二月2026 17:17:34.742] [Server thread/DEBUG] [lotr.common.LOTRLog/]: lotr: Player {} is evil due to high evil alignment: {}
[12二月2026 17:17:35.743] [Server thread/DEBUG] [lotr.common.LOTRLog/]: lotr: Player {} is evil due to high evil alignment: {}
[12二月2026 17:17:36.743] [Server thread/DEBUG] [lotr.common.LOTRLog/]: lotr: Player {} is evil due to high evil alignment: {}
[12二月2026 17:17:37.743] [Server thread/DEBUG] [lotr.common.LOTRLog/]: lotr: Player {} is evil due to high evil alignment: {}
[12二月2026 17:17:38.744] [Server thread/DEBUG] [lotr.common.LOTRLog/]: lotr: Player {} is evil due to high evil alignment: {}
[12二月2026 17:17:39.743] [Server thread/DEBUG] [lotr.common.LOTRLog/]: lotr: Player {} is evil due to high evil alignment: {}
[12二月2026 17:17:40.742] [Server thread/DEBUG] [lotr.common.LOTRLog/]: lotr: Player {} is evil due to high evil alignment: {}
[12二月2026 17:17:40.744] [Server thread/INFO] [net.minecraft.server.MinecraftServer/]: 精灵宝钻驱散了你邪恶的灵魂！
[12二月2026 17:17:40.746] [Render thread/INFO] [net.minecraft.client.gui.NewChatGui/]: [CHAT] 精灵宝钻驱散了你邪恶的灵魂！
[12二月2026 17:17:41.743] [Server thread/DEBUG] [lotr.common.LOTRLog/]: lotr: Player {} is evil due to high evil alignment: {}
[12二月2026 17:17:41.960] [Server thread/INFO] [net.minecraft.server.integrated.IntegratedServer/]: Saving and pausing game...
[12二月2026 17:17:41.965] [Server thread/INFO] [net.minecraft.server.MinecraftServer/]: Saving chunks for level 'ServerLevel[新的世界]'/minecraft:overworld
[12二月2026 17:17:42.039] [Render thread/WARN] [net.minecraft.client.network.play.ClientPlayNetHandler/]: Received passengers for unknown entity
[12二月2026 17:17:42.179] [Server thread/INFO] [net.minecraft.server.MinecraftServer/]: Saving chunks for level 'ServerLevel[新的世界]'/minecraft:the_nether
[12二月2026 17:17:42.180] [Server thread/INFO] [net.minecraft.server.MinecraftServer/]: Saving chunks for level 'ServerLevel[新的世界]'/minecraft:the_end
[12二月2026 17:17:42.181] [Server thread/INFO] [net.minecraft.server.MinecraftServer/]: Saving chunks for level 'ServerLevel[新的世界]'/lotr:middle_earth
[12二月2026 17:17:42.462] [Server thread/DEBUG] [net.minecraftforge.fml.FMLWorldPersistenceHook/WP]: Gathering id map for writing to world save 新的世界
[12二月2026 17:17:42.466] [Server thread/DEBUG] [net.minecraftforge.fml.FMLWorldPersistenceHook/WP]: ID Map collection complete 新的世界
[12二月2026 17:17:42.792] [Server thread/DEBUG] [lotr.common.LOTRLog/]: lotr: Player {} is evil due to high evil alignment: {}
[12二月2026 17:17:43.793] [Server thread/DEBUG] [lotr.common.LOTRLog/]: lotr: Player {} is evil due to high evil alignment: {}
[12二月2026 17:17:44.795] [Server thread/DEBUG] [lotr.common.LOTRLog/]: lotr: Player {} is evil due to high evil alignment: {}
[12二月2026 17:17:45.794] [Server thread/DEBUG] [lotr.common.LOTRLog/]: lotr: Player {} is evil due to high evil alignment: {}
[12二月2026 17:17:46.794] [Server thread/DEBUG] [lotr.common.LOTRLog/]: lotr: Player {} is evil due to high evil alignment: {}
[12二月2026 17:17:47.793] [Server thread/DEBUG] [lotr.common.LOTRLog/]: lotr: Player {} is evil due to high evil alignment: {}
[12二月2026 17:17:48.793] [Server thread/DEBUG] [lotr.common.LOTRLog/]: lotr: Player {} is evil due to high evil alignment: {}
[12二月2026 17:17:49.794] [Server thread/DEBUG] [lotr.common.LOTRLog/]: lotr: Player {} is evil due to high evil alignment: {}
[12二月2026 17:17:50.413] [Server thread/INFO] [net.minecraft.server.MinecraftServer/]: [Dev: 你的游戏模式已被设置为创造模式 ]
[12二月2026 17:17:50.415] [Render thread/INFO] [net.minecraft.client.gui.NewChatGui/]: [CHAT] 你的游戏模式已被设置为创造模式 
[12二月2026 17:17:50.794] [Server thread/DEBUG] [lotr.common.LOTRLog/]: lotr: Player {} is evil due to high evil alignment: {}
[12二月2026 17:17:51.794] [Server thread/DEBUG] [lotr.common.LOTRLog/]: lotr: Player {} is evil due to high evil alignment: {}
[12二月2026 17:17:52.794] [Server thread/DEBUG] [lotr.common.LOTRLog/]: lotr: Player {} is evil due to high evil alignment: {}
[12二月2026 17:17:53.794] [Server thread/DEBUG] [lotr.common.LOTRLog/]: lotr: Player {} is evil due to high evil alignment: {}
[12二月2026 17:17:54.794] [Server thread/DEBUG] [lotr.common.LOTRLog/]: lotr: Player {} is evil due to high evil alignment: {}
[12二月2026 17:17:55.793] [Server thread/DEBUG] [lotr.common.LOTRLog/]: lotr: Player {} is evil due to high evil alignment: {}
[12二月2026 17:17:56.793] [Server thread/DEBUG] [lotr.common.LOTRLog/]: lotr: Player {} is evil due to high evil alignment: {}
[12二月2026 17:17:57.795] [Server thread/DEBUG] [lotr.common.LOTRLog/]: lotr: Player {} is evil due to high evil alignment: {}
[12二月2026 17:17:58.793] [Server thread/DEBUG] [lotr.common.LOTRLog/]: lotr: Player {} is evil due to high evil alignment: {}
[12二月2026 17:17:59.793] [Server thread/DEBUG] [lotr.common.LOTRLog/]: lotr: Player {} is evil due to high evil alignment: {}
[12二月2026 17:18:00.828] [Server thread/DEBUG] [lotr.common.LOTRLog/]: lotr: Player {} is evil due to high evil alignment: {}
[12二月2026 17:18:01.799] [Server thread/DEBUG] [lotr.common.LOTRLog/]: lotr: Player {} is evil due to high evil alignment: {}
[12二月2026 17:18:02.802] [Server thread/DEBUG] [lotr.common.LOTRLog/]: lotr: Player {} is evil due to high evil alignment: {}
[12二月2026 17:18:03.803] [Server thread/DEBUG] [lotr.common.LOTRLog/]: lotr: Player {} is evil due to high evil alignment: {}
[12二月2026 17:18:04.798] [Server thread/DEBUG] [lotr.common.LOTRLog/]: lotr: Player {} is evil due to high evil alignment: {}
[12二月2026 17:18:05.799] [Server thread/DEBUG] [lotr.common.LOTRLog/]: lotr: Player {} is evil due to high evil alignment: {}
[12二月2026 17:18:06.799] [Server thread/DEBUG] [lotr.common.LOTRLog/]: lotr: Player {} is evil due to high evil alignment: {}
[12二月2026 17:18:07.799] [Server thread/DEBUG] [lotr.common.LOTRLog/]: lotr: Player {} is evil due to high evil alignment: {}
[12二月2026 17:18:08.799] [Server thread/DEBUG] [lotr.common.LOTRLog/]: lotr: Player {} is evil due to high evil alignment: {}
[12二月2026 17:18:09.797] [Server thread/DEBUG] [lotr.common.LOTRLog/]: lotr: Player {} is evil due to high evil alignment: {}
[12二月2026 17:18:10.798] [Server thread/DEBUG] [lotr.common.LOTRLog/]: lotr: Player {} is evil due to high evil alignment: {}
[12二月2026 17:18:11.798] [Server thread/DEBUG] [lotr.common.LOTRLog/]: lotr: Player {} is evil due to high evil alignment: {}
[12二月2026 17:18:12.799] [Server thread/DEBUG] [lotr.common.LOTRLog/]: lotr: Player {} is evil due to high evil alignment: {}
[12二月2026 17:18:13.798] [Server thread/DEBUG] [lotr.common.LOTRLog/]: lotr: Player {} is evil due to high evil alignment: {}
[12二月2026 17:18:14.798] [Server thread/DEBUG] [lotr.common.LOTRLog/]: lotr: Player {} is evil due to high evil alignment: {}
[12二月2026 17:18:15.795] [Server thread/DEBUG] [lotr.common.LOTRLog/]: lotr: Player {} is evil due to high evil alignment: {}
[12二月2026 17:18:16.796] [Server thread/DEBUG] [lotr.common.LOTRLog/]: lotr: Player {} is evil due to high evil alignment: {}
[12二月2026 17:18:17.796] [Server thread/DEBUG] [lotr.common.LOTRLog/]: lotr: Player {} is evil due to high evil alignment: {}
[12二月2026 17:18:18.795] [Server thread/DEBUG] [lotr.common.LOTRLog/]: lotr: Player {} is evil due to high evil alignment: {}
[12二月2026 17:18:19.797] [Server thread/DEBUG] [lotr.common.LOTRLog/]: lotr: Player {} is evil due to high evil alignment: {}
[12二月2026 17:18:20.796] [Server thread/DEBUG] [lotr.common.LOTRLog/]: lotr: Player {} is evil due to high evil alignment: {}
[12二月2026 17:18:21.795] [Server thread/DEBUG] [lotr.common.LOTRLog/]: lotr: Player {} is evil due to high evil alignment: {}
[12二月2026 17:18:22.794] [Server thread/DEBUG] [lotr.common.LOTRLog/]: lotr: Player {} is evil due to high evil alignment: {}
[12二月2026 17:18:23.796] [Server thread/DEBUG] [lotr.common.LOTRLog/]: lotr: Player {} is evil due to high evil alignment: {}
[12二月2026 17:18:24.767] [Server thread/INFO] [net.minecraft.server.MinecraftServer/]: [Dev: 将Dev的魔多结盟值设置为0.0]
[12二月2026 17:18:24.778] [Render thread/INFO] [net.minecraft.client.gui.NewChatGui/]: [CHAT] 将Dev的魔多结盟值设置为0.0
[12二月2026 17:18:40.820] [Server thread/INFO] [net.minecraft.server.MinecraftServer/]: [Dev: 将Dev的高等精灵结盟值设置为1000.0]
[12二月2026 17:18:40.823] [Render thread/INFO] [net.minecraft.client.gui.NewChatGui/]: [CHAT] 将Dev的高等精灵结盟值设置为1000.0
[12二月2026 17:18:47.097] [Server thread/DEBUG] [net.minecraftforge.fml.FMLWorldPersistenceHook/WP]: Gathering id map for writing to world save 新的世界
[12二月2026 17:18:47.101] [Server thread/DEBUG] [net.minecraftforge.fml.FMLWorldPersistenceHook/WP]: ID Map collection complete 新的世界
[12二月2026 17:18:49.912] [Server thread/INFO] [net.minecraft.server.MinecraftServer/]: [Dev: 你的游戏模式已被设置为生存模式 ]
[12二月2026 17:18:49.916] [Render thread/INFO] [net.minecraft.client.gui.NewChatGui/]: [CHAT] 你的游戏模式已被设置为生存模式 
[12二月2026 17:19:11.884] [Server thread/INFO] [net.minecraft.server.MinecraftServer/]: [Dev: 召唤了新的Meril,幽谷战士]
[12二月2026 17:19:11.889] [Render thread/INFO] [net.minecraft.client.gui.NewChatGui/]: [CHAT] 召唤了新的Meril,幽谷战士
[12二月2026 17:19:14.062] [Server thread/DEBUG] [lotr.common.LOTRLog/]: lotr: Sending speechbank lotr:high_elves/rivendell/warrior for NPC Meril,幽谷战士 to player Dev with context SpeechbankContext: conditions = [align=1000.0, biome=BiomeWithTags[biomeName=lotr:shire, isFactionHomeBiome=false], can_trade=true, day_or_night=DAY, daytime=MORNING, daytime_phase=0.4137261, drunk=false, fleeing=false, gender=F, health=FULL, hired=NONE, hour=9.929426, in_combat=false, in_conversation=NONE, lunar_eclipse=false, moon_phase=FULL, mounted=false, personality=PersonalityTraits[modest, nervous, anxious, polite, friendly, normal, quiet, clever, wise, excitable], player_drunk=false, player_gender_pref=M, player_health=HIGH, player_hunger=HIGH, player_mounted=false, pledge=null, pledge_relation=NONE, rank=lotr.high_elves.rank.noble, relation=FRIENDLY, stargazing=false, sun_admiring=false, thunder=false, underground=false, weather=CLEAR], replaceable variables = [player=Dev]
[12二月2026 17:19:14.073] [Render thread/DEBUG] [lotr.common.LOTRLog/]: lotr: Received speechbank lotr:high_elves/rivendell/warrior for NPC Meril,幽谷战士 with context SpeechbankContext: conditions = [align=1000.0, biome=BiomeWithTags[biomeName=lotr:shire, isFactionHomeBiome=false], can_trade=true, day_or_night=DAY, daytime=MORNING, daytime_phase=0.4137261, drunk=false, fleeing=false, gender=F, health=FULL, hired=NONE, hour=9.929426, in_combat=false, in_conversation=NONE, lunar_eclipse=false, moon_phase=FULL, mounted=false, personality=PersonalityTraits[modest, nervous, anxious, polite, friendly, normal, quiet, clever, wise, excitable], player_drunk=false, player_gender_pref=M, player_health=HIGH, player_hunger=HIGH, player_mounted=false, pledge=null, pledge_relation=NONE, rank=lotr.high_elves.rank.noble, relation=FRIENDLY, stargazing=false, sun_admiring=false, thunder=false, underground=false, weather=CLEAR], replaceable variables = [player=Dev]
[12二月2026 17:19:14.073] [Render thread/WARN] [lotr.common.LOTRLog/]: lotr: Couldn't find translatable resource file lotr:speech/high_elves/rivendell/warrior for current language zh_cn - fallback to en_us
[12二月2026 17:19:14.073] [Render thread/ERROR] [lotr.common.LOTRLog/]: lotr: Failed to load resource file lotr:speech/high_elves/rivendell/warrior/en_us.json!
[12二月2026 17:19:14.073] [Render thread/INFO] [STDERR/]: [lotr.client.text.TranslatableTextReloadListener:loadTextResource:81]: java.io.FileNotFoundException: lotr:speech/high_elves/rivendell/warrior/en_us.json
[12二月2026 17:19:14.073] [Render thread/INFO] [STDERR/]: [lotr.client.text.TranslatableTextReloadListener:loadTextResource:81]: 	at net.minecraft.resources.FallbackResourceManager.getResource(FallbackResourceManager.java:63)
[12二月2026 17:19:14.073] [Render thread/INFO] [STDERR/]: [lotr.client.text.TranslatableTextReloadListener:loadTextResource:81]: 	at net.minecraft.resources.SimpleReloadableResourceManager.getResource(SimpleReloadableResourceManager.java:61)
[12二月2026 17:19:14.073] [Render thread/INFO] [STDERR/]: [lotr.client.text.TranslatableTextReloadListener:loadTextResource:81]: 	at lotr.client.text.TranslatableTextReloadListener.loadTextResource(TranslatableTextReloadListener.java:66)
[12二月2026 17:19:14.073] [Render thread/INFO] [STDERR/]: [lotr.client.text.TranslatableTextReloadListener:loadTextResource:81]: 	at lotr.client.text.TranslatableTextReloadListener.lambda$getOrLoadTextResource$0(TranslatableTextReloadListener.java:46)
[12二月2026 17:19:14.073] [Render thread/INFO] [STDERR/]: [lotr.client.text.TranslatableTextReloadListener:loadTextResource:81]: 	at java.util.HashMap.computeIfAbsent(HashMap.java:1128)
[12二月2026 17:19:14.073] [Render thread/INFO] [STDERR/]: [lotr.client.text.TranslatableTextReloadListener:loadTextResource:81]: 	at lotr.client.text.TranslatableTextReloadListener.getOrLoadTextResource(TranslatableTextReloadListener.java:46)
[12二月2026 17:19:14.073] [Render thread/INFO] [STDERR/]: [lotr.client.text.TranslatableTextReloadListener:loadTextResource:81]: 	at lotr.client.text.TranslatableTextReloadListener.getOrLoadTextResource(TranslatableTextReloadListener.java:40)
[12二月2026 17:19:14.073] [Render thread/INFO] [STDERR/]: [lotr.client.text.TranslatableTextReloadListener:loadTextResource:81]: 	at lotr.client.speech.SpeechbankResourceManager.getSpeechbank(SpeechbankResourceManager.java:34)
[12二月2026 17:19:14.073] [Render thread/INFO] [STDERR/]: [lotr.client.text.TranslatableTextReloadListener:loadTextResource:81]: 	at lotr.client.speech.NPCSpeechReceiver.getSpeechbank(NPCSpeechReceiver.java:80)
[12二月2026 17:19:14.073] [Render thread/INFO] [STDERR/]: [lotr.client.text.TranslatableTextReloadListener:loadTextResource:81]: 	at lotr.client.speech.NPCSpeechReceiver.getSpeechbankLine(NPCSpeechReceiver.java:73)
[12二月2026 17:19:14.073] [Render thread/INFO] [STDERR/]: [lotr.client.text.TranslatableTextReloadListener:loadTextResource:81]: 	at lotr.client.speech.NPCSpeechReceiver.addSpeechMessage(NPCSpeechReceiver.java:57)
[12二月2026 17:19:14.074] [Render thread/INFO] [STDERR/]: [lotr.client.text.TranslatableTextReloadListener:loadTextResource:81]: 	at lotr.client.speech.NPCSpeechReceiver.receiveSpeech(NPCSpeechReceiver.java:40)
[12二月2026 17:19:14.074] [Render thread/INFO] [STDERR/]: [lotr.client.text.TranslatableTextReloadListener:loadTextResource:81]: 	at lotr.client.LOTRClientProxy.receiveSpeechbankPacket(LOTRClientProxy.java:303)
[12二月2026 17:19:14.074] [Render thread/INFO] [STDERR/]: [lotr.client.text.TranslatableTextReloadListener:loadTextResource:81]: 	at lotr.common.network.SPacketSpeechbank.handle(SPacketSpeechbank.java:56)
[12二月2026 17:19:14.074] [Render thread/INFO] [STDERR/]: [lotr.client.text.TranslatableTextReloadListener:loadTextResource:81]: 	at net.minecraftforge.fml.network.simple.IndexedMessageCodec.lambda$tryDecode$3(IndexedMessageCodec.java:114)
[12二月2026 17:19:14.074] [Render thread/INFO] [STDERR/]: [lotr.client.text.TranslatableTextReloadListener:loadTextResource:81]: 	at java.util.Optional.ifPresent(Optional.java:159)
[12二月2026 17:19:14.074] [Render thread/INFO] [STDERR/]: [lotr.client.text.TranslatableTextReloadListener:loadTextResource:81]: 	at net.minecraftforge.fml.network.simple.IndexedMessageCodec.tryDecode(IndexedMessageCodec.java:114)
[12二月2026 17:19:14.074] [Render thread/INFO] [STDERR/]: [lotr.client.text.TranslatableTextReloadListener:loadTextResource:81]: 	at net.minecraftforge.fml.network.simple.IndexedMessageCodec.consume(IndexedMessageCodec.java:148)
[12二月2026 17:19:14.074] [Render thread/INFO] [STDERR/]: [lotr.client.text.TranslatableTextReloadListener:loadTextResource:81]: 	at net.minecraftforge.fml.network.simple.SimpleChannel.networkEventListener(SimpleChannel.java:66)
[12二月2026 17:19:14.074] [Render thread/INFO] [STDERR/]: [lotr.client.text.TranslatableTextReloadListener:loadTextResource:81]: 	at net.minecraftforge.eventbus.EventBus.doCastFilter(EventBus.java:247)
[12二月2026 17:19:14.074] [Render thread/INFO] [STDERR/]: [lotr.client.text.TranslatableTextReloadListener:loadTextResource:81]: 	at net.minecraftforge.eventbus.EventBus.lambda$addListener$11(EventBus.java:239)
[12二月2026 17:19:14.075] [Render thread/INFO] [STDERR/]: [lotr.client.text.TranslatableTextReloadListener:loadTextResource:81]: 	at net.minecraftforge.eventbus.EventBus.post(EventBus.java:302)
[12二月2026 17:19:14.075] [Render thread/INFO] [STDERR/]: [lotr.client.text.TranslatableTextReloadListener:loadTextResource:81]: 	at net.minecraftforge.eventbus.EventBus.post(EventBus.java:283)
[12二月2026 17:19:14.075] [Render thread/INFO] [STDERR/]: [lotr.client.text.TranslatableTextReloadListener:loadTextResource:81]: 	at net.minecraftforge.fml.network.NetworkInstance.dispatch(NetworkInstance.java:72)
[12二月2026 17:19:14.076] [Render thread/INFO] [STDERR/]: [lotr.client.text.TranslatableTextReloadListener:loadTextResource:81]: 	at net.minecraftforge.fml.network.NetworkHooks.lambda$onCustomPayload$1(NetworkHooks.java:77)
[12二月2026 17:19:14.076] [Render thread/INFO] [STDERR/]: [lotr.client.text.TranslatableTextReloadListener:loadTextResource:81]: 	at java.util.Optional.map(Optional.java:215)
[12二月2026 17:19:14.076] [Render thread/INFO] [STDERR/]: [lotr.client.text.TranslatableTextReloadListener:loadTextResource:81]: 	at net.minecraftforge.fml.network.NetworkHooks.onCustomPayload(NetworkHooks.java:77)
[12二月2026 17:19:14.076] [Render thread/INFO] [STDERR/]: [lotr.client.text.TranslatableTextReloadListener:loadTextResource:81]: 	at net.minecraft.client.network.play.ClientPlayNetHandler.handleCustomPayload(ClientPlayNetHandler.java:1905)
[12二月2026 17:19:14.076] [Render thread/INFO] [STDERR/]: [lotr.client.text.TranslatableTextReloadListener:loadTextResource:81]: 	at net.minecraft.network.play.server.SCustomPayloadPlayPacket.handle(SCustomPayloadPlayPacket.java:59)
[12二月2026 17:19:14.076] [Render thread/INFO] [STDERR/]: [lotr.client.text.TranslatableTextReloadListener:loadTextResource:81]: 	at net.minecraft.network.play.server.SCustomPayloadPlayPacket.handle(SCustomPayloadPlayPacket.java:11)
[12二月2026 17:19:14.076] [Render thread/INFO] [STDERR/]: [lotr.client.text.TranslatableTextReloadListener:loadTextResource:81]: 	at net.minecraft.network.PacketThreadUtil.lambda$ensureRunningOnSameThread$0(PacketThreadUtil.java:19)
[12二月2026 17:19:14.076] [Render thread/INFO] [STDERR/]: [lotr.client.text.TranslatableTextReloadListener:loadTextResource:81]: 	at net.minecraft.util.concurrent.ThreadTaskExecutor.doRunTask(ThreadTaskExecutor.java:136)
[12二月2026 17:19:14.076] [Render thread/INFO] [STDERR/]: [lotr.client.text.TranslatableTextReloadListener:loadTextResource:81]: 	at net.minecraft.util.concurrent.RecursiveEventLoop.doRunTask(RecursiveEventLoop.java:22)
[12二月2026 17:19:14.076] [Render thread/INFO] [STDERR/]: [lotr.client.text.TranslatableTextReloadListener:loadTextResource:81]: 	at net.minecraft.util.concurrent.ThreadTaskExecutor.pollTask(ThreadTaskExecutor.java:109)
[12二月2026 17:19:14.076] [Render thread/INFO] [STDERR/]: [lotr.client.text.TranslatableTextReloadListener:loadTextResource:81]: 	at net.minecraft.util.concurrent.ThreadTaskExecutor.runAllTasks(ThreadTaskExecutor.java:97)
[12二月2026 17:19:14.076] [Render thread/INFO] [STDERR/]: [lotr.client.text.TranslatableTextReloadListener:loadTextResource:81]: 	at net.minecraft.client.Minecraft.runTick(Minecraft.java:948)
[12二月2026 17:19:14.076] [Render thread/INFO] [STDERR/]: [lotr.client.text.TranslatableTextReloadListener:loadTextResource:81]: 	at net.minecraft.client.Minecraft.run(Minecraft.java:607)
[12二月2026 17:19:14.076] [Render thread/INFO] [STDERR/]: [lotr.client.text.TranslatableTextReloadListener:loadTextResource:81]: 	at net.minecraft.client.main.Main.main(Main.java:184)
[12二月2026 17:19:14.076] [Render thread/INFO] [STDERR/]: [lotr.client.text.TranslatableTextReloadListener:loadTextResource:81]: 	at sun.reflect.NativeMethodAccessorImpl.invoke0(Native Method)
[12二月2026 17:19:14.076] [Render thread/INFO] [STDERR/]: [lotr.client.text.TranslatableTextReloadListener:loadTextResource:81]: 	at sun.reflect.NativeMethodAccessorImpl.invoke(NativeMethodAccessorImpl.java:62)
[12二月2026 17:19:14.076] [Render thread/INFO] [STDERR/]: [lotr.client.text.TranslatableTextReloadListener:loadTextResource:81]: 	at sun.reflect.DelegatingMethodAccessorImpl.invoke(DelegatingMethodAccessorImpl.java:43)
[12二月2026 17:19:14.076] [Render thread/INFO] [STDERR/]: [lotr.client.text.TranslatableTextReloadListener:loadTextResource:81]: 	at java.lang.reflect.Method.invoke(Method.java:498)
[12二月2026 17:19:14.076] [Render thread/INFO] [STDERR/]: [lotr.client.text.TranslatableTextReloadListener:loadTextResource:81]: 	at net.minecraftforge.userdev.FMLUserdevClientLaunchProvider.lambda$launchService$0(FMLUserdevClientLaunchProvider.java:38)
[12二月2026 17:19:14.076] [Render thread/INFO] [STDERR/]: [lotr.client.text.TranslatableTextReloadListener:loadTextResource:81]: 	at cpw.mods.modlauncher.LaunchServiceHandlerDecorator.launch(LaunchServiceHandlerDecorator.java:37)
[12二月2026 17:19:14.076] [Render thread/INFO] [STDERR/]: [lotr.client.text.TranslatableTextReloadListener:loadTextResource:81]: 	at cpw.mods.modlauncher.LaunchServiceHandler.launch(LaunchServiceHandler.java:54)
[12二月2026 17:19:14.076] [Render thread/INFO] [STDERR/]: [lotr.client.text.TranslatableTextReloadListener:loadTextResource:81]: 	at cpw.mods.modlauncher.LaunchServiceHandler.launch(LaunchServiceHandler.java:72)
[12二月2026 17:19:14.076] [Render thread/INFO] [STDERR/]: [lotr.client.text.TranslatableTextReloadListener:loadTextResource:81]: 	at cpw.mods.modlauncher.Launcher.run(Launcher.java:82)
[12二月2026 17:19:14.077] [Render thread/INFO] [STDERR/]: [lotr.client.text.TranslatableTextReloadListener:loadTextResource:81]: 	at cpw.mods.modlauncher.Launcher.main(Launcher.java:66)
[12二月2026 17:19:14.077] [Render thread/INFO] [STDERR/]: [lotr.client.text.TranslatableTextReloadListener:loadTextResource:81]: 	at net.minecraftforge.userdev.LaunchTesting.main(LaunchTesting.java:94)
[12二月2026 17:19:19.162] [Server thread/DEBUG] [lotr.common.LOTRLog/]: lotr: Sending speechbank lotr:high_elves/rivendell/warrior for NPC Meril,幽谷战士 to player Dev with context SpeechbankContext: conditions = [align=1000.0, biome=BiomeWithTags[biomeName=lotr:shire, isFactionHomeBiome=false], can_trade=true, day_or_night=DAY, daytime=MORNING, daytime_phase=0.41552806, drunk=false, fleeing=false, gender=F, health=FULL, hired=NONE, hour=9.972673, in_combat=false, in_conversation=NONE, lunar_eclipse=false, moon_phase=FULL, mounted=false, personality=PersonalityTraits[modest, nervous, anxious, polite, friendly, normal, quiet, clever, wise, excitable], player_drunk=false, player_gender_pref=M, player_health=HIGH, player_hunger=HIGH, player_mounted=false, pledge=null, pledge_relation=NONE, rank=lotr.high_elves.rank.noble, relation=FRIENDLY, stargazing=false, sun_admiring=false, thunder=false, underground=false, weather=CLEAR], replaceable variables = [player=Dev]
[12二月2026 17:19:19.172] [Render thread/DEBUG] [lotr.common.LOTRLog/]: lotr: Received speechbank lotr:high_elves/rivendell/warrior for NPC Meril,幽谷战士 with context SpeechbankContext: conditions = [align=1000.0, biome=BiomeWithTags[biomeName=lotr:shire, isFactionHomeBiome=false], can_trade=true, day_or_night=DAY, daytime=MORNING, daytime_phase=0.41552806, drunk=false, fleeing=false, gender=F, health=FULL, hired=NONE, hour=9.972673, in_combat=false, in_conversation=NONE, lunar_eclipse=false, moon_phase=FULL, mounted=false, personality=PersonalityTraits[modest, nervous, anxious, polite, friendly, normal, quiet, clever, wise, excitable], player_drunk=false, player_gender_pref=M, player_health=HIGH, player_hunger=HIGH, player_mounted=false, pledge=null, pledge_relation=NONE, rank=lotr.high_elves.rank.noble, relation=FRIENDLY, stargazing=false, sun_admiring=false, thunder=false, underground=false, weather=CLEAR], replaceable variables = [player=Dev]
[12二月2026 17:19:24.112] [Server thread/DEBUG] [lotr.common.LOTRLog/]: lotr: Sending speechbank lotr:high_elves/rivendell/warrior for NPC Meril,幽谷战士 to player Dev with context SpeechbankContext: conditions = [align=1000.0, biome=BiomeWithTags[biomeName=lotr:shire, isFactionHomeBiome=false], can_trade=true, day_or_night=DAY, daytime=MORNING, daytime_phase=0.41727042, drunk=false, fleeing=false, gender=F, health=FULL, hired=NONE, hour=10.01449, in_combat=false, in_conversation=SAME, lunar_eclipse=false, moon_phase=FULL, mounted=false, personality=PersonalityTraits[modest, nervous, anxious, polite, friendly, normal, quiet, clever, wise, excitable], player_drunk=false, player_gender_pref=M, player_health=HIGH, player_hunger=HIGH, player_mounted=false, pledge=null, pledge_relation=NONE, rank=lotr.high_elves.rank.noble, relation=FRIENDLY, stargazing=false, sun_admiring=false, thunder=false, underground=false, weather=CLEAR], replaceable variables = [player=Dev]
[12二月2026 17:19:24.122] [Render thread/DEBUG] [lotr.common.LOTRLog/]: lotr: Received speechbank lotr:high_elves/rivendell/warrior for NPC Meril,幽谷战士 with context SpeechbankContext: conditions = [align=1000.0, biome=BiomeWithTags[biomeName=lotr:shire, isFactionHomeBiome=false], can_trade=true, day_or_night=DAY, daytime=MORNING, daytime_phase=0.41727042, drunk=false, fleeing=false, gender=F, health=FULL, hired=NONE, hour=10.01449, in_combat=false, in_conversation=SAME, lunar_eclipse=false, moon_phase=FULL, mounted=false, personality=PersonalityTraits[modest, nervous, anxious, polite, friendly, normal, quiet, clever, wise, excitable], player_drunk=false, player_gender_pref=M, player_health=HIGH, player_hunger=HIGH, player_mounted=false, pledge=null, pledge_relation=NONE, rank=lotr.high_elves.rank.noble, relation=FRIENDLY, stargazing=false, sun_admiring=false, thunder=false, underground=false, weather=CLEAR], replaceable variables = [player=Dev]
[12二月2026 17:19:33.911] [Server thread/DEBUG] [lotr.common.LOTRLog/]: lotr: Sending speechbank lotr:high_elves/rivendell/warrior for NPC Meril,幽谷战士 to player Dev with context SpeechbankContext: conditions = [align=1000.0, biome=BiomeWithTags[biomeName=lotr:shire, isFactionHomeBiome=false], can_trade=true, day_or_night=DAY, daytime=MORNING, daytime_phase=0.42070055, drunk=false, fleeing=false, gender=F, health=FULL, hired=NONE, hour=10.096813, in_combat=false, in_conversation=NONE, lunar_eclipse=false, moon_phase=FULL, mounted=false, personality=PersonalityTraits[modest, nervous, anxious, polite, friendly, normal, quiet, clever, wise, excitable], player_drunk=false, player_gender_pref=M, player_health=HIGH, player_hunger=HIGH, player_mounted=false, pledge=null, pledge_relation=NONE, rank=lotr.high_elves.rank.noble, relation=FRIENDLY, stargazing=false, sun_admiring=false, thunder=false, underground=false, weather=CLEAR], replaceable variables = [player=Dev]
[12二月2026 17:19:33.922] [Render thread/DEBUG] [lotr.common.LOTRLog/]: lotr: Received speechbank lotr:high_elves/rivendell/warrior for NPC Meril,幽谷战士 with context SpeechbankContext: conditions = [align=1000.0, biome=BiomeWithTags[biomeName=lotr:shire, isFactionHomeBiome=false], can_trade=true, day_or_night=DAY, daytime=MORNING, daytime_phase=0.42070055, drunk=false, fleeing=false, gender=F, health=FULL, hired=NONE, hour=10.096813, in_combat=false, in_conversation=NONE, lunar_eclipse=false, moon_phase=FULL, mounted=false, personality=PersonalityTraits[modest, nervous, anxious, polite, friendly, normal, quiet, clever, wise, excitable], player_drunk=false, player_gender_pref=M, player_health=HIGH, player_hunger=HIGH, player_mounted=false, pledge=null, pledge_relation=NONE, rank=lotr.high_elves.rank.noble, relation=FRIENDLY, stargazing=false, sun_admiring=false, thunder=false, underground=false, weather=CLEAR], replaceable variables = [player=Dev]
[12二月2026 17:19:36.412] [Server thread/DEBUG] [lotr.common.LOTRLog/]: lotr: Sending speechbank lotr:high_elves/rivendell/warrior for NPC Meril,幽谷战士 to player Dev with context SpeechbankContext: conditions = [align=1000.0, biome=BiomeWithTags[biomeName=lotr:shire, isFactionHomeBiome=false], can_trade=true, day_or_night=DAY, daytime=MORNING, daytime_phase=0.4215715, drunk=false, fleeing=false, gender=F, health=FULL, hired=NONE, hour=10.117716, in_combat=false, in_conversation=SAME, lunar_eclipse=false, moon_phase=FULL, mounted=false, personality=PersonalityTraits[modest, nervous, anxious, polite, friendly, normal, quiet, clever, wise, excitable], player_drunk=false, player_gender_pref=M, player_health=HIGH, player_hunger=HIGH, player_mounted=false, pledge=null, pledge_relation=NONE, rank=lotr.high_elves.rank.noble, relation=FRIENDLY, stargazing=false, sun_admiring=false, thunder=false, underground=false, weather=CLEAR], replaceable variables = [player=Dev]
[12二月2026 17:19:36.422] [Render thread/DEBUG] [lotr.common.LOTRLog/]: lotr: Received speechbank lotr:high_elves/rivendell/warrior for NPC Meril,幽谷战士 with context SpeechbankContext: conditions = [align=1000.0, biome=BiomeWithTags[biomeName=lotr:shire, isFactionHomeBiome=false], can_trade=true, day_or_night=DAY, daytime=MORNING, daytime_phase=0.4215715, drunk=false, fleeing=false, gender=F, health=FULL, hired=NONE, hour=10.117716, in_combat=false, in_conversation=SAME, lunar_eclipse=false, moon_phase=FULL, mounted=false, personality=PersonalityTraits[modest, nervous, anxious, polite, friendly, normal, quiet, clever, wise, excitable], player_drunk=false, player_gender_pref=M, player_health=HIGH, player_hunger=HIGH, player_mounted=false, pledge=null, pledge_relation=NONE, rank=lotr.high_elves.rank.noble, relation=FRIENDLY, stargazing=false, sun_admiring=false, thunder=false, underground=false, weather=CLEAR], replaceable variables = [player=Dev]
[12二月2026 17:19:41.362] [Server thread/DEBUG] [lotr.common.LOTRLog/]: lotr: Sending speechbank lotr:hobbits/hobbit for NPC Dora Sackville,霍比特人 to player Dev with context SpeechbankContext: conditions = [align=0.0, biome=BiomeWithTags[biomeName=lotr:shire, isFactionHomeBiome=true], can_trade=true, day_or_night=DAY, daytime=MORNING, daytime_phase=0.42329073, drunk=false, fleeing=false, gender=F, health=FULL, hired=NONE, hour=10.1589775, in_combat=false, in_conversation=NONE, lunar_eclipse=false, moon_phase=FULL, mounted=false, personality=PersonalityTraits[modest, brave, calm, polite, rude, strange, quiet, stupid, insane, dull], player_drunk=false, player_gender_pref=M, player_health=HIGH, player_hunger=HIGH, player_mounted=false, pledge=null, pledge_relation=NONE, rank=lotr.rank.neutral, relation=FRIENDLY, stargazing=false, sun_admiring=false, thunder=false, underground=false, weather=CLEAR], replaceable variables = [player=Dev]
[12二月2026 17:19:41.372] [Render thread/DEBUG] [lotr.common.LOTRLog/]: lotr: Received speechbank lotr:hobbits/hobbit for NPC Dora Sackville,霍比特人 with context SpeechbankContext: conditions = [align=0.0, biome=BiomeWithTags[biomeName=lotr:shire, isFactionHomeBiome=true], can_trade=true, day_or_night=DAY, daytime=MORNING, daytime_phase=0.42329073, drunk=false, fleeing=false, gender=F, health=FULL, hired=NONE, hour=10.1589775, in_combat=false, in_conversation=NONE, lunar_eclipse=false, moon_phase=FULL, mounted=false, personality=PersonalityTraits[modest, brave, calm, polite, rude, strange, quiet, stupid, insane, dull], player_drunk=false, player_gender_pref=M, player_health=HIGH, player_hunger=HIGH, player_mounted=false, pledge=null, pledge_relation=NONE, rank=lotr.rank.neutral, relation=FRIENDLY, stargazing=false, sun_admiring=false, thunder=false, underground=false, weather=CLEAR], replaceable variables = [player=Dev]
[12二月2026 17:20:01.088] [Server thread/INFO] [net.minecraft.server.MinecraftServer/]: [Dev: 召唤了新的Mordor Warg]
[12二月2026 17:20:01.094] [Render thread/INFO] [net.minecraft.client.gui.NewChatGui/]: [CHAT] 召唤了新的Mordor Warg
[12二月2026 17:20:38.444] [Server thread/INFO] [net.minecraft.server.MinecraftServer/]: [Dev: 召唤了新的Mordor Warg]
[12二月2026 17:20:38.450] [Render thread/INFO] [net.minecraft.client.gui.NewChatGui/]: [CHAT] 召唤了新的Mordor Warg
[12二月2026 17:21:33.461] [Server thread/DEBUG] [lotr.common.LOTRLog/]: lotr: Sending speechbank lotr:high_elves/rivendell/warrior for NPC Meril,幽谷战士 to player Dev with context SpeechbankContext: conditions = [align=1000.0, biome=BiomeWithTags[biomeName=lotr:shire, isFactionHomeBiome=false], can_trade=true, day_or_night=DAY, daytime=MORNING, daytime_phase=0.46042562, drunk=false, fleeing=false, gender=F, health=FULL, hired=NONE, hour=11.050215, in_combat=false, in_conversation=NONE, lunar_eclipse=false, moon_phase=FULL, mounted=false, personality=PersonalityTraits[modest, nervous, anxious, polite, friendly, normal, quiet, clever, wise, excitable], player_drunk=false, player_gender_pref=M, player_health=DANGER, player_hunger=MEDIUM, player_mounted=false, pledge=null, pledge_relation=NONE, rank=lotr.high_elves.rank.noble, relation=FRIENDLY, stargazing=false, sun_admiring=false, thunder=false, underground=false, weather=CLEAR], replaceable variables = [player=Dev]
[12二月2026 17:21:33.472] [Render thread/DEBUG] [lotr.common.LOTRLog/]: lotr: Received speechbank lotr:high_elves/rivendell/warrior for NPC Meril,幽谷战士 with context SpeechbankContext: conditions = [align=1000.0, biome=BiomeWithTags[biomeName=lotr:shire, isFactionHomeBiome=false], can_trade=true, day_or_night=DAY, daytime=MORNING, daytime_phase=0.46042562, drunk=false, fleeing=false, gender=F, health=FULL, hired=NONE, hour=11.050215, in_combat=false, in_conversation=NONE, lunar_eclipse=false, moon_phase=FULL, mounted=false, personality=PersonalityTraits[modest, nervous, anxious, polite, friendly, normal, quiet, clever, wise, excitable], player_drunk=false, player_gender_pref=M, player_health=DANGER, player_hunger=MEDIUM, player_mounted=false, pledge=null, pledge_relation=NONE, rank=lotr.high_elves.rank.noble, relation=FRIENDLY, stargazing=false, sun_admiring=false, thunder=false, underground=false, weather=CLEAR], replaceable variables = [player=Dev]
[12二月2026 17:21:38.877] [Server thread/INFO] [net.minecraft.server.MinecraftServer/]: [Dev: 你的游戏模式已被设置为创造模式 ]
[12二月2026 17:21:38.882] [Render thread/INFO] [net.minecraft.client.gui.NewChatGui/]: [CHAT] 你的游戏模式已被设置为创造模式 
[12二月2026 17:21:41.192] [Server thread/INFO] [net.minecraft.server.integrated.IntegratedServer/]: Saving and pausing game...
[12二月2026 17:21:41.196] [Server thread/INFO] [net.minecraft.server.MinecraftServer/]: Saving chunks for level 'ServerLevel[新的世界]'/minecraft:overworld
[12二月2026 17:21:41.244] [Server thread/INFO] [net.minecraft.server.MinecraftServer/]: Saving chunks for level 'ServerLevel[新的世界]'/minecraft:the_nether
[12二月2026 17:21:41.244] [Server thread/INFO] [net.minecraft.server.MinecraftServer/]: Saving chunks for level 'ServerLevel[新的世界]'/minecraft:the_end
[12二月2026 17:21:41.245] [Server thread/INFO] [net.minecraft.server.MinecraftServer/]: Saving chunks for level 'ServerLevel[新的世界]'/lotr:middle_earth
[12二月2026 17:21:41.396] [Server thread/DEBUG] [net.minecraftforge.fml.FMLWorldPersistenceHook/WP]: Gathering id map for writing to world save 新的世界
[12二月2026 17:21:41.399] [Server thread/DEBUG] [net.minecraftforge.fml.FMLWorldPersistenceHook/WP]: ID Map collection complete 新的世界
[12二月2026 17:21:41.647] [Server thread/INFO] [net.minecraft.network.play.ServerPlayNetHandler/]: Dev lost connection: 连接中止
[12二月2026 17:21:41.647] [Server thread/INFO] [net.minecraft.server.MinecraftServer/]: Dev退出了游戏
[12二月2026 17:21:41.650] [Server thread/INFO] [net.minecraft.network.play.ServerPlayNetHandler/]: Stopping singleplayer server as player logged out
[12二月2026 17:21:41.691] [Server thread/INFO] [net.minecraft.server.MinecraftServer/]: Stopping server
[12二月2026 17:21:41.691] [Server thread/INFO] [net.minecraft.server.MinecraftServer/]: Saving players
[12二月2026 17:21:41.691] [Server thread/INFO] [net.minecraft.server.MinecraftServer/]: Saving worlds
[12二月2026 17:21:41.691] [Server thread/INFO] [net.minecraft.server.MinecraftServer/]: Saving chunks for level 'ServerLevel[新的世界]'/minecraft:overworld
[12二月2026 17:21:41.797] [Server thread/INFO] [net.minecraft.world.server.ChunkManager/]: ThreadedAnvilChunkStorage (新的世界): All chunks are saved
[12二月2026 17:21:41.797] [Server thread/INFO] [net.minecraft.server.MinecraftServer/]: Saving chunks for level 'ServerLevel[新的世界]'/minecraft:the_nether
[12二月2026 17:21:41.798] [Server thread/INFO] [net.minecraft.world.server.ChunkManager/]: ThreadedAnvilChunkStorage (DIM-1): All chunks are saved
[12二月2026 17:21:41.798] [Server thread/INFO] [net.minecraft.server.MinecraftServer/]: Saving chunks for level 'ServerLevel[新的世界]'/minecraft:the_end
[12二月2026 17:21:41.798] [Server thread/INFO] [net.minecraft.world.server.ChunkManager/]: ThreadedAnvilChunkStorage (DIM1): All chunks are saved
[12二月2026 17:21:41.798] [Server thread/INFO] [net.minecraft.server.MinecraftServer/]: Saving chunks for level 'ServerLevel[新的世界]'/lotr:middle_earth
[12二月2026 17:21:42.337] [Server thread/INFO] [net.minecraft.world.server.ChunkManager/]: ThreadedAnvilChunkStorage (middle_earth): All chunks are saved
[12二月2026 17:21:42.337] [Server thread/DEBUG] [net.minecraftforge.fml.FMLWorldPersistenceHook/WP]: Gathering id map for writing to world save 新的世界
[12二月2026 17:21:42.340] [Server thread/DEBUG] [net.minecraftforge.fml.FMLWorldPersistenceHook/WP]: ID Map collection complete 新的世界
[12二月2026 17:21:42.354] [Server thread/INFO] [net.minecraft.world.server.ChunkManager/]: ThreadedAnvilChunkStorage (新的世界): All chunks are saved
[12二月2026 17:21:42.366] [Server thread/INFO] [net.minecraft.world.server.ChunkManager/]: ThreadedAnvilChunkStorage (DIM-1): All chunks are saved
[12二月2026 17:21:42.366] [Server thread/INFO] [net.minecraft.world.server.ChunkManager/]: ThreadedAnvilChunkStorage (DIM1): All chunks are saved
[12二月2026 17:21:42.375] [Server thread/INFO] [net.minecraft.world.server.ChunkManager/]: ThreadedAnvilChunkStorage (middle_earth): All chunks are saved
[12二月2026 17:21:42.402] [Server thread/DEBUG] [net.minecraftforge.registries.GameData/REGISTRIES]: Reverting to FROZEN data state.
[12二月2026 17:21:42.402] [Server thread/DEBUG] [net.minecraftforge.registries.ForgeRegistry/REGISTRIES]: Registry minecraft:block Sync: ACTIVE -> FROZEN
[12二月2026 17:21:42.409] [Server thread/DEBUG] [net.minecraftforge.registries.ForgeRegistry/REGISTRIES]: Registry minecraft:fluid Sync: ACTIVE -> FROZEN
[12二月2026 17:21:42.409] [Server thread/DEBUG] [net.minecraftforge.registries.ForgeRegistry/REGISTRIES]: Registry minecraft:item Sync: ACTIVE -> FROZEN
[12二月2026 17:21:42.414] [Server thread/DEBUG] [net.minecraftforge.registries.ForgeRegistry/REGISTRIES]: Registry minecraft:mob_effect Sync: ACTIVE -> FROZEN
[12二月2026 17:21:42.414] [Server thread/DEBUG] [net.minecraftforge.registries.ForgeRegistry/REGISTRIES]: Registry minecraft:sound_event Sync: ACTIVE -> FROZEN
[12二月2026 17:21:42.416] [Server thread/DEBUG] [net.minecraftforge.registries.ForgeRegistry/REGISTRIES]: Registry minecraft:potion Sync: ACTIVE -> FROZEN
[12二月2026 17:21:42.416] [Server thread/DEBUG] [net.minecraftforge.registries.ForgeRegistry/REGISTRIES]: Registry minecraft:enchantment Sync: ACTIVE -> FROZEN
[12二月2026 17:21:42.416] [Server thread/DEBUG] [net.minecraftforge.registries.ForgeRegistry/REGISTRIES]: Registry minecraft:entity_type Sync: ACTIVE -> FROZEN
[12二月2026 17:21:42.417] [Server thread/DEBUG] [net.minecraftforge.registries.ForgeRegistry/REGISTRIES]: Registry minecraft:block_entity_type Sync: ACTIVE -> FROZEN
[12二月2026 17:21:42.417] [Server thread/DEBUG] [net.minecraftforge.registries.ForgeRegistry/REGISTRIES]: Registry minecraft:particle_type Sync: ACTIVE -> FROZEN
[12二月2026 17:21:42.417] [Server thread/DEBUG] [net.minecraftforge.registries.ForgeRegistry/REGISTRIES]: Registry minecraft:menu Sync: ACTIVE -> FROZEN
[12二月2026 17:21:42.417] [Server thread/DEBUG] [net.minecraftforge.registries.ForgeRegistry/REGISTRIES]: Registry minecraft:motive Sync: ACTIVE -> FROZEN
[12二月2026 17:21:42.417] [Server thread/DEBUG] [net.minecraftforge.registries.ForgeRegistry/REGISTRIES]: Registry minecraft:recipe_serializer Sync: ACTIVE -> FROZEN
[12二月2026 17:21:42.417] [Server thread/DEBUG] [net.minecraftforge.registries.ForgeRegistry/REGISTRIES]: Registry minecraft:attribute Sync: ACTIVE -> FROZEN
[12二月2026 17:21:42.418] [Server thread/DEBUG] [net.minecraftforge.registries.ForgeRegistry/REGISTRIES]: Registry minecraft:stat_type Sync: ACTIVE -> FROZEN
[12二月2026 17:21:42.418] [Server thread/DEBUG] [net.minecraftforge.registries.ForgeRegistry/REGISTRIES]: Registry minecraft:villager_profession Sync: ACTIVE -> FROZEN
[12二月2026 17:21:42.418] [Server thread/DEBUG] [net.minecraftforge.registries.ForgeRegistry/REGISTRIES]: Registry minecraft:point_of_interest_type Sync: ACTIVE -> FROZEN
[12二月2026 17:21:42.418] [Server thread/DEBUG] [net.minecraftforge.registries.ForgeRegistry/REGISTRIES]: Registry minecraft:memory_module_type Sync: ACTIVE -> FROZEN
[12二月2026 17:21:42.418] [Server thread/DEBUG] [net.minecraftforge.registries.ForgeRegistry/REGISTRIES]: Registry minecraft:sensor_type Sync: ACTIVE -> FROZEN
[12二月2026 17:21:42.418] [Server thread/DEBUG] [net.minecraftforge.registries.ForgeRegistry/REGISTRIES]: Registry minecraft:schedule Sync: ACTIVE -> FROZEN
[12二月2026 17:21:42.418] [Server thread/DEBUG] [net.minecraftforge.registries.ForgeRegistry/REGISTRIES]: Registry minecraft:activity Sync: ACTIVE -> FROZEN
[12二月2026 17:21:42.418] [Server thread/DEBUG] [net.minecraftforge.registries.ForgeRegistry/REGISTRIES]: Registry minecraft:worldgen/carver Sync: ACTIVE -> FROZEN
[12二月2026 17:21:42.418] [Server thread/DEBUG] [net.minecraftforge.registries.ForgeRegistry/REGISTRIES]: Registry minecraft:worldgen/surface_builder Sync: ACTIVE -> FROZEN
[12二月2026 17:21:42.418] [Server thread/DEBUG] [net.minecraftforge.registries.ForgeRegistry/REGISTRIES]: Registry minecraft:worldgen/feature Sync: ACTIVE -> FROZEN
[12二月2026 17:21:42.418] [Server thread/DEBUG] [net.minecraftforge.registries.ForgeRegistry/REGISTRIES]: Registry minecraft:worldgen/decorator Sync: ACTIVE -> FROZEN
[12二月2026 17:21:42.418] [Server thread/DEBUG] [net.minecraftforge.registries.ForgeRegistry/REGISTRIES]: Registry minecraft:chunk_status Sync: ACTIVE -> FROZEN
[12二月2026 17:21:42.418] [Server thread/DEBUG] [net.minecraftforge.registries.ForgeRegistry/REGISTRIES]: Registry minecraft:worldgen/structure_feature Sync: ACTIVE -> FROZEN
[12二月2026 17:21:42.418] [Server thread/DEBUG] [net.minecraftforge.registries.ForgeRegistry/REGISTRIES]: Registry minecraft:worldgen/block_state_provider_type Sync: ACTIVE -> FROZEN
[12二月2026 17:21:42.418] [Server thread/DEBUG] [net.minecraftforge.registries.ForgeRegistry/REGISTRIES]: Registry minecraft:worldgen/block_placer_type Sync: ACTIVE -> FROZEN
[12二月2026 17:21:42.419] [Server thread/DEBUG] [net.minecraftforge.registries.ForgeRegistry/REGISTRIES]: Registry minecraft:worldgen/foliage_placer_type Sync: ACTIVE -> FROZEN
[12二月2026 17:21:42.419] [Server thread/DEBUG] [net.minecraftforge.registries.ForgeRegistry/REGISTRIES]: Registry minecraft:worldgen/tree_decorator_type Sync: ACTIVE -> FROZEN
[12二月2026 17:21:42.419] [Server thread/DEBUG] [net.minecraftforge.registries.ForgeRegistry/REGISTRIES]: Registry minecraft:worldgen/biome Sync: ACTIVE -> FROZEN
[12二月2026 17:21:42.419] [Server thread/DEBUG] [net.minecraftforge.registries.ForgeRegistry/REGISTRIES]: Registry minecraft:data_serializers Sync: ACTIVE -> FROZEN
[12二月2026 17:21:42.419] [Server thread/DEBUG] [net.minecraftforge.registries.ForgeRegistry/REGISTRIES]: Registry forge:loot_modifier_serializers Sync: ACTIVE -> FROZEN
[12二月2026 17:21:42.419] [Server thread/DEBUG] [net.minecraftforge.registries.ForgeRegistry/REGISTRIES]: Registry forge:world_types Sync: ACTIVE -> FROZEN
[12二月2026 17:21:43.541] [Server thread/DEBUG] [net.minecraftforge.registries.ObjectHolderRegistry/REGISTRIES]: Applying holder lookups
[12二月2026 17:21:43.545] [Server thread/DEBUG] [net.minecraftforge.registries.ObjectHolderRegistry/REGISTRIES]: Holder lookups applied
[12二月2026 17:21:43.545] [Server thread/DEBUG] [net.minecraftforge.registries.GameData/REGISTRIES]: FROZEN state restored.
[12二月2026 17:21:43.545] [Server thread/DEBUG] [net.minecraftforge.fml.loading.FileUtils/CORE]: Found existing serverconfig directory : .\saves\新的世界\serverconfig
[12二月2026 17:21:43.546] [Server thread/DEBUG] [net.minecraftforge.fml.config.ConfigTracker/CONFIG]: Unloading configs type SERVER
[12二月2026 17:21:44.045] [Render thread/INFO] [net.minecraft.client.Minecraft/]: Stopping!
